Applicant_ID,Applicant_Income,Coapplicant_Income,Employment_Status,Age,Marital_Status,Dependents,Credit_Score,Existing_Loans,DTI_Ratio,Savings,Collateral_Value,Loan_Amount,Loan_Term,Loan_Purpose,Property_Area,Education_Level,Gender,Employer_Category,Loan_Approved
APP100000,8000,0,Salaried,32,Married,2.0,676.0,0,6.4,10400.0,137000.0,126000,240,Home,Semi-Urban,Graduate,Male,Private,1
APP100001,8000,3000,Business,35,Married,1.0,,0,90.0,28500.0,261000.0,313000,12,Home,Semi-Urban,Postgraduate,Male,Govt,0
APP100002,9500,0,Self-Employed,36,Married,1.0,765.0,0,10.5,12100.0,0.0,244000,240,Personal,Rural,Postgraduate,Female,Private,1
APP100003,8000,0,Self-Employed,36,Single,3.0,718.0,0,15.5,10600.0,0.0,54000,36,Business,Urban,Graduate,Male,Private,0
APP100004,8000,0,Salaried,31,Married,2.0,723.0,0,5.0,1100.0,0.0,50000,240,Personal,Semi-Urban,Graduate,Female,Private,0
APP100005,8000,0,Salaried,30,Single,1.0,658.0,0,7.4,20400.0,70000.0,61000,120,Home,Semi-Urban,Graduate,Male,Private,1
APP100006,8000,3000,Salaried,35,Married,0.0,704.0,0,5.8,5400.0,254000.0,227000,360,Home,Rural,Graduate,Female,Self,1
APP100007,8000,3100,Business,21,Single,2.0,892.0,1,7.7,13800.0,361000.0,284000,360,Home,Semi-Urban,Postgraduate,Female,Govt,1
APP100008,8000,6700,Self-Employed,21,Single,2.0,788.0,0,17.0,20300.0,332000.0,270000,120,Home,Semi-Urban,Postgraduate,Male,Private,1
APP100009,8000,0,Self-Employed,38,Single,0.0,696.0,2,10.3,9800.0,147000.0,151000,180,Home,Urban,Graduate,Male,Private,1
APP100010,8000,0,Salaried,39,Single,0.0,729.0,2,5.9,1100.0,20000.0,94000,180,Business,Semi-Urban,Graduate,Male,Private,1
APP100011,8000,0,Business,46,Single,0.0,670.0,2,32.4,33400.0,53000.0,136000,60,Personal,Rural,Graduate,Female,Govt,0
APP100012,8000,0,Business,35,Single,0.0,678.0,1,5.0,49300.0,11000.0,97000,360,Personal,Rural,Undergraduate,Male,Govt,1
APP100013,8000,3000,Salaried,26,Married,1.0,765.0,0,12.0,18300.0,153000.0,138000,120,Home,Semi-Urban,Graduate,Male,Private,1
APP100014,8000,0,Salaried,21,Married,0.0,626.0,0,29.0,3900.0,114000.0,123000,60,Home,Urban,Undergraduate,Male,Private,0
APP100015,8000,3000,Salaried,29,Married,3.0,660.0,1,5.0,27700.0,17000.0,79000,240,Personal,Rural,Undergraduate,Male,Self,1
APP100016,8000,0,Salaried,42,Married,2.0,548.0,1,46.5,6100.0,74000.0,231000,60,Business,Urban,Postgraduate,Male,Private,0
APP100017,8000,3000,Salaried,52,Married,0.0,741.0,1,68.0,7600.0,74000.0,307000,36,Personal,Urban,Postgraduate,Male,Self,0
APP100018,8000,3000,Salaried,38,Married,0.0,768.0,1,12.0,26800.0,145000.0,276000,180,Business,Semi-Urban,Graduate,Male,Private,1
APP100019,8000,0,Salaried,25,Married,0.0,710.0,3,9.1,15500.0,51000.0,157000,240,Business,Urban,Postgraduate,Female,Private,1
APP100020,8000,3000,Self-Employed,29,Married,0.0,634.0,3,14.1,800.0,320000.0,281000,180,Home,Rural,Graduate,Female,Private,0
APP100021,8000,0,Salaried,29,Married,0.0,660.0,2,10.2,10000.0,290000.0,235000,240,Home,Semi-Urban,Undergraduate,Male,Private,1
APP100022,8000,0,Salaried,33,Single,1.0,693.0,0,34.1,26500.0,45000.0,102000,36,Personal,Semi-Urban,Graduate,Female,Private,1
APP100023,8000,3000,Salaried,49,Married,3.0,746.0,4,9.8,2100.0,73000.0,162000,180,Education,Semi-Urban,Undergraduate,Female,Private,0
APP100024,8000,3000,Salaried,49,Single,3.0,765.0,1,17.3,21500.0,226000.0,258000,120,Home,Rural,Graduate,Female,Private,1
APP100025,8000,3000,Self-Employed,36,Married,2.0,542.0,1,5.7,1500.0,123000.0,236000,360,Education,Semi-Urban,Undergraduate,Male,Private,0
APP100026,8000,3000,Salaried,39,Single,1.0,,0,90.0,6500.0,121000.0,284000,12,Education,Urban,Graduate,Male,Govt,0
APP100027,8000,3000,Salaried,30,Single,2.0,711.0,1,21.1,13900.0,5000.0,158000,60,Business,Rural,Postgraduate,Male,Govt,1
APP100028,8000,0,Self-Employed,21,Single,1.0,551.0,1,5.0,6300.0,105000.0,108000,360,Home,Urban,Graduate,Female,Private,0
APP100029,8000,3000,Salaried,55,Single,0.0,762.0,0,5.9,26300.0,249000.0,221000,360,Home,Urban,Graduate,Male,Govt,1
APP100030,8000,0,Self-Employed,21,Married,1.0,655.0,0,5.0,2000.0,6000.0,76000,360,Personal,Semi-Urban,Postgraduate,Male,Self,1
APP100031,8000,3000,Salaried,21,Single,3.0,735.0,1,18.8,18300.0,22000.0,76000,36,Personal,Urban,Undergraduate,Male,Govt,1
APP100032,8000,0,Salaried,55,Single,0.0,683.0,0,6.2,8500.0,53000.0,95000,180,Personal,Rural,Graduate,Male,Private,1
APP100033,8000,0,Business,38,Single,0.0,671.0,0,6.9,3500.0,41000.0,78000,120,Business,Semi-Urban,Undergraduate,Male,Private,1
APP100034,8000,3000,Business,26,Single,0.0,574.0,1,5.0,12600.0,4000.0,68000,360,Personal,Rural,Postgraduate,Male,Govt,0
APP100035,8000,0,Business,44,Married,0.0,630.0,0,69.9,7600.0,52000.0,197000,36,Personal,Urban,Undergraduate,Male,Self,0
APP100036,8000,3000,Salaried,45,Single,0.0,669.0,0,26.4,35600.0,186000.0,209000,60,Home,Rural,Graduate,Male,Private,0
APP100037,8000,3000,Salaried,24,Married,0.0,666.0,0,10.1,14500.0,101000.0,243000,180,Education,Urban,Graduate,Female,Private,1
APP100038,8000,6300,Self-Employed,32,Married,3.0,713.0,4,16.8,12200.0,65000.0,142000,60,Personal,Urban,Undergraduate,Female,Self,0
APP100039,8000,0,Salaried,46,Married,2.0,,0,5.0,4100.0,48000.0,97000,240,Business,Urban,Graduate,Female,Govt,0
APP100040,8000,3000,Salaried,29,Single,3.0,669.0,1,5.0,9400.0,29000.0,82000,360,Business,Semi-Urban,Postgraduate,Female,Private,1
APP100041,8000,3000,Salaried,40,Married,0.0,815.0,0,13.5,4600.0,174000.0,329000,240,Personal,Urban,Graduate,Male,Self,1
APP100042,8000,0,Salaried,52,Married,0.0,753.0,0,5.9,7600.0,0.0,68000,120,Personal,Semi-Urban,Graduate,Male,Private,0
APP100043,8000,0,Business,21,Married,0.0,689.0,0,5.0,28200.0,84000.0,65000,360,Home,Urban,Postgraduate,Female,Private,1
APP100044,8000,0,Salaried,34,Single,3.0,516.0,4,48.4,6100.0,174000.0,166000,36,Home,Urban,Postgraduate,Male,Govt,0
APP100045,8000,3000,Self-Employed,40,Single,0.0,556.0,0,25.5,1900.0,193000.0,154000,60,Home,Semi-Urban,Postgraduate,Male,Self,0
APP100046,8000,0,Salaried,21,Married,1.0,729.0,1,15.9,13300.0,228000.0,218000,180,Home,Urban,Graduate,Male,Private,1
APP100047,8000,3000,Salaried,32,Married,0.0,738.0,1,63.2,17800.0,117000.0,286000,36,Education,Rural,Graduate,Male,Govt,1
APP100048,8000,3000,Salaried,48,Single,0.0,488.0,2,76.2,,360000.0,295000,36,Home,Semi-Urban,Graduate,Male,Private,0
APP100049,8000,0,Salaried,30,Single,0.0,734.0,1,21.2,19200.0,56000.0,189000,120,Personal,Rural,Graduate,Male,Self,1
APP100050,8000,0,Business,23,Single,,629.0,0,5.0,6200.0,31000.0,73000,360,Personal,Urban,Undergraduate,Male,Govt,1
APP100051,8000,4000,Self-Employed,49,Married,0.0,635.0,1,5.0,10500.0,0.0,90000,360,Personal,Rural,Undergraduate,Female,Self,0
APP100052,8000,0,Business,42,Single,0.0,728.0,4,5.0,12000.0,34000.0,60000,180,Education,Semi-Urban,Graduate,Male,Private,0
APP100053,8000,0,Business,37,Married,0.0,729.0,2,59.9,12500.0,206000.0,202000,36,Home,Rural,Undergraduate,Male,Private,0
APP100054,8000,3000,Self-Employed,37,Married,1.0,663.0,1,40.9,,123000.0,239000,60,Business,Urban,Graduate,Male,Private,0
APP100055,8000,3000,Business,48,Married,1.0,733.0,1,25.7,4600.0,347000.0,325000,120,Home,Semi-Urban,Postgraduate,Female,Self,0
APP100056,8000,3000,Salaried,40,Married,3.0,647.0,0,36.4,13100.0,32000.0,236000,60,Business,Rural,Graduate,Male,Private,1
APP100057,8000,0,Salaried,44,Single,1.0,600.0,1,37.8,24300.0,112000.0,96000,36,Home,Urban,Postgraduate,Male,Govt,0
APP100058,8000,0,Salaried,31,Married,0.0,793.0,0,5.0,4300.0,0.0,65000,240,Personal,Semi-Urban,Graduate,Male,Self,1
APP100059,8000,3000,Salaried,21,Married,1.0,799.0,0,6.6,5400.0,156000.0,163000,180,Home,Rural,Graduate,Male,Private,1
APP100060,8000,0,Salaried,44,Married,1.0,614.0,1,21.1,6400.0,99000.0,86000,60,Home,Semi-Urban,Graduate,Female,Private,1
APP100061,8000,0,Salaried,49,Married,2.0,631.0,0,8.0,7100.0,,169000,240,Education,Urban,Graduate,Female,Private,0
APP100062,8000,3000,Business,35,Married,3.0,760.0,0,5.0,19000.0,28000.0,91000,240,Personal,Semi-Urban,Graduate,Male,Private,1
APP100063,8000,0,Salaried,46,Married,2.0,617.0,0,16.2,3900.0,210000.0,196000,180,Home,Urban,Graduate,Male,Self,1
APP100064,8000,0,Salaried,34,Married,0.0,720.0,4,56.5,19200.0,32000.0,182000,36,Personal,Rural,Graduate,Female,Self,0
APP100065,8000,3000,Salaried,37,Single,0.0,571.0,2,7.9,33500.0,287000.0,260000,360,Home,Urban,Postgraduate,Male,Private,1
APP100066,8000,0,Salaried,55,Single,3.0,646.0,1,12.3,5500.0,74000.0,233000,240,Education,Urban,Graduate,Male,Private,1
APP100067,8000,3000,Business,35,Single,0.0,768.0,0,42.7,5300.0,75000.0,238000,60,Business,Urban,Postgraduate,Male,Private,1
APP100068,8000,3000,Salaried,34,Married,2.0,584.0,1,8.7,9500.0,18000.0,274000,240,Business,Semi-Urban,Graduate,Female,Private,1
APP100069,8000,0,Business,21,Single,3.0,619.0,1,6.7,4500.0,0.0,64000,120,Personal,Rural,Undergraduate,Male,Private,0
APP100070,9700,0,Self-Employed,44,Single,1.0,713.0,0,14.1,7400.0,327000.0,278000,240,Home,Urban,Undergraduate,Male,Private,1
APP100071,8000,0,Salaried,30,Single,1.0,486.0,4,5.4,1900.0,112000.0,90000,180,Home,Urban,Graduate,Female,Govt,0
APP100072,8000,3000,Salaried,39,Single,1.0,678.0,1,9.0,19100.0,0.0,196000,180,Business,Urban,Postgraduate,Male,Private,0
APP100073,8000,3000,Business,34,Married,0.0,752.0,4,10.7,42700.0,280000.0,319000,240,Home,Rural,Graduate,Male,Private,1
APP100074,8000,0,Self-Employed,33,Single,1.0,749.0,1,5.1,4100.0,0.0,82000,240,Business,Semi-Urban,Undergraduate,Female,Self,0
APP100075,8000,0,Self-Employed,36,Married,0.0,667.0,1,17.3,1600.0,31000.0,55000,36,Education,Urban,Postgraduate,Male,Private,0
APP100076,8000,3600,Self-Employed,37,Married,0.0,673.0,1,30.9,20400.0,67000.0,152000,36,Business,Semi-Urban,Graduate,Male,Govt,1
APP100077,8000,0,Salaried,49,Married,1.0,814.0,0,9.1,5300.0,41000.0,78000,120,Education,Urban,Graduate,Male,Private,1
APP100078,8000,3000,Salaried,53,Married,1.0,787.0,2,18.4,4200.0,5000.0,242000,120,Education,Semi-Urban,Graduate,Male,Self,1
APP100079,8000,3000,Salaried,44,Single,2.0,671.0,0,21.8,7200.0,27000.0,139000,60,Personal,Urban,Graduate,Male,Private,1
APP100080,8000,3000,Business,50,Married,2.0,615.0,1,5.0,2400.0,0.0,83000,240,Business,Rural,Postgraduate,Male,Private,0
APP100081,8000,0,Self-Employed,46,Married,0.0,757.0,0,47.7,13100.0,0.0,219000,60,Business,Rural,Graduate,Male,Private,0
APP100082,8000,3000,Salaried,42,Single,2.0,781.0,0,5.0,2300.0,0.0,79000,240,Personal,Rural,Graduate,Female,Private,0
APP100083,8000,3000,Salaried,52,Married,,796.0,1,6.2,2500.0,34000.0,138000,240,Personal,Semi-Urban,Graduate,Male,Self,1
APP100084,8000,3000,Salaried,24,Married,1.0,724.0,1,28.3,2400.0,52000.0,129000,36,Personal,Semi-Urban,Graduate,Male,Govt,1
APP100085,8000,0,Salaried,31,Single,2.0,631.0,2,5.0,9500.0,15000.0,53000,240,Personal,Urban,Graduate,Male,Private,1
APP100086,8000,0,Self-Employed,29,Single,0.0,497.0,4,5.0,1300.0,23000.0,80000,360,Business,Semi-Urban,Undergraduate,Female,Private,0
APP100087,8000,0,Self-Employed,34,Married,1.0,854.0,0,37.2,65400.0,80000.0,204000,60,Education,Semi-Urban,Graduate,Male,Govt,1
APP100088,8100,3000,Business,44,Single,1.0,824.0,0,5.0,5600.0,0.0,77000,360,Personal,Rural,Postgraduate,Male,Private,1
APP100089,8000,3000,Salaried,26,Married,2.0,602.0,1,5.0,1000.0,1000.0,72000,240,Personal,Urban,Graduate,Male,Private,0
APP100090,8000,3000,Salaried,43,Married,1.0,697.0,0,11.1,2800.0,0.0,233000,180,Personal,Rural,Graduate,Male,Private,1
APP100091,8000,0,Self-Employed,32,Married,2.0,644.0,2,18.7,14700.0,11000.0,65000,36,Business,Semi-Urban,Postgraduate,Male,Private,0
APP100092,8000,3000,Self-Employed,34,Married,0.0,,1,6.3,31200.0,66000.0,164000,240,Education,Urban,Graduate,Female,Private,1
APP100093,8000,0,Self-Employed,40,Single,2.0,643.0,0,5.0,9500.0,62000.0,50000,180,Home,Semi-Urban,Graduate,Male,Private,1
APP100094,8000,3000,Self-Employed,54,Single,1.0,726.0,2,5.9,8800.0,14000.0,162000,240,Education,Rural,Postgraduate,Male,Private,1
APP100095,8000,0,Salaried,30,Married,1.0,569.0,1,5.0,1800.0,131000.0,109000,360,Home,Rural,Graduate,Male,Private,0
APP100096,8000,5200,Salaried,37,Married,0.0,644.0,0,11.5,35900.0,0.0,273000,180,Education,Semi-Urban,Graduate,Female,Private,0
APP100097,8000,0,Salaried,27,Single,0.0,758.0,0,28.6,14100.0,30000.0,144000,60,Business,Urban,Postgraduate,Male,Private,1
APP100098,8000,0,Salaried,30,Married,0.0,486.0,2,51.1,11200.0,29000.0,178000,36,Personal,Rural,Postgraduate,Male,Self,0
APP100099,8000,3000,Salaried,27,Married,0.0,707.0,0,54.5,8200.0,0.0,313000,60,Business,Semi-Urban,Graduate,Male,Govt,0
APP100100,8000,0,Salaried,40,Single,0.0,598.0,4,7.3,13800.0,260000.0,201000,360,Home,Urban,Graduate,Male,Self,0
APP100101,8000,0,Self-Employed,42,Single,2.0,817.0,1,67.9,3600.0,0.0,227000,36,Business,Urban,Graduate,Male,Govt,0
APP100102,8000,3000,Salaried,44,Single,2.0,709.0,0,7.1,20700.0,4000.0,80000,120,Personal,Urban,Graduate,Male,Private,1
APP100103,8000,0,Salaried,30,Married,2.0,601.0,1,25.5,18100.0,272000.0,238000,120,Home,Urban,Postgraduate,Male,Private,1
APP100104,8000,3000,Business,43,Single,2.0,810.0,0,5.0,7300.0,0.0,151000,360,Personal,Rural,Undergraduate,Male,Private,1
APP100105,8000,0,Salaried,39,Married,0.0,,2,7.2,6200.0,30000.0,101000,180,Business,Urban,Undergraduate,Male,Govt,1
APP100106,8000,3000,Salaried,37,Married,1.0,683.0,1,5.2,900.0,206000.0,173000,360,Home,Urban,Graduate,Male,Self,1
APP100107,8000,3000,Self-Employed,25,Married,3.0,735.0,3,12.0,1400.0,112000.0,273000,240,Personal,Urban,Graduate,Male,Self,1
APP100108,8000,0,Salaried,39,Married,2.0,617.0,1,6.5,14000.0,15000.0,231000,360,Business,Semi-Urban,Postgraduate,Female,Private,1
APP100109,8000,3000,Salaried,39,Married,0.0,810.0,0,43.1,20000.0,273000.0,212000,36,Home,Urban,Graduate,Female,Private,1
APP100110,8000,3000,Salaried,39,Married,1.0,723.0,1,16.1,23600.0,0.0,107000,60,Personal,Urban,Undergraduate,Female,Self,0
APP100111,8000,0,Salaried,42,Married,0.0,614.0,1,28.6,2100.0,37000.0,89000,36,Education,Urban,Postgraduate,Female,Self,0
APP100112,8000,0,Business,44,Single,0.0,617.0,3,8.9,80300.0,155000.0,126000,180,Home,Semi-Urban,Undergraduate,Male,Private,0
APP100113,8000,3000,Business,27,Married,1.0,566.0,0,5.8,22000.0,0.0,163000,240,Personal,Urban,Graduate,Female,Private,0
APP100114,8000,0,Self-Employed,35,Married,2.0,699.0,1,22.5,4600.0,82000.0,94000,60,Home,Semi-Urban,Graduate,Male,Private,0
APP100115,8000,3800,Business,43,Married,1.0,664.0,0,63.7,9500.0,0.0,312000,36,Personal,Urban,Undergraduate,Male,Private,0
APP100116,8000,0,Business,35,Married,0.0,708.0,0,5.0,1500.0,93000.0,102000,240,Home,Urban,Postgraduate,Male,Private,1
APP100117,8000,0,Salaried,47,Single,1.0,518.0,1,31.6,4400.0,176000.0,162000,60,Home,Urban,Undergraduate,Male,Private,0
APP100118,8000,0,Business,38,Married,2.0,624.0,1,8.3,13900.0,38000.0,140000,180,Personal,Urban,Graduate,Female,Govt,1
APP100119,8000,3000,Salaried,21,Single,0.0,591.0,0,81.1,8600.0,0.0,310000,36,Education,Urban,Postgraduate,Male,Private,0
APP100120,8000,0,Business,46,Married,1.0,724.0,0,8.7,46300.0,203000.0,169000,240,Home,Urban,Postgraduate,Male,Private,1
APP100121,8000,0,Business,36,Married,0.0,625.0,0,8.4,1800.0,0.0,112000,180,Business,Urban,Graduate,Female,Self,0
APP100122,8000,0,Salaried,21,Single,1.0,714.0,1,7.4,7200.0,97000.0,171000,240,Business,Semi-Urban,Postgraduate,Male,Self,1
APP100123,8000,0,Salaried,35,Single,0.0,632.0,0,25.0,2600.0,46000.0,109000,60,Business,Urban,Postgraduate,Male,Private,0
APP100124,8000,0,Salaried,25,Married,2.0,818.0,1,12.3,37600.0,37000.0,65000,60,Personal,Rural,Graduate,Female,Private,1
APP100125,8000,3000,Salaried,45,Single,0.0,684.0,0,5.2,10600.0,99000.0,194000,360,Business,Rural,Graduate,Male,Govt,1
APP100126,8000,0,Business,37,Married,0.0,754.0,1,10.2,8200.0,48000.0,213000,240,Business,Rural,Postgraduate,Male,Private,1
APP100127,8000,3000,Business,28,Single,0.0,669.0,0,17.5,7100.0,0.0,306000,180,Education,Urban,Graduate,Male,Govt,0
APP100128,8000,3000,Salaried,46,Single,1.0,739.0,3,9.0,3400.0,219000.0,210000,240,Home,Rural,Undergraduate,Male,Private,1
APP100129,8000,0,Salaried,42,Single,2.0,602.0,1,58.3,26900.0,233000.0,182000,36,Home,Urban,Graduate,Female,Private,0
APP100130,8000,3000,Salaried,35,Single,0.0,668.0,1,6.7,9600.0,0.0,227000,360,Education,Urban,Graduate,Male,Private,1
APP100131,8000,3000,Salaried,25,Married,0.0,622.0,2,9.8,10400.0,43000.0,280000,240,Business,Urban,Undergraduate,Male,Govt,1
APP100132,8000,0,Salaried,29,Single,2.0,848.0,0,5.5,14500.0,39000.0,68000,180,Personal,Rural,Undergraduate,Male,Self,1
APP100133,8000,0,Salaried,29,Married,2.0,565.0,1,5.0,3400.0,,125000,360,Personal,Urban,Graduate,Male,Private,0
APP100134,8000,0,Business,45,Married,2.0,850.0,2,18.5,59600.0,89000.0,97000,60,Home,Rural,Undergraduate,Female,Govt,1
APP100135,8000,0,Salaried,21,Married,1.0,548.0,1,5.0,38900.0,46000.0,50000,240,Home,Urban,Graduate,Male,Govt,1
APP100136,8000,4000,Salaried,37,Married,2.0,746.0,0,6.0,7800.0,0.0,311000,360,Education,Rural,Graduate,Male,Private,0
APP100137,12800,0,Self-Employed,35,Single,,624.0,0,8.3,6000.0,70000.0,118000,120,Business,Rural,Graduate,Male,Govt,0
APP100138,8000,0,Salaried,48,Married,1.0,702.0,0,90.0,15400.0,0.0,110000,12,Education,Rural,Graduate,Female,Self,0
APP100139,8000,3000,Business,40,Married,2.0,656.0,1,13.3,24800.0,71000.0,295000,240,Business,Semi-Urban,Undergraduate,Female,Private,1
APP100140,8000,0,Business,43,Married,0.0,605.0,0,90.0,46600.0,158000.0,186000,12,Home,Rural,Postgraduate,Male,Self,0
APP100141,8000,3500,Salaried,32,Married,1.0,687.0,0,5.4,15400.0,6000.0,226000,360,Personal,Rural,Undergraduate,Male,Govt,1
APP100142,8000,3200,Salaried,25,Single,2.0,634.0,1,39.8,9300.0,20000.0,151000,36,Personal,Urban,Postgraduate,Male,Private,0
APP100143,8000,3000,Salaried,34,Married,1.0,715.0,2,6.6,9300.0,39000.0,202000,240,Business,Semi-Urban,Graduate,Female,Private,0
APP100144,8000,0,Salaried,45,Single,1.0,581.0,1,5.5,1200.0,53000.0,59000,120,Home,Semi-Urban,Postgraduate,Male,Private,0
APP100145,8000,3000,Salaried,45,Single,0.0,698.0,3,40.0,5300.0,239000.0,258000,60,Home,Urban,Undergraduate,Female,Private,1
APP100146,8000,3000,Self-Employed,33,Single,0.0,757.0,0,5.0,11600.0,137000.0,129000,360,Home,Rural,Postgraduate,Male,Self,1
APP100147,8000,0,Salaried,29,Married,0.0,662.0,1,6.5,800.0,2000.0,140000,240,Business,Urban,Undergraduate,Female,Private,0
APP100148,8000,3000,Salaried,27,Single,3.0,560.0,0,5.6,9700.0,103000.0,91000,120,Home,Semi-Urban,Undergraduate,Male,Private,0
APP100149,8000,3000,Salaried,36,Married,3.0,835.0,0,31.9,3600.0,290000.0,254000,60,Home,Urban,Graduate,Male,Self,1
APP100150,11600,3900,Business,39,Single,0.0,706.0,2,12.4,39200.0,37000.0,426000,240,Personal,Urban,Postgraduate,Male,Govt,1
APP100151,8000,3000,Salaried,52,Married,0.0,607.0,1,5.0,6100.0,107000.0,186000,360,Personal,Urban,Undergraduate,Male,Govt,1
APP100152,8000,3000,Salaried,39,Married,0.0,700.0,3,5.0,6200.0,0.0,88000,240,Business,Rural,Undergraduate,Female,Private,0
APP100153,8000,0,Salaried,44,Married,0.0,513.0,2,9.9,7100.0,0.0,229000,240,Business,Urban,Graduate,Female,Private,0
APP100154,8000,3000,Business,30,Single,0.0,785.0,0,24.0,8100.0,57000.0,184000,60,Personal,Rural,Postgraduate,Female,Private,1
APP100155,8000,0,Salaried,38,Married,0.0,855.0,2,5.0,17900.0,15000.0,63000,360,Business,Rural,Postgraduate,Male,Govt,1
APP100156,8000,0,Self-Employed,39,Married,2.0,746.0,1,5.0,5700.0,33000.0,84000,240,Personal,Semi-Urban,Graduate,Male,Private,1
APP100157,8000,0,Self-Employed,36,Married,2.0,589.0,0,5.3,8300.0,67000.0,71000,180,Home,Urban,Postgraduate,Female,Private,1
APP100158,8000,0,Salaried,37,Single,0.0,500.0,0,5.4,18000.0,47000.0,86000,180,Business,Urban,Graduate,Male,Private,0
APP100159,8000,0,Self-Employed,39,Single,1.0,786.0,2,5.0,8200.0,41000.0,78000,180,Personal,Semi-Urban,Graduate,Male,Private,1
APP100160,8000,0,Salaried,42,Married,1.0,666.0,0,8.8,15600.0,87000.0,225000,360,Education,Urban,Graduate,Male,Private,1
APP100161,8000,0,Self-Employed,49,Single,0.0,636.0,1,5.0,5200.0,42000.0,88000,240,Personal,Semi-Urban,Postgraduate,Male,Self,0
APP100162,8000,3000,Self-Employed,21,Married,2.0,784.0,0,5.0,11500.0,78000.0,183000,360,Education,Rural,Graduate,Male,Private,1
APP100163,8000,0,Salaried,49,Married,0.0,610.0,2,13.8,30000.0,196000.0,188000,180,Home,Urban,Graduate,Male,Self,1
APP100164,8000,0,Salaried,21,Single,0.0,732.0,2,9.1,14800.0,17000.0,178000,240,Personal,Semi-Urban,Graduate,Male,Private,1
APP100165,8900,3000,Business,41,Married,0.0,674.0,1,7.8,1200.0,0.0,345000,360,Business,Rural,Graduate,Female,Private,0
APP100166,8000,0,Salaried,61,Married,3.0,694.0,1,54.3,14100.0,124000.0,233000,60,Personal,Rural,Graduate,Male,Private,0
APP100167,8000,3000,Salaried,37,Married,1.0,818.0,1,19.3,2600.0,209000.0,217000,120,Home,Rural,Graduate,Male,Self,1
APP100168,8000,3000,Salaried,39,Married,1.0,627.0,1,10.2,3200.0,138000.0,265000,240,Business,Rural,Postgraduate,Male,Private,1
APP100169,8000,3000,Self-Employed,34,Married,2.0,611.0,2,5.0,13300.0,166000.0,168000,360,Home,Urban,Undergraduate,Female,Self,0
APP100170,8000,3000,Self-Employed,44,Married,0.0,637.0,3,90.0,3100.0,231000.0,179000,12,Home,Rural,Graduate,Male,Self,0
APP100171,8000,0,Salaried,41,Married,3.0,571.0,0,15.3,2700.0,62000.0,68000,60,Home,Rural,Graduate,Male,Govt,0
APP100172,8000,0,Salaried,31,Married,1.0,764.0,0,39.1,8100.0,178000.0,177000,60,Home,Semi-Urban,Postgraduate,Male,Govt,1
APP100173,8000,3000,Salaried,36,Married,1.0,752.0,0,10.8,4400.0,36000.0,137000,120,Education,Urban,Graduate,Male,Govt,1
APP100174,8000,3100,Self-Employed,26,Married,2.0,663.0,2,14.5,1600.0,0.0,88000,60,Personal,Semi-Urban,Undergraduate,Male,Private,0
APP100175,8000,0,Salaried,36,Married,1.0,588.0,1,5.2,14100.0,6000.0,67000,180,Business,Urban,Postgraduate,Female,Govt,0
APP100176,8000,3000,Self-Employed,33,Single,2.0,432.0,0,7.2,21700.0,23000.0,257000,360,Business,Urban,Graduate,Female,Self,0
APP100177,8000,0,Salaried,39,Married,2.0,604.0,0,5.7,20000.0,0.0,92000,240,Business,Semi-Urban,Graduate,Male,Govt,0
APP100178,8000,0,Business,30,Single,0.0,651.0,1,39.4,3300.0,94000.0,196000,60,Education,Semi-Urban,Postgraduate,Male,Private,0
APP100179,8000,0,Salaried,35,Single,0.0,509.0,0,6.9,12200.0,114000.0,222000,360,Personal,Semi-Urban,Graduate,Female,Govt,0
APP100180,8000,3000,Salaried,38,Single,0.0,900.0,0,5.7,4900.0,77000.0,156000,240,Business,Urban,Graduate,Male,Self,1
APP100181,8000,0,Salaried,38,Married,0.0,717.0,0,46.1,2300.0,70000.0,200000,60,Education,Rural,Graduate,Female,Private,0
APP100182,8000,3000,Business,40,Married,,712.0,2,13.8,3800.0,92000.0,179000,120,Personal,Urban,Undergraduate,Male,Self,1
APP100183,8000,3000,Business,36,Married,0.0,666.0,0,11.7,500.0,31000.0,270000,240,Education,Urban,Postgraduate,Female,Self,0
APP100184,8000,0,Salaried,30,Single,0.0,738.0,1,5.0,2800.0,38000.0,107000,240,Education,Semi-Urban,Graduate,Female,Private,1
APP100185,8700,0,Self-Employed,38,Married,2.0,628.0,3,17.3,1900.0,,247000,180,Personal,Urban,Postgraduate,Female,Private,0
APP100186,8000,3000,Business,36,Single,2.0,665.0,0,74.3,9900.0,54000.0,327000,36,Personal,Urban,Graduate,Female,Govt,0
APP100187,8000,0,Self-Employed,48,Single,0.0,798.0,1,5.0,,0.0,122000,360,Personal,Urban,Postgraduate,Male,Private,1
APP100188,8000,0,Salaried,49,Married,0.0,754.0,3,8.7,1500.0,19000.0,86000,120,Education,Rural,Graduate,Female,Private,0
APP100189,8000,0,Salaried,24,Married,0.0,679.0,0,11.2,18500.0,4000.0,180000,240,Personal,Semi-Urban,Postgraduate,Male,Govt,1
APP100190,8000,0,Salaried,44,Single,2.0,,4,8.9,4400.0,0.0,160000,240,Business,Urban,Undergraduate,Male,Govt,0
APP100191,8000,0,Business,46,Married,1.0,672.0,0,54.4,2800.0,68000.0,238000,60,Business,Urban,Graduate,Female,Private,0
APP100192,8000,0,Business,24,Married,3.0,634.0,0,34.7,1400.0,223000.0,204000,60,Home,Semi-Urban,Graduate,Female,Private,0
APP100193,8000,0,Self-Employed,43,Single,2.0,675.0,2,78.1,3600.0,176000.0,208000,36,Home,Rural,Graduate,Female,Private,0
APP100194,8000,0,Salaried,46,Married,2.0,699.0,1,37.7,7000.0,31000.0,187000,60,Personal,Semi-Urban,Graduate,Male,Private,0
APP100195,8000,3000,Salaried,28,Single,0.0,564.0,1,22.4,21900.0,0.0,159000,60,Education,Rural,Graduate,Female,Self,0
APP100196,8000,0,Self-Employed,35,Single,1.0,715.0,1,13.3,7300.0,282000.0,228000,240,Home,Semi-Urban,Undergraduate,Female,Private,1
APP100197,8000,0,Business,39,Single,3.0,862.0,1,8.5,5900.0,112000.0,137000,180,Home,Semi-Urban,Undergraduate,Male,Govt,1
APP100198,8000,3000,Business,43,Married,0.0,765.0,0,7.5,14500.0,65000.0,171000,180,Business,Rural,Graduate,Male,Self,1
APP100199,8000,0,Self-Employed,28,Married,1.0,739.0,0,5.0,9300.0,29000.0,85000,240,Personal,Rural,Postgraduate,Male,Self,1
APP100200,8000,0,Self-Employed,49,Married,0.0,715.0,1,5.0,1800.0,0.0,106000,360,Education,Rural,Postgraduate,Male,Govt,0
APP100201,8000,0,Salaried,21,Married,0.0,590.0,0,5.0,5200.0,0.0,50000,360,Education,Semi-Urban,Postgraduate,Female,Private,0
APP100202,8000,3000,Salaried,51,Married,2.0,574.0,2,37.2,4600.0,28000.0,240000,60,Personal,Rural,Graduate,Male,Private,0
APP100203,8000,0,Business,43,Married,1.0,670.0,3,10.9,7000.0,185000.0,164000,180,Home,Semi-Urban,Graduate,Female,Govt,1
APP100204,8000,0,Self-Employed,31,Married,2.0,641.0,0,41.6,5000.0,10000.0,125000,36,Personal,Rural,Graduate,Female,Self,0
APP100205,8000,3000,Salaried,46,Married,1.0,533.0,2,71.4,3600.0,330000.0,321000,36,Home,Urban,Graduate,Male,Private,0
APP100206,8000,3000,Salaried,27,Single,,648.0,0,8.8,35100.0,0.0,249000,240,Education,Semi-Urban,Undergraduate,Female,Self,0
APP100207,8000,3000,Self-Employed,39,Married,2.0,696.0,3,6.0,7700.0,118000.0,130000,180,Home,Rural,Undergraduate,Male,Private,1
APP100208,8000,3000,Salaried,40,Married,3.0,708.0,3,5.6,13100.0,1000.0,166000,240,Personal,Urban,Graduate,Female,Private,1
APP100209,8000,3000,Salaried,40,Single,3.0,597.0,1,12.7,7200.0,57000.0,202000,120,Personal,Semi-Urban,Graduate,Male,Govt,0
APP100210,8000,0,Salaried,29,Single,2.0,667.0,1,51.7,18300.0,0.0,153000,36,Education,Rural,Undergraduate,Female,Private,0
APP100211,8000,3000,Self-Employed,33,Married,1.0,701.0,2,5.0,7400.0,147000.0,139000,360,Home,Urban,Postgraduate,Male,Govt,1
APP100212,8000,0,Self-Employed,39,Married,0.0,541.0,3,39.5,21400.0,124000.0,96000,36,Home,Semi-Urban,Undergraduate,Male,Private,0
APP100213,8000,0,Salaried,30,Married,0.0,610.0,0,22.8,500.0,4000.0,105000,60,Personal,Semi-Urban,Graduate,Female,Private,0
APP100214,8000,0,Self-Employed,40,Single,0.0,678.0,0,47.8,9000.0,236000.0,233000,60,Home,Semi-Urban,Postgraduate,Male,Self,0
APP100215,8000,3000,Salaried,31,Single,0.0,598.0,0,5.0,10500.0,143000.0,161000,360,Home,Urban,Postgraduate,Male,Private,1
APP100216,8000,0,Salaried,48,Single,0.0,634.0,2,12.3,11000.0,0.0,120000,120,Personal,Urban,Undergraduate,Male,Self,0
APP100217,8000,3000,Self-Employed,53,Married,0.0,900.0,0,12.1,2700.0,0.0,256000,180,Personal,Urban,Graduate,Female,Private,1
APP100218,8000,3000,Self-Employed,35,Married,0.0,536.0,1,5.0,3900.0,91000.0,109000,240,Home,Urban,Graduate,Male,Self,0
APP100219,8000,0,Business,47,Married,1.0,808.0,0,8.0,2900.0,41000.0,171000,240,Education,Urban,Graduate,Male,Self,1
APP100220,8000,3000,Self-Employed,35,Single,0.0,694.0,2,5.6,13200.0,42000.0,242000,360,Business,Semi-Urban,Undergraduate,Male,Private,1
APP100221,8000,0,Self-Employed,28,Single,2.0,569.0,0,5.0,20000.0,5000.0,60000,180,Business,Semi-Urban,Undergraduate,Male,Self,0
APP100222,8000,0,Salaried,33,Single,0.0,709.0,4,5.0,1600.0,86000.0,84000,360,Home,Rural,Undergraduate,Male,Private,1
APP100223,8000,0,Salaried,38,Married,1.0,683.0,0,7.7,9900.0,30000.0,138000,240,Business,Urban,Undergraduate,Male,Self,1
APP100224,8000,3000,Salaried,21,Married,2.0,788.0,0,18.1,3400.0,0.0,287000,120,Personal,Semi-Urban,Graduate,Male,Private,0
APP100225,8000,3000,Salaried,44,Married,0.0,731.0,1,22.8,46500.0,33000.0,259000,120,Business,Urban,Graduate,Male,Private,1
APP100226,8000,0,Business,38,Single,,697.0,0,8.3,14200.0,11000.0,216000,360,Education,Rural,Graduate,Male,Private,1
APP100227,8000,0,Salaried,48,Single,1.0,644.0,1,9.8,5700.0,0.0,211000,240,Personal,Semi-Urban,Graduate,Female,Govt,0
APP100228,8000,0,Business,44,Married,0.0,769.0,2,6.3,7100.0,48000.0,146000,240,Personal,Rural,Undergraduate,Male,Private,1
APP100229,8000,0,Self-Employed,39,Married,0.0,636.0,1,9.5,29600.0,0.0,167000,240,Education,Urban,Undergraduate,Male,Self,0
APP100230,8000,0,Self-Employed,34,Married,2.0,521.0,4,14.0,8600.0,42000.0,225000,180,Personal,Semi-Urban,Graduate,Female,Private,0
APP100231,8000,0,Salaried,53,Married,1.0,501.0,1,40.0,1400.0,152000.0,190000,60,Home,Semi-Urban,Postgraduate,Male,Private,0
APP100232,8000,3000,Self-Employed,59,Single,0.0,536.0,4,10.1,37000.0,135000.0,160000,120,Home,Rural,Undergraduate,Female,Self,0
APP100233,8000,0,Salaried,34,Married,3.0,752.0,0,8.2,18300.0,46000.0,115000,180,Education,Semi-Urban,Graduate,Male,Self,1
APP100234,8000,0,Salaried,48,Single,2.0,631.0,2,90.0,4700.0,0.0,118000,12,Business,Semi-Urban,Graduate,Male,Private,0
APP100235,8000,3300,Self-Employed,30,Married,2.0,610.0,0,15.1,14800.0,49000.0,202000,120,Personal,Urban,Graduate,Male,Govt,0
APP100236,8000,0,Salaried,32,Single,2.0,632.0,1,7.0,4400.0,0.0,118000,240,Personal,Semi-Urban,Graduate,Female,Govt,0
APP100237,8000,0,Salaried,34,Married,2.0,746.0,1,18.1,4300.0,45000.0,84000,60,Personal,Urban,Postgraduate,Female,Self,1
APP100238,8000,3300,Self-Employed,44,Single,0.0,720.0,2,64.9,7200.0,192000.0,229000,36,Home,Urban,Graduate,Male,Self,0
APP100239,8000,0,Salaried,27,Married,1.0,686.0,1,7.6,14800.0,24000.0,215000,360,Education,Urban,Graduate,Male,Private,1
APP100240,8000,3000,Business,53,Married,2.0,626.0,0,8.0,13000.0,53000.0,196000,240,Personal,Rural,Undergraduate,Female,Private,1
APP100241,8000,3000,Business,47,Married,0.0,628.0,2,17.8,20700.0,10000.0,124000,60,Business,Urban,Postgraduate,Male,Self,0
APP100242,8000,0,Business,44,Married,0.0,652.0,2,6.5,13000.0,177000.0,204000,360,Home,Rural,Graduate,Male,Self,0
APP100243,8000,3000,Salaried,35,Married,0.0,599.0,0,9.4,34700.0,0.0,266000,240,Education,Rural,Undergraduate,Female,Self,0
APP100244,8000,0,Salaried,46,Married,0.0,654.0,2,15.9,45500.0,165000.0,182000,120,Home,Rural,Graduate,Female,Private,1
APP100245,8000,3000,Business,21,Single,0.0,586.0,1,16.7,11000.0,271000.0,244000,120,Home,Rural,Graduate,Male,Private,0
APP100246,8000,0,Salaried,42,Married,,696.0,2,39.4,5800.0,0.0,198000,60,Education,Rural,Undergraduate,Female,Private,0
APP100247,8000,0,Business,39,Single,2.0,723.0,0,6.7,6800.0,0.0,207000,360,Personal,Urban,Graduate,Female,Private,0
APP100248,8000,0,Business,21,Single,0.0,780.0,0,15.2,1200.0,218000.0,220000,180,Home,Urban,Undergraduate,Male,Self,1
APP100249,8000,0,Business,42,Married,2.0,695.0,1,11.4,8300.0,166000.0,165000,180,Home,Semi-Urban,Graduate,Male,Private,1
APP100250,8000,0,Salaried,43,Single,1.0,700.0,0,5.0,4400.0,5000.0,124000,360,Personal,Semi-Urban,Graduate,Male,Self,0
APP100251,8000,0,Salaried,21,Married,,596.0,1,64.9,4000.0,0.0,65000,12,Business,Urban,Postgraduate,Female,Private,0
APP100252,8000,0,Business,26,Married,0.0,667.0,1,69.5,7800.0,153000.0,187000,36,Home,Semi-Urban,Graduate,Female,Self,0
APP100253,8000,0,Salaried,58,Married,0.0,579.0,1,18.1,1000.0,6000.0,75000,60,Personal,Semi-Urban,Undergraduate,Male,Private,0
APP100254,8000,3000,Salaried,36,Single,2.0,518.0,1,90.0,6800.0,246000.0,295000,12,Home,Rural,Postgraduate,Female,Private,0
APP100255,8000,0,Self-Employed,47,Married,0.0,648.0,1,6.7,9900.0,38000.0,126000,240,Business,Semi-Urban,Undergraduate,Male,Private,1
APP100256,8000,3000,Business,49,Married,0.0,634.0,0,12.0,1700.0,81000.0,297000,240,Personal,Semi-Urban,Undergraduate,Male,Govt,1
APP100257,8000,3000,Self-Employed,41,Married,0.0,735.0,0,30.7,31400.0,51000.0,203000,60,Business,Semi-Urban,Graduate,Male,Self,1
APP100258,8000,0,Self-Employed,48,Single,3.0,577.0,2,40.6,12600.0,151000.0,135000,36,Home,Semi-Urban,Undergraduate,Male,Private,0
APP100259,8500,3000,Salaried,21,Married,2.0,,2,37.4,29500.0,5000.0,169000,36,Personal,Rural,Postgraduate,Female,Private,0
APP100260,8000,3000,Self-Employed,35,Single,1.0,636.0,0,5.0,12500.0,11000.0,82000,360,Personal,Urban,Postgraduate,Male,Self,1
APP100261,8000,3000,Business,21,Single,3.0,657.0,2,5.0,11600.0,75000.0,69000,240,Home,Semi-Urban,Undergraduate,Female,Self,1
APP100262,8000,0,Salaried,21,Single,0.0,628.0,0,9.2,37100.0,151000.0,146000,180,Home,Semi-Urban,Postgraduate,Male,Private,1
APP100263,8000,0,Salaried,32,Single,1.0,750.0,0,26.0,30200.0,81000.0,221000,120,Personal,Semi-Urban,Graduate,Male,Self,1
APP100264,8000,3000,Business,31,Single,0.0,660.0,0,17.8,56500.0,32000.0,221000,120,Personal,Urban,Postgraduate,Female,Govt,1
APP100265,8000,0,Self-Employed,38,Married,0.0,583.0,1,81.3,7200.0,261000.0,214000,36,Home,Urban,Graduate,Male,Govt,0
APP100266,8000,0,Self-Employed,37,Married,2.0,514.0,0,9.6,3700.0,76000.0,240000,360,Personal,Urban,Graduate,Male,Private,0
APP100267,8000,0,Self-Employed,39,Married,2.0,715.0,2,5.0,2500.0,66000.0,82000,240,Home,Urban,Postgraduate,Male,Private,1
APP100268,8000,3000,Salaried,39,Married,0.0,714.0,3,8.0,3000.0,225000.0,240000,240,Home,Rural,Graduate,Female,Private,1
APP100269,8000,3000,Salaried,41,Married,0.0,686.0,3,10.4,16000.0,68000.0,176000,180,Personal,Semi-Urban,Graduate,Male,Private,1
APP100270,8000,0,Business,28,Married,0.0,,0,7.3,123800.0,79000.0,88000,180,Home,Urban,Graduate,Male,Private,1
APP100271,8000,3000,Business,30,Married,2.0,627.0,3,17.5,36600.0,0.0,130000,60,Education,Urban,Postgraduate,Male,Self,0
APP100272,8000,3000,Business,37,Single,0.0,741.0,1,21.8,6800.0,,131000,60,Education,Urban,Graduate,Male,Private,1
APP100273,8000,3000,Business,37,Married,1.0,662.0,1,10.8,17400.0,19000.0,259000,180,Personal,Rural,Undergraduate,Female,Self,1
APP100274,8000,3000,Salaried,27,Single,2.0,757.0,3,32.8,4700.0,25000.0,160000,36,Education,Semi-Urban,Graduate,Male,Self,1
APP100275,8000,0,Salaried,48,Married,0.0,663.0,1,36.0,5000.0,21000.0,97000,36,Business,Rural,Graduate,Male,Private,0
APP100276,8000,0,Self-Employed,45,Single,2.0,659.0,1,13.7,2900.0,41000.0,218000,180,Education,Urban,Graduate,Male,Private,0
APP100277,8000,3000,Self-Employed,29,Single,0.0,705.0,1,5.0,3100.0,0.0,75000,360,Personal,Rural,Postgraduate,Male,Private,0
APP100278,8000,3000,Self-Employed,35,Married,1.0,797.0,1,6.6,14100.0,276000.0,260000,360,Home,Urban,Graduate,Female,Self,1
APP100279,8000,3000,Self-Employed,58,Married,2.0,761.0,3,90.0,35700.0,0.0,320000,12,Personal,Urban,Undergraduate,Male,Govt,0
APP100280,8000,0,Business,39,Married,1.0,659.0,2,49.1,23000.0,6000.0,168000,36,Personal,Urban,Undergraduate,Female,Private,0
APP100281,8000,0,Salaried,41,Married,0.0,638.0,1,12.2,34800.0,163000.0,153000,180,Home,Semi-Urban,Undergraduate,Male,Self,1
APP100282,8000,3000,Salaried,31,Single,3.0,571.0,0,5.0,17700.0,45000.0,82000,360,Education,Urban,Undergraduate,Male,Private,1
APP100283,8000,3000,Salaried,34,Single,0.0,742.0,0,5.2,7800.0,170000.0,199000,360,Home,Semi-Urban,Graduate,Female,Private,1
APP100284,8000,3000,Self-Employed,53,Married,1.0,519.0,0,5.0,4800.0,187000.0,161000,360,Home,Rural,Postgraduate,Male,Private,0
APP100285,8000,3800,Salaried,39,Married,0.0,833.0,0,8.5,14400.0,265000.0,291000,240,Home,Urban,Postgraduate,Female,Self,1
APP100286,8000,0,Salaried,37,Married,1.0,747.0,1,50.6,1500.0,7000.0,204000,60,Personal,Urban,Postgraduate,Female,Self,0
APP100287,8000,0,Salaried,38,Married,1.0,596.0,2,25.6,4400.0,0.0,80000,36,Personal,Rural,Undergraduate,Male,Private,0
APP100288,8000,0,Salaried,63,Single,1.0,790.0,0,90.0,3700.0,156000.0,148000,12,Home,Semi-Urban,Postgraduate,Male,Private,0
APP100289,8000,3000,Self-Employed,38,Married,0.0,713.0,2,11.7,28100.0,97000.0,293000,240,Education,Rural,Undergraduate,Female,Self,1
APP100290,8000,3000,Salaried,29,Married,1.0,714.0,1,90.0,2000.0,207000.0,231000,12,Home,Urban,Graduate,Male,Self,0
APP100291,8000,3000,Salaried,31,Married,0.0,655.0,0,8.4,20500.0,165000.0,193000,240,Home,Urban,Undergraduate,Male,Self,1
APP100292,8000,0,Business,45,Married,0.0,721.0,1,10.6,11900.0,112000.0,220000,240,Personal,Urban,Postgraduate,Male,Private,1
APP100293,8000,0,Salaried,23,Single,1.0,536.0,2,73.1,12100.0,80000.0,234000,36,Personal,Rural,Postgraduate,Male,Self,0
APP100294,8000,0,Salaried,42,Married,1.0,677.0,1,5.0,5100.0,99000.0,93000,360,Home,Rural,Graduate,Female,Private,1
APP100295,10400,3000,Salaried,30,Single,0.0,618.0,0,5.2,1900.0,159000.0,139000,180,Home,Rural,Undergraduate,Male,Govt,1
APP100296,8000,0,Self-Employed,21,Single,1.0,654.0,0,7.8,13400.0,106000.0,214000,360,Business,Semi-Urban,Undergraduate,Male,Private,0
APP100297,8000,0,Salaried,28,Married,1.0,617.0,0,5.0,19700.0,83000.0,95000,360,Home,Rural,Graduate,Male,Private,1
APP100298,8000,0,Self-Employed,38,Married,0.0,598.0,3,43.4,13300.0,215000.0,211000,60,Home,Semi-Urban,Postgraduate,Male,Self,0
APP100299,8000,3000,Salaried,51,Single,1.0,795.0,0,12.4,7000.0,43000.0,146000,120,Personal,Semi-Urban,Graduate,Male,Govt,1
APP100300,8000,3000,Salaried,47,Single,3.0,543.0,1,21.2,2600.0,0.0,71000,36,Personal,Rural,Undergraduate,Female,Self,0
APP100301,8000,0,Salaried,35,Single,1.0,692.0,3,7.3,4300.0,0.0,129000,240,Education,Urban,Graduate,Male,Private,0
APP100302,9500,3000,Salaried,47,Married,2.0,562.0,2,5.0,12700.0,31000.0,87000,180,Business,Urban,Graduate,Female,Private,0
APP100303,8000,0,Self-Employed,34,Single,0.0,798.0,0,5.0,3700.0,71000.0,88000,360,Home,Urban,Graduate,Female,Govt,1
APP100304,8000,0,Self-Employed,23,Married,2.0,702.0,2,29.8,3100.0,0.0,140000,60,Personal,Rural,Postgraduate,Male,Private,0
APP100305,8000,3000,Business,38,Single,1.0,545.0,1,5.0,1900.0,74000.0,76000,240,Home,Urban,Graduate,Male,Private,0
APP100306,8000,3000,Salaried,22,Single,1.0,710.0,0,5.0,13800.0,7000.0,75000,360,Personal,Urban,Postgraduate,Male,Private,1
APP100307,8000,0,Salaried,45,Married,2.0,609.0,1,5.0,13600.0,0.0,78000,240,Business,Rural,Undergraduate,Male,Private,0
APP100308,8000,3000,Self-Employed,46,Single,0.0,684.0,2,42.9,25700.0,85000.0,188000,36,Education,Urban,Undergraduate,Female,Private,0
APP100309,8000,3000,Salaried,29,Married,0.0,560.0,0,16.3,900.0,157000.0,323000,180,Personal,Urban,Graduate,Female,Self,0
APP100310,8000,3000,Salaried,39,Single,0.0,774.0,2,12.8,26200.0,44000.0,91000,60,Business,Semi-Urban,Undergraduate,Male,Private,1
APP100311,8000,3000,Salaried,39,Married,2.0,500.0,0,90.0,24700.0,260000.0,230000,12,Home,Rural,Postgraduate,Male,Private,0
APP100312,8000,0,Salaried,46,Single,2.0,599.0,1,16.7,27100.0,0.0,143000,120,Personal,Urban,Graduate,Female,Private,0
APP100313,8000,0,Business,25,Married,1.0,582.0,0,14.7,9100.0,34000.0,60000,60,Business,Semi-Urban,Graduate,Female,Self,0
APP100314,8000,3000,Business,43,Single,0.0,706.0,1,5.0,10100.0,0.0,75000,240,Personal,Urban,Graduate,Male,Private,0
APP100315,8000,0,Self-Employed,24,Married,1.0,635.0,0,10.7,10100.0,91000.0,91000,120,Home,Semi-Urban,Undergraduate,Male,Govt,1
APP100316,8000,0,Salaried,45,Married,0.0,663.0,0,8.8,3300.0,230000.0,179000,240,Home,Urban,Graduate,Male,Self,1
APP100317,8000,3000,Salaried,48,Married,0.0,622.0,0,90.0,3400.0,329000.0,320000,12,Home,Urban,Graduate,Female,Private,0
APP100318,8000,3000,Salaried,31,Single,0.0,540.0,2,90.0,10200.0,236000.0,213000,12,Home,Semi-Urban,Undergraduate,Male,Govt,0
APP100319,8000,0,Salaried,50,Married,1.0,659.0,0,48.1,6300.0,3000.0,57000,12,Personal,Rural,Postgraduate,Male,Self,0
APP100320,8000,3000,Salaried,22,Married,1.0,554.0,1,23.4,16600.0,128000.0,134000,60,Home,Semi-Urban,Undergraduate,Male,Private,0
APP100321,8000,3000,Self-Employed,48,Married,0.0,507.0,1,19.6,5700.0,348000.0,315000,120,Home,Rural,Postgraduate,Male,Private,0
APP100322,8000,3000,Self-Employed,52,Single,1.0,736.0,0,5.0,1900.0,,69000,240,Education,Semi-Urban,Graduate,Male,Private,0
APP100323,8000,3000,Salaried,41,Married,3.0,560.0,1,5.0,2000.0,55000.0,225000,360,Education,Urban,Undergraduate,Female,Self,1
APP100324,8000,0,Business,36,Married,0.0,803.0,1,7.1,3800.0,42000.0,82000,120,Personal,Urban,Graduate,Male,Private,1
APP100325,8000,3000,Self-Employed,41,Married,1.0,799.0,1,17.3,16700.0,6000.0,83000,36,Personal,Rural,Postgraduate,Male,Private,1
APP100326,8000,0,Self-Employed,31,Married,1.0,735.0,3,21.6,4800.0,110000.0,97000,60,Home,Semi-Urban,Postgraduate,Male,Govt,0
APP100327,8000,3000,Self-Employed,64,Married,3.0,577.0,0,9.0,10900.0,261000.0,313000,360,Home,Rural,Graduate,Male,Self,0
APP100328,8000,0,Salaried,32,Married,1.0,854.0,2,11.3,1500.0,174000.0,194000,240,Home,Urban,Undergraduate,Male,Private,1
APP100329,8000,3000,Salaried,51,Single,1.0,452.0,2,5.0,9500.0,44000.0,111000,240,Education,Urban,Graduate,Male,Private,0
APP100330,8000,0,Salaried,30,Single,2.0,600.0,0,23.6,8400.0,60000.0,61000,36,Home,Urban,Graduate,Male,Private,0
APP100331,8000,3000,Self-Employed,53,Married,0.0,746.0,1,48.6,26600.0,,196000,36,Personal,Urban,Undergraduate,Male,Private,1
APP100332,8000,3000,Salaried,58,Married,1.0,739.0,1,23.5,9500.0,94000.0,80000,36,Home,Urban,Postgraduate,Male,Self,0
APP100333,8000,3000,Salaried,41,Single,1.0,606.0,1,5.0,17400.0,92000.0,173000,360,Business,Semi-Urban,Postgraduate,Male,Private,1
APP100334,8000,0,Salaried,40,Married,1.0,601.0,1,34.1,56700.0,32000.0,202000,60,Education,Semi-Urban,Postgraduate,Female,Self,1
APP100335,8000,3000,Salaried,28,Single,0.0,660.0,0,8.1,8400.0,0.0,198000,240,Education,Urban,Undergraduate,Female,Private,0
APP100336,8000,0,Business,27,Married,0.0,664.0,1,17.3,37600.0,7000.0,220000,180,Personal,Urban,Graduate,Male,Self,0
APP100337,8000,3000,Self-Employed,40,Married,0.0,637.0,0,12.4,9200.0,40000.0,275000,180,Personal,Semi-Urban,Graduate,Male,Govt,1
APP100338,8000,0,Salaried,52,Married,2.0,821.0,1,29.9,,,155000,60,Personal,Semi-Urban,Graduate,Female,Private,0
APP100339,8000,3000,Salaried,32,Single,3.0,602.0,2,11.2,7300.0,0.0,275000,240,Business,Semi-Urban,Graduate,Male,Self,0
APP100340,8000,3000,Salaried,60,Married,0.0,811.0,0,71.0,4900.0,0.0,91000,12,Education,Semi-Urban,Postgraduate,Female,Self,0
APP100341,8000,3000,Salaried,31,Married,0.0,708.0,1,5.0,5100.0,26000.0,119000,360,Business,Rural,Graduate,Female,Private,1
APP100342,8000,3000,Salaried,40,Married,3.0,763.0,1,90.0,4600.0,45000.0,251000,12,Education,Semi-Urban,Graduate,Male,Private,0
APP100343,8000,0,Salaried,40,Single,1.0,545.0,0,18.6,6000.0,0.0,50000,36,Business,Rural,Graduate,Male,Govt,0
APP100344,8000,3000,Salaried,36,Single,2.0,764.0,1,5.0,16500.0,82000.0,67000,120,Home,Semi-Urban,Postgraduate,Female,Self,1
APP100345,8000,0,Self-Employed,21,Married,0.0,769.0,0,5.0,1500.0,136000.0,121000,360,Home,Urban,Undergraduate,Male,Private,1
APP100346,8000,3000,Self-Employed,31,Married,2.0,612.0,1,42.4,10800.0,161000.0,295000,60,Personal,Urban,Graduate,Male,Private,0
APP100347,8000,0,Salaried,39,Single,2.0,748.0,1,16.6,9100.0,253000.0,236000,180,Home,Semi-Urban,Postgraduate,Male,Govt,1
APP100348,8000,0,Salaried,37,Married,0.0,538.0,1,90.0,32400.0,193000.0,173000,12,Home,Semi-Urban,Graduate,Male,Self,0
APP100349,8000,0,Self-Employed,44,Married,0.0,637.0,0,72.0,5600.0,214000.0,230000,36,Home,Semi-Urban,Postgraduate,Female,Private,0
APP100350,8000,3000,Salaried,45,Married,0.0,785.0,0,10.2,25100.0,0.0,290000,240,Personal,Urban,Graduate,Female,Private,1
APP100351,8000,0,Business,35,Single,0.0,655.0,1,18.1,3400.0,,87000,60,Business,Semi-Urban,Graduate,Female,Private,0
APP100352,8000,3000,Self-Employed,28,Married,3.0,656.0,0,6.0,5100.0,1000.0,173000,240,Personal,Rural,Postgraduate,Male,Private,0
APP100353,8000,3000,Salaried,53,Single,0.0,806.0,0,7.5,12300.0,61000.0,231000,240,Business,Semi-Urban,Undergraduate,Male,Private,1
APP100354,8000,0,Salaried,24,Married,2.0,488.0,2,5.0,14900.0,0.0,77000,360,Personal,Semi-Urban,Graduate,Male,Self,0
APP100355,8000,3000,Self-Employed,32,Married,2.0,664.0,0,35.0,6200.0,163000.0,149000,36,Home,Rural,Undergraduate,Male,Self,0
APP100356,8000,0,Salaried,29,Single,0.0,666.0,1,13.0,10100.0,169000.0,193000,180,Home,Semi-Urban,Postgraduate,Male,Private,1
APP100357,8000,0,Self-Employed,45,Married,1.0,600.0,1,5.0,6900.0,12000.0,114000,360,Personal,Urban,Undergraduate,Female,Self,1
APP100358,8000,0,Business,51,Married,0.0,803.0,0,13.4,17900.0,241000.0,226000,240,Home,Rural,Graduate,Female,Private,1
APP100359,8000,3000,Self-Employed,36,Single,0.0,598.0,0,37.4,7000.0,146000.0,173000,36,Home,Urban,Graduate,Male,Private,0
APP100360,8000,0,Salaried,40,Single,3.0,591.0,1,6.6,6500.0,34000.0,90000,180,Education,Semi-Urban,Undergraduate,Male,Self,1
APP100361,8000,3000,Self-Employed,42,Single,0.0,457.0,0,5.0,21800.0,0.0,121000,360,Personal,Urban,Graduate,Male,Private,0
APP100362,8000,0,Salaried,56,Single,0.0,779.0,0,21.5,10000.0,54000.0,180000,120,Education,Urban,Graduate,Male,Private,1
APP100363,8000,0,Salaried,21,Single,2.0,650.0,0,5.0,15800.0,26000.0,119000,360,Business,Urban,Graduate,Female,Self,1
APP100364,8000,0,Business,45,Married,1.0,650.0,0,5.6,98600.0,0.0,94000,180,Personal,Urban,Undergraduate,Male,Govt,0
APP100365,8000,0,Salaried,41,Married,1.0,628.0,4,57.7,1100.0,0.0,181000,36,Personal,Urban,Graduate,Female,Self,0
APP100366,8000,3000,Business,34,Single,2.0,787.0,0,36.4,2900.0,49000.0,177000,36,Business,Urban,Undergraduate,Male,Self,1
APP100367,8000,0,Business,41,Married,0.0,817.0,1,90.0,3200.0,186000.0,210000,12,Home,Rural,Graduate,Male,Private,0
APP100368,8000,0,Salaried,45,Single,2.0,524.0,0,30.8,3500.0,26000.0,153000,60,Personal,Rural,Graduate,Female,Govt,0
APP100369,8000,3000,Salaried,43,Single,2.0,630.0,1,6.7,33600.0,72000.0,323000,360,Business,Rural,Graduate,Male,Private,1
APP100370,9500,3000,Salaried,59,Married,0.0,569.0,1,5.0,600.0,107000.0,187000,240,Personal,Rural,Graduate,Male,Govt,1
APP100371,8000,0,Salaried,39,Single,1.0,651.0,1,6.3,13100.0,0.0,102000,240,Personal,Semi-Urban,Postgraduate,Male,Private,0
APP100372,8000,3000,Salaried,38,Married,0.0,655.0,2,10.2,1700.0,0.0,236000,240,Education,Rural,Postgraduate,Male,Self,0
APP100373,8000,3000,Self-Employed,36,Married,0.0,525.0,0,17.9,8300.0,77000.0,253000,120,Personal,Semi-Urban,Graduate,Female,Private,0
APP100374,8000,0,Salaried,43,Single,1.0,713.0,0,10.7,10500.0,46000.0,51000,60,Home,Semi-Urban,Graduate,Male,Private,1
APP100375,8000,3000,Salaried,37,Married,1.0,607.0,4,6.3,20100.0,10000.0,243000,360,Business,Semi-Urban,Postgraduate,Female,Private,0
APP100376,8000,0,Business,38,Married,3.0,734.0,2,5.8,6200.0,48000.0,83000,180,Business,Urban,Undergraduate,Male,Private,1
APP100377,8000,0,Salaried,38,Married,1.0,682.0,0,14.9,6800.0,42000.0,232000,180,Business,Rural,Postgraduate,Male,Self,1
APP100378,8000,0,Business,36,Single,2.0,509.0,2,5.3,1000.0,5000.0,159000,360,Personal,Semi-Urban,Undergraduate,Female,Private,0
APP100379,8000,3000,Salaried,31,Single,0.0,727.0,1,6.5,79200.0,97000.0,99000,120,Home,Urban,Graduate,Male,Self,1
APP100380,8000,0,Salaried,42,Single,0.0,559.0,0,5.0,11000.0,49000.0,58000,360,Home,Urban,Undergraduate,Male,Private,1
APP100381,8000,0,Self-Employed,35,Single,3.0,553.0,2,6.5,12600.0,30000.0,217000,360,Business,Urban,Graduate,Male,Private,0
APP100382,8000,0,Self-Employed,44,Married,2.0,643.0,1,35.4,23700.0,20000.0,211000,60,Education,Rural,Graduate,Male,Private,0
APP100383,8000,3000,Business,39,Single,0.0,638.0,2,44.5,7600.0,186000.0,181000,36,Home,Rural,Undergraduate,Male,Private,0
APP100384,8000,0,Self-Employed,34,Single,1.0,522.0,0,5.0,12400.0,31000.0,65000,360,Personal,Urban,Undergraduate,Male,Private,0
APP100385,8000,0,Business,53,Married,0.0,650.0,2,11.2,16600.0,52000.0,123000,120,Education,Urban,Postgraduate,Male,Private,1
APP100386,8000,3000,Salaried,36,Married,1.0,671.0,0,90.0,1900.0,68000.0,267000,12,Personal,Urban,Graduate,Male,Self,0
APP100387,8000,3900,Salaried,44,Single,2.0,660.0,1,11.3,13800.0,19000.0,260000,180,Education,Rural,Graduate,Female,Private,1
APP100388,8000,0,Self-Employed,31,Single,2.0,528.0,0,9.5,64500.0,123000.0,214000,240,Personal,Urban,Graduate,Male,Self,1
APP100389,8000,3000,Business,21,Single,0.0,692.0,0,8.5,46500.0,53000.0,264000,240,Business,Rural,Undergraduate,Female,Govt,1
APP100390,8000,0,Business,32,Single,0.0,719.0,2,5.0,37500.0,104000.0,111000,360,Home,Semi-Urban,Graduate,Male,Private,1
APP100391,8000,0,Salaried,21,Married,0.0,558.0,0,5.0,54700.0,142000.0,113000,360,Home,Rural,Undergraduate,Male,Govt,1
APP100392,8000,0,Salaried,35,Single,2.0,559.0,3,6.1,2300.0,72000.0,172000,360,Education,Semi-Urban,Graduate,Female,Private,0
APP100393,8000,0,Self-Employed,52,Married,1.0,742.0,1,90.0,4800.0,,108000,12,Business,Semi-Urban,Undergraduate,Male,Self,0
APP100394,8000,3000,Salaried,28,Married,3.0,814.0,1,12.8,3300.0,32000.0,295000,240,Education,Semi-Urban,Undergraduate,Female,Govt,1
APP100395,8000,0,Business,21,Single,2.0,665.0,0,19.0,267000.0,18000.0,111000,60,Education,Rural,Graduate,Male,Private,1
APP100396,8000,0,Business,53,Married,0.0,631.0,1,28.2,10300.0,0.0,142000,60,Personal,Rural,Graduate,Male,Govt,0
APP100397,8000,0,Salaried,33,Single,,689.0,1,5.0,2000.0,0.0,56000,360,Education,Semi-Urban,Undergraduate,Male,Private,0
APP100398,8000,0,Self-Employed,37,Married,1.0,786.0,2,8.1,2700.0,6000.0,71000,120,Business,Semi-Urban,Postgraduate,Male,Self,1
APP100399,8000,3000,Self-Employed,45,Married,0.0,587.0,2,5.0,9000.0,0.0,101000,360,Business,Rural,Postgraduate,Female,Private,0
APP100400,8000,0,Salaried,43,Married,0.0,636.0,0,90.0,2100.0,29000.0,114000,12,Personal,Rural,Postgraduate,Male,Private,0
APP100401,8000,0,Business,45,Married,3.0,626.0,1,5.0,52500.0,0.0,70000,360,Personal,Semi-Urban,Graduate,Female,Private,0
APP100402,8000,3000,Salaried,47,Married,1.0,536.0,2,50.7,17900.0,229000.0,187000,36,Home,Urban,Undergraduate,Female,Self,0
APP100403,8000,3000,Business,21,Married,2.0,740.0,2,22.9,11100.0,72000.0,137000,60,Personal,Urban,Graduate,Male,Private,1
APP100404,8000,0,Salaried,23,Single,1.0,687.0,2,7.3,2800.0,4000.0,100000,180,Personal,Rural,Undergraduate,Male,Private,1
APP100405,8000,0,Business,49,Married,0.0,482.0,2,15.5,2200.0,0.0,134000,120,Education,Urban,Graduate,Female,Private,0
APP100406,8000,3000,Salaried,30,Married,2.0,670.0,1,14.3,11500.0,342000.0,291000,180,Home,Urban,Postgraduate,Female,Self,1
APP100407,8000,0,Salaried,31,Married,2.0,821.0,1,6.9,9300.0,38000.0,194000,360,Business,Urban,Graduate,Male,Private,1
APP100408,8000,3000,Business,25,Single,0.0,688.0,2,11.0,2200.0,61000.0,299000,240,Education,Semi-Urban,Graduate,Male,Private,0
APP100409,8000,0,Salaried,33,Married,0.0,808.0,2,54.8,7700.0,0.0,238000,60,Personal,Semi-Urban,Graduate,Male,Private,0
APP100410,8000,3000,Salaried,34,Single,1.0,629.0,0,9.1,7700.0,,69000,60,Home,Urban,Postgraduate,Female,Private,0
APP100411,8000,3000,Business,28,Single,0.0,750.0,2,17.0,17000.0,27000.0,249000,120,Education,Urban,Postgraduate,Male,Private,1
APP100412,8000,3000,Business,27,Married,2.0,774.0,3,5.6,66600.0,12000.0,98000,180,Business,Rural,Undergraduate,Female,Private,1
APP100413,8000,0,Self-Employed,41,Married,0.0,673.0,0,12.9,1000.0,105000.0,228000,240,Education,Rural,Graduate,Male,Private,1
APP100414,8000,0,Self-Employed,29,Single,2.0,642.0,0,21.0,18100.0,3000.0,92000,60,Personal,Urban,Postgraduate,Male,Private,0
APP100415,8000,3000,Salaried,31,Single,1.0,778.0,0,5.0,4000.0,,158000,240,Home,Urban,Undergraduate,Male,Private,1
APP100416,8000,3000,Salaried,21,Single,0.0,728.0,0,81.3,12400.0,0.0,324000,36,Education,Semi-Urban,Graduate,Male,Self,0
APP100417,8000,0,Salaried,57,Married,0.0,741.0,3,15.3,9200.0,0.0,215000,180,Business,Rural,Graduate,Male,Self,0
APP100418,8000,3000,Self-Employed,47,Married,0.0,717.0,0,5.0,13400.0,0.0,78000,240,Personal,Rural,Graduate,Male,Self,0
APP100419,8000,3000,Self-Employed,33,Married,0.0,664.0,1,11.4,2300.0,17000.0,78000,60,Business,Semi-Urban,Graduate,Male,Private,1
APP100420,8000,0,Self-Employed,29,Married,2.0,656.0,2,7.2,21400.0,40000.0,205000,360,Business,Rural,Graduate,Male,Private,1
APP100421,8000,0,Self-Employed,38,Married,0.0,632.0,2,5.0,8400.0,10000.0,62000,240,Business,Urban,Postgraduate,Male,Self,1
APP100422,8000,3000,Salaried,37,Single,1.0,716.0,0,12.5,32600.0,,291000,240,Business,Urban,Graduate,Female,Private,1
APP100423,8800,0,Salaried,25,Married,1.0,656.0,1,18.2,39800.0,209000.0,248000,180,Home,Semi-Urban,Postgraduate,Male,Private,1
APP100424,8000,0,Salaried,21,Single,0.0,702.0,0,5.0,10300.0,4000.0,53000,360,Business,Rural,Undergraduate,Male,Self,1
APP100425,8000,0,Salaried,32,Single,1.0,608.0,0,5.0,21800.0,95000.0,90000,240,Home,Semi-Urban,Postgraduate,Male,Private,1
APP100426,8000,0,Salaried,22,Married,2.0,603.0,0,5.0,20000.0,52000.0,52000,120,Home,Rural,Postgraduate,Female,Private,1
APP100427,8000,0,Business,39,Single,0.0,732.0,0,11.7,30900.0,50000.0,62000,60,Home,Rural,Graduate,Male,Govt,1
APP100428,8000,0,Salaried,39,Married,1.0,714.0,0,53.5,28700.0,129000.0,151000,36,Home,Semi-Urban,Undergraduate,Female,Govt,1
APP100429,8000,0,Salaried,28,Single,0.0,641.0,0,34.0,2500.0,54000.0,188000,60,Personal,Urban,Graduate,Female,Govt,1
APP100430,8000,0,Salaried,32,Married,0.0,803.0,0,5.0,10700.0,0.0,140000,360,Education,Urban,Postgraduate,Male,Self,0
APP100431,8000,0,Self-Employed,55,Married,0.0,590.0,2,13.0,2000.0,99000.0,122000,120,Home,Rural,Undergraduate,Male,Private,0
APP100432,8000,3000,Self-Employed,45,Single,0.0,711.0,1,5.0,4800.0,68000.0,121000,360,Education,Urban,Postgraduate,Female,Private,1
APP100433,8000,3000,Salaried,33,Married,2.0,713.0,1,17.3,5000.0,2000.0,128000,60,Education,Urban,Postgraduate,Male,Self,1
APP100434,8000,0,Salaried,60,Single,1.0,668.0,2,18.0,14500.0,0.0,160000,120,Personal,Rural,Graduate,Male,Private,0
APP100435,8000,0,Self-Employed,26,Married,0.0,793.0,0,5.9,6400.0,246000.0,212000,360,Home,Rural,Graduate,Female,Private,1
APP100436,8000,0,Salaried,29,Married,1.0,810.0,2,44.3,6900.0,161000.0,126000,36,Home,Urban,Undergraduate,Male,Private,0
APP100437,8000,3000,Business,36,Married,1.0,576.0,0,18.0,22000.0,391000.0,314000,180,Home,Rural,Graduate,Female,Self,1
APP100438,8000,3000,Self-Employed,22,Married,0.0,,0,5.0,19500.0,88000.0,80000,360,Home,Urban,Postgraduate,Male,Govt,0
APP100439,8000,3000,Salaried,55,Married,2.0,635.0,0,8.2,10700.0,17000.0,285000,360,Personal,Urban,Graduate,Female,Govt,1
APP100440,8000,0,Salaried,39,Single,0.0,591.0,0,5.0,17100.0,51000.0,113000,360,Education,Semi-Urban,Undergraduate,Male,Govt,1
APP100441,8000,3000,Business,30,Single,3.0,640.0,0,8.1,15500.0,356000.0,295000,360,Home,Rural,Graduate,Male,Private,1
APP100442,8000,0,Salaried,42,Single,0.0,819.0,3,11.6,57800.0,37000.0,225000,240,Education,Urban,Postgraduate,Male,Private,1
APP100443,8000,0,Salaried,39,Single,1.0,892.0,1,35.2,6600.0,79000.0,182000,60,Education,Urban,Postgraduate,Female,Private,1
APP100444,8000,0,Business,34,Married,3.0,586.0,1,5.7,3800.0,43000.0,116000,240,Business,Urban,Graduate,Male,Private,0
APP100445,8000,0,Business,25,Single,2.0,684.0,2,5.0,9900.0,123000.0,136000,360,Home,Rural,Graduate,Male,Private,1
APP100446,8000,0,Business,23,Married,0.0,682.0,2,11.5,3100.0,5000.0,154000,180,Business,Semi-Urban,Graduate,Male,Govt,1
APP100447,8000,0,Self-Employed,59,Single,1.0,711.0,0,30.0,5600.0,63000.0,137000,60,Personal,Semi-Urban,Graduate,Male,Govt,1
APP100448,8000,3000,Salaried,24,Married,0.0,548.0,1,12.0,12700.0,278000.0,275000,180,Home,Urban,Graduate,Male,Private,1
APP100449,8000,0,Salaried,54,Single,1.0,767.0,3,10.4,4900.0,12000.0,196000,240,Business,Semi-Urban,Graduate,Male,Self,1
APP100450,8000,3000,Self-Employed,29,Single,2.0,753.0,1,8.9,6500.0,41000.0,69000,60,Personal,Semi-Urban,Postgraduate,Male,Self,1
APP100451,8000,3000,Self-Employed,45,Single,1.0,628.0,1,5.0,6200.0,22000.0,106000,240,Personal,Rural,Graduate,Male,Self,0
APP100452,8000,0,Salaried,42,Single,0.0,774.0,2,6.7,5300.0,30000.0,118000,180,Education,Urban,Undergraduate,Male,Private,1
APP100453,8000,3000,Business,44,Single,1.0,542.0,1,9.7,2700.0,61000.0,244000,240,Personal,Rural,Postgraduate,Male,Private,0
APP100454,8000,0,Salaried,45,Single,0.0,495.0,4,7.7,22300.0,92000.0,92000,120,Home,Semi-Urban,Graduate,Female,Private,0
APP100455,8000,0,Salaried,21,Married,0.0,703.0,0,20.7,31900.0,136000.0,110000,60,Home,Urban,Graduate,Male,Private,1
APP100456,8000,0,Salaried,31,Married,1.0,702.0,2,6.5,21000.0,,137000,240,Business,Urban,Undergraduate,Male,Govt,1
APP100457,8000,0,Salaried,24,Married,1.0,657.0,1,12.3,20800.0,75000.0,161000,180,Business,Semi-Urban,Graduate,Male,Private,1
APP100458,8000,0,Salaried,39,Married,1.0,779.0,0,22.6,5300.0,256000.0,221000,120,Home,Rural,Postgraduate,Female,Private,1
APP100459,8000,3000,Salaried,24,Married,0.0,604.0,2,43.4,9700.0,0.0,278000,60,Personal,Semi-Urban,Postgraduate,Female,Private,0
APP100460,8000,3000,Salaried,21,Married,3.0,756.0,4,11.0,3700.0,70000.0,161000,120,Personal,Semi-Urban,Graduate,Female,Private,1
APP100461,8000,0,Self-Employed,35,Married,1.0,750.0,0,13.8,7100.0,161000.0,195000,180,Home,Urban,Undergraduate,Male,Govt,1
APP100462,8000,0,Self-Employed,21,Single,0.0,823.0,3,6.2,7700.0,31000.0,208000,360,Education,Urban,Graduate,Male,Private,1
APP100463,8000,3000,Self-Employed,40,Single,3.0,520.0,0,9.2,2000.0,13000.0,204000,240,Education,Semi-Urban,Graduate,Male,Govt,0
APP100464,8000,0,Business,25,Married,2.0,636.0,0,5.0,9200.0,54000.0,105000,360,Personal,Semi-Urban,Undergraduate,Male,Self,1
APP100465,8000,3000,Salaried,29,Married,0.0,598.0,0,18.3,4800.0,123000.0,315000,180,Business,Rural,Postgraduate,Male,Govt,1
APP100466,8000,3000,Salaried,21,Married,1.0,725.0,3,13.6,10600.0,407000.0,320000,180,Home,Urban,Undergraduate,Female,Private,1
APP100467,8000,0,Business,54,Married,1.0,805.0,2,19.6,6400.0,0.0,91000,60,Personal,Urban,Postgraduate,Female,Self,0
APP100468,8000,3000,Salaried,23,Single,0.0,646.0,0,11.0,11500.0,55000.0,273000,240,Personal,Urban,Postgraduate,Female,Private,0
APP100469,8000,3000,Business,34,Married,0.0,725.0,1,6.5,16300.0,25000.0,77000,120,Personal,Rural,Undergraduate,Male,Govt,1
APP100470,8000,0,Salaried,21,Married,1.0,809.0,0,5.0,2300.0,58000.0,50000,240,Home,Semi-Urban,Graduate,Female,Private,1
APP100471,8000,0,Business,29,Single,0.0,693.0,2,9.8,5900.0,0.0,116000,120,Personal,Urban,Undergraduate,Male,Govt,0
APP100472,8000,0,Salaried,55,Single,2.0,743.0,0,43.0,4200.0,33000.0,137000,36,Business,Urban,Postgraduate,Male,Private,0
APP100473,8000,0,Business,40,Married,0.0,501.0,0,29.1,26300.0,158000.0,153000,60,Home,Urban,Graduate,Female,Govt,0
APP100474,8000,0,Salaried,30,Single,3.0,804.0,2,5.0,44300.0,45000.0,121000,360,Education,Semi-Urban,Postgraduate,Male,Private,1
APP100475,8000,0,Business,37,Married,2.0,645.0,1,12.7,8500.0,0.0,73000,60,Business,Rural,Graduate,Male,Self,0
APP100476,8000,0,Salaried,32,Married,2.0,884.0,2,19.0,12100.0,,114000,60,Home,Rural,Postgraduate,Male,Private,1
APP100477,8000,3000,Self-Employed,37,Married,0.0,595.0,1,7.2,1900.0,116000.0,283000,360,Business,Semi-Urban,Postgraduate,Female,Private,0
APP100478,8000,3000,Business,45,Married,2.0,722.0,0,6.4,11000.0,160000.0,155000,240,Home,Urban,Undergraduate,Female,Private,1
APP100479,8000,0,Salaried,34,Married,1.0,746.0,1,50.2,6300.0,190000.0,162000,36,Home,Semi-Urban,Graduate,Male,Private,0
APP100480,8000,3000,Self-Employed,40,Married,1.0,454.0,0,66.9,31500.0,253000.0,246000,36,Home,Rural,Postgraduate,Female,Self,0
APP100481,8000,0,Self-Employed,40,Single,0.0,839.0,0,43.0,6500.0,181000.0,189000,60,Home,Urban,Graduate,Male,Govt,1
APP100482,8000,3000,Salaried,34,Single,2.0,730.0,2,9.5,3600.0,196000.0,195000,180,Home,Rural,Postgraduate,Male,Self,1
APP100483,8800,3000,Self-Employed,30,Married,0.0,529.0,2,5.0,2100.0,54000.0,106000,240,Personal,Rural,Postgraduate,Female,Private,0
APP100484,8000,0,Self-Employed,32,Married,1.0,697.0,2,42.6,9700.0,182000.0,221000,60,Home,Semi-Urban,Postgraduate,Female,Self,0
APP100485,8000,0,Business,44,Single,2.0,704.0,1,5.0,4700.0,48000.0,98000,360,Business,Semi-Urban,Undergraduate,Female,Private,1
APP100486,8000,0,Salaried,45,Married,1.0,643.0,3,40.6,27400.0,61000.0,113000,36,Personal,Semi-Urban,Undergraduate,Male,Private,0
APP100487,8000,3100,Salaried,26,Single,0.0,618.0,1,38.7,15300.0,0.0,273000,60,Education,Semi-Urban,Graduate,Female,Self,0
APP100488,8000,0,Business,35,Single,0.0,665.0,1,6.8,7300.0,0.0,195000,360,Education,Urban,Graduate,Male,Self,0
APP100489,8000,0,Business,30,Married,1.0,757.0,0,83.8,15200.0,27000.0,220000,36,Personal,Urban,Postgraduate,Female,Private,0
APP100490,8000,4100,Salaried,45,Married,0.0,737.0,2,5.0,46300.0,41000.0,82000,360,Education,Urban,Graduate,Male,Self,1
APP100491,8000,0,Self-Employed,33,Married,0.0,672.0,1,13.0,2500.0,262000.0,216000,240,Home,Rural,Graduate,Female,Govt,1
APP100492,8000,3000,Salaried,60,Married,0.0,,1,81.0,4300.0,85000.0,275000,36,Business,Semi-Urban,Postgraduate,Male,Govt,0
APP100493,8000,3200,Salaried,40,Married,2.0,668.0,0,12.0,56500.0,121000.0,208000,180,Education,Semi-Urban,Graduate,Male,Private,1
APP100494,8000,0,Salaried,49,Single,0.0,592.0,0,5.0,3800.0,100000.0,79000,180,Home,Rural,Graduate,Male,Private,0
APP100495,8000,0,Salaried,27,Married,3.0,674.0,0,6.3,15700.0,4000.0,153000,360,Personal,Urban,Undergraduate,Male,Self,1
APP100496,8000,0,Self-Employed,38,Married,1.0,613.0,0,7.9,26600.0,13000.0,85000,120,Personal,Semi-Urban,Graduate,Male,Private,0
APP100497,8000,4200,Salaried,44,Married,2.0,590.0,0,27.9,8000.0,353000.0,356000,120,Home,Semi-Urban,Graduate,Female,Govt,1
APP100498,8000,3100,Business,27,Married,0.0,446.0,2,65.9,16100.0,78000.0,255000,36,Business,Urban,Graduate,Male,Private,0
APP100499,8000,0,Business,38,Married,3.0,627.0,2,9.6,6000.0,1000.0,162000,240,Personal,Urban,Undergraduate,Male,Private,0
APP100500,8000,3000,Self-Employed,48,Married,0.0,734.0,2,50.8,49800.0,167000.0,281000,60,Personal,Rural,Undergraduate,Male,Private,0
APP100501,8000,0,Salaried,34,Married,0.0,782.0,1,59.9,5200.0,6000.0,150000,36,Education,Rural,Postgraduate,Male,Private,0
APP100502,8000,0,Salaried,29,Single,0.0,712.0,1,5.0,3100.0,8000.0,60000,360,Business,Urban,Graduate,Male,Govt,1
APP100503,8000,3000,Business,56,Married,0.0,547.0,2,17.9,19700.0,162000.0,134000,60,Home,Rural,Undergraduate,Male,Private,0
APP100504,8000,0,Self-Employed,26,Single,1.0,666.0,0,90.0,16500.0,138000.0,236000,36,Personal,Rural,Postgraduate,Male,Private,0
APP100505,8000,3000,Salaried,39,Married,2.0,576.0,0,9.5,9400.0,324000.0,291000,240,Home,Urban,Undergraduate,Male,Private,0
APP100506,8000,0,Business,30,Married,0.0,843.0,1,7.9,8400.0,46000.0,226000,360,Personal,Urban,Undergraduate,Male,Private,1
APP100507,8000,0,Business,28,Married,2.0,637.0,1,23.3,4900.0,61000.0,67000,36,Home,Urban,Graduate,Male,Govt,0
APP100508,8000,0,Business,45,Single,2.0,627.0,1,33.6,,93000.0,96000,36,Home,Semi-Urban,Graduate,Male,Private,0
APP100509,8000,0,Self-Employed,35,Married,3.0,763.0,0,22.7,4400.0,2000.0,60000,36,Business,Semi-Urban,Graduate,Male,Private,1
APP100510,8000,0,Self-Employed,42,Married,0.0,660.0,2,90.0,11100.0,9000.0,206000,12,Education,Urban,Graduate,Male,Govt,0
APP100511,8000,3000,Salaried,21,Married,0.0,768.0,1,5.0,6600.0,141000.0,112000,240,Home,Semi-Urban,Undergraduate,Female,Private,1
APP100512,8000,0,Business,43,Married,0.0,578.0,0,9.4,1800.0,36000.0,127000,180,Personal,Urban,Undergraduate,Female,Self,0
APP100513,8000,0,Business,30,Married,0.0,680.0,1,5.6,5300.0,56000.0,100000,240,Personal,Urban,Postgraduate,Female,Private,1
APP100514,8000,3000,Salaried,21,Single,1.0,709.0,2,15.4,6600.0,369000.0,312000,180,Home,Semi-Urban,Graduate,Male,Private,1
APP100515,8000,0,Salaried,56,Married,1.0,444.0,0,5.0,13500.0,195000.0,165000,360,Home,Urban,Graduate,Female,Private,0
APP100516,8000,0,Salaried,44,Single,0.0,618.0,0,12.7,10900.0,0.0,202000,180,Business,Semi-Urban,Graduate,Female,Private,0
APP100517,8000,6500,Business,40,Married,1.0,616.0,1,6.7,46900.0,92000.0,297000,360,Personal,Rural,Graduate,Female,Self,1
APP100518,8000,3000,Business,50,Single,0.0,668.0,2,13.5,3000.0,0.0,228000,180,Education,Urban,Graduate,Male,Self,0
APP100519,8400,3100,Salaried,40,Single,0.0,636.0,2,6.7,14100.0,0.0,175000,240,Business,Urban,Postgraduate,Male,Private,0
APP100520,8000,0,Self-Employed,30,Married,0.0,706.0,0,8.6,15300.0,0.0,94000,120,Personal,Urban,Graduate,Female,Private,0
APP100521,8000,0,Salaried,36,Single,1.0,650.0,1,10.0,10700.0,93000.0,115000,120,Home,Semi-Urban,Undergraduate,Male,Self,1
APP100522,8000,0,Business,31,Single,1.0,783.0,0,5.0,6000.0,88000.0,105000,360,Home,Semi-Urban,Graduate,Male,Govt,1
APP100523,8000,0,Business,32,Married,2.0,869.0,0,72.2,4100.0,66000.0,181000,36,Education,Semi-Urban,Undergraduate,Male,Self,0
APP100524,8000,3000,Business,25,Married,3.0,536.0,1,8.6,7800.0,35000.0,178000,180,Business,Semi-Urban,Postgraduate,Male,Self,0
APP100525,8000,3000,Salaried,28,Single,2.0,674.0,1,8.4,1400.0,270000.0,211000,240,Home,Urban,Graduate,Male,Govt,1
APP100526,8000,0,Salaried,46,Married,0.0,777.0,0,11.9,3200.0,230000.0,196000,240,Home,Urban,Undergraduate,Male,Self,1
APP100527,8000,0,Salaried,41,Married,0.0,616.0,0,5.9,3100.0,42000.0,99000,180,Business,Urban,Postgraduate,Male,Self,0
APP100528,8000,0,Salaried,32,Single,3.0,705.0,0,14.2,13400.0,163000.0,129000,120,Home,Semi-Urban,Postgraduate,Male,Self,1
APP100529,8000,0,Business,27,Married,2.0,629.0,2,36.0,15100.0,0.0,148000,60,Personal,Urban,Postgraduate,Male,Private,0
APP100530,8000,0,Business,33,Single,2.0,589.0,0,5.0,2800.0,59000.0,58000,360,Home,Rural,Graduate,Male,Private,0
APP100531,8000,0,Business,21,Single,2.0,588.0,0,7.3,2200.0,0.0,77000,120,Personal,Semi-Urban,Postgraduate,Male,Private,0
APP100532,8000,3000,Business,39,Single,0.0,433.0,3,5.0,1900.0,0.0,83000,240,Education,Urban,Undergraduate,Female,Private,0
APP100533,8000,3000,Self-Employed,47,Married,2.0,694.0,0,90.0,21500.0,325000.0,265000,12,Home,Semi-Urban,Graduate,Female,Private,0
APP100534,8000,0,Self-Employed,61,Married,0.0,700.0,0,19.5,20200.0,0.0,106000,60,Personal,Rural,Graduate,Male,Private,0
APP100535,8000,3000,Business,26,Married,0.0,594.0,0,11.3,,0.0,178000,120,Personal,Urban,Undergraduate,Male,Private,0
APP100536,8000,0,Business,47,Married,0.0,654.0,0,7.8,36400.0,84000.0,177000,240,Personal,Urban,Graduate,Male,Govt,1
APP100537,8000,3000,Salaried,30,Married,1.0,542.0,1,26.9,47900.0,9000.0,321000,120,Personal,Semi-Urban,Postgraduate,Female,Private,0
APP100538,8000,3000,Salaried,26,Married,1.0,727.0,0,90.0,3000.0,137000.0,280000,12,Personal,Semi-Urban,Postgraduate,Male,Govt,0
APP100539,8000,0,Salaried,26,Married,1.0,643.0,0,14.1,5500.0,7000.0,59000,60,Personal,Urban,Postgraduate,Male,Private,0
APP100540,8000,0,Business,39,Married,1.0,717.0,4,25.5,17700.0,20000.0,107000,60,Personal,Rural,Graduate,Male,Private,0
APP100541,8000,3000,Self-Employed,28,Single,1.0,651.0,0,10.1,500.0,34000.0,79000,60,Personal,Semi-Urban,Graduate,Male,Govt,1
APP100542,8000,0,Salaried,31,Single,0.0,583.0,1,12.7,6300.0,28000.0,60000,60,Personal,Rural,Graduate,Female,Self,0
APP100543,8000,3000,Self-Employed,33,Single,1.0,615.0,2,5.0,21200.0,13000.0,100000,240,Personal,Urban,Postgraduate,Female,Govt,1
APP100544,8000,0,Self-Employed,30,Single,2.0,791.0,3,12.3,5700.0,92000.0,110000,120,Home,Rural,Postgraduate,Male,Private,1
APP100545,8000,0,Salaried,29,Married,1.0,868.0,0,8.1,16800.0,114000.0,92000,120,Home,Urban,Postgraduate,Male,Self,1
APP100546,8100,3000,Salaried,21,Single,1.0,512.0,4,5.0,1100.0,184000.0,160000,360,Home,Urban,Postgraduate,Male,Self,0
APP100547,8000,0,Self-Employed,38,Single,1.0,753.0,1,22.4,10800.0,0.0,206000,120,Business,Rural,Graduate,Male,Govt,0
APP100548,8000,0,Salaried,38,Married,0.0,572.0,1,7.2,5100.0,33000.0,201000,360,Personal,Urban,Graduate,Male,Self,0
APP100549,8000,4300,Self-Employed,30,Married,1.0,603.0,1,27.0,6500.0,49000.0,177000,60,Personal,Rural,Undergraduate,Male,Self,0
APP100550,8000,0,Salaried,41,Married,0.0,698.0,0,15.0,3100.0,224000.0,175000,120,Home,Semi-Urban,Graduate,Male,Private,1
APP100551,8000,0,Business,51,Married,1.0,724.0,0,12.4,,112000.0,120000,120,Home,Rural,Graduate,Male,Private,1
APP100552,8000,0,Self-Employed,38,Married,1.0,606.0,1,9.7,8700.0,38000.0,122000,180,Business,Semi-Urban,Graduate,Female,Govt,0
APP100553,9700,0,Self-Employed,51,Married,0.0,734.0,0,14.8,9400.0,19000.0,216000,180,Business,Rural,Graduate,Male,Private,1
APP100554,8000,3000,Business,60,Single,1.0,770.0,2,21.5,63700.0,193000.0,167000,60,Home,Urban,Graduate,Female,Private,1
APP100555,8000,3000,Salaried,63,Married,,745.0,0,8.5,3200.0,0.0,211000,240,Personal,Semi-Urban,Undergraduate,Female,Self,1
APP100556,8000,0,Salaried,26,Married,0.0,577.0,2,5.0,9300.0,41000.0,70000,180,Education,Semi-Urban,Undergraduate,Male,Private,1
APP100557,8000,0,Salaried,26,Single,3.0,639.0,0,90.0,4100.0,143000.0,151000,12,Home,Rural,Undergraduate,Female,Private,0
APP100558,8000,0,Self-Employed,33,Married,3.0,758.0,0,12.9,3900.0,0.0,190000,180,Personal,Urban,Undergraduate,Male,Govt,0
APP100559,8000,0,Self-Employed,39,Single,2.0,803.0,2,10.7,11000.0,0.0,219000,240,Personal,Semi-Urban,Undergraduate,Male,Govt,0
APP100560,8000,3000,Self-Employed,53,Married,2.0,565.0,0,16.7,6100.0,54000.0,105000,60,Personal,Semi-Urban,Postgraduate,Male,Govt,0
APP100561,8000,3000,Salaried,44,Single,1.0,691.0,2,90.0,,144000.0,174000,12,Home,Urban,Graduate,Female,Govt,0
APP100562,8000,3000,Salaried,25,Married,1.0,730.0,2,5.7,48200.0,198000.0,194000,360,Home,Semi-Urban,Undergraduate,Male,Private,1
APP100563,8000,3000,Salaried,31,Married,3.0,554.0,0,7.1,6900.0,349000.0,305000,360,Home,Rural,Graduate,Male,Self,0
APP100564,8000,0,Salaried,37,Married,0.0,771.0,0,29.0,1700.0,109000.0,97000,36,Home,Urban,Graduate,Female,Private,1
APP100565,8000,3000,Self-Employed,23,Single,0.0,870.0,0,5.0,6100.0,59000.0,110000,360,Personal,Semi-Urban,Graduate,Male,Private,1
APP100566,8000,0,Salaried,38,Single,0.0,723.0,2,7.9,23100.0,70000.0,75000,120,Home,Rural,Postgraduate,Female,Private,1
APP100567,8000,0,Salaried,26,Married,2.0,714.0,2,5.0,3300.0,25000.0,78000,360,Education,Urban,Graduate,Female,Private,1
APP100568,8000,0,Business,21,Single,0.0,612.0,0,12.5,40300.0,0.0,215000,240,Education,Semi-Urban,Graduate,Female,Private,0
APP100569,8000,3000,Salaried,28,Married,0.0,635.0,0,6.4,14500.0,83000.0,230000,360,Personal,Semi-Urban,Graduate,Female,Private,1
APP100570,8000,0,Salaried,42,Single,2.0,621.0,0,6.7,2500.0,0.0,129000,240,Personal,Rural,Undergraduate,Female,Private,0
APP100571,8000,0,Self-Employed,42,Single,1.0,600.0,0,90.0,4200.0,122000.0,214000,12,Personal,Semi-Urban,Postgraduate,Male,Govt,0
APP100572,8000,0,Salaried,38,Married,1.0,626.0,4,42.7,4800.0,108000.0,105000,36,Home,Semi-Urban,Undergraduate,Female,Govt,0
APP100573,8000,0,Self-Employed,47,Married,0.0,707.0,0,17.5,3600.0,239000.0,226000,180,Home,Urban,Graduate,Male,Private,1
APP100574,8000,0,Business,46,Single,0.0,602.0,0,60.2,2600.0,236000.0,194000,36,Home,Semi-Urban,Graduate,Male,Self,0
APP100575,9700,0,Business,40,Single,0.0,632.0,2,5.0,4600.0,69000.0,63000,180,Home,Rural,Postgraduate,Male,Private,1
APP100576,8000,3000,Salaried,38,Single,1.0,700.0,1,5.0,5500.0,199000.0,188000,360,Home,Urban,Graduate,Female,Self,1
APP100577,8000,0,Business,39,Single,2.0,481.0,1,37.1,29700.0,198000.0,210000,60,Home,Urban,Postgraduate,Female,Private,0
APP100578,8000,0,Salaried,36,Married,2.0,765.0,0,8.4,12600.0,20000.0,124000,180,Personal,Rural,Undergraduate,Female,Private,1
APP100579,8000,3200,Salaried,21,Single,0.0,691.0,1,26.8,13300.0,0.0,333000,120,Business,Semi-Urban,Undergraduate,Male,Private,0
APP100580,8000,0,Salaried,49,Married,2.0,692.0,1,12.8,11500.0,244000.0,211000,240,Home,Semi-Urban,Undergraduate,Male,Self,1
APP100581,9100,0,Business,41,Single,0.0,784.0,0,47.7,3700.0,92000.0,219000,60,Business,Rural,Graduate,Male,Private,1
APP100582,8000,0,Salaried,25,Married,0.0,764.0,0,16.6,25500.0,70000.0,74000,60,Home,Rural,Graduate,Female,Private,1
APP100583,8000,3200,Salaried,52,Married,2.0,718.0,2,5.0,5200.0,29000.0,96000,360,Personal,Rural,Postgraduate,Female,Private,1
APP100584,8000,3000,Self-Employed,32,Married,0.0,705.0,0,6.0,5800.0,104000.0,235000,360,Personal,Rural,Graduate,Male,Private,1
APP100585,8000,3000,Salaried,36,Married,2.0,671.0,1,7.5,11800.0,93000.0,241000,240,Business,Semi-Urban,Graduate,Male,Self,1
APP100586,8000,3000,Salaried,48,Married,0.0,619.0,1,5.0,98700.0,113000.0,105000,240,Home,Rural,Graduate,Male,Private,1
APP100587,8000,0,Salaried,40,Single,0.0,585.0,1,17.5,4600.0,204000.0,212000,180,Home,Semi-Urban,Graduate,Male,Private,0
APP100588,8000,3200,Salaried,51,Single,1.0,706.0,1,10.8,1600.0,367000.0,302000,240,Home,Rural,Graduate,Female,Self,1
APP100589,8000,0,Salaried,34,Married,0.0,707.0,1,14.8,10800.0,56000.0,128000,120,Education,Rural,Graduate,Male,Private,1
APP100590,17000,0,Salaried,54,Single,0.0,676.0,2,50.8,,12000.0,350000,36,Business,Urban,Postgraduate,Male,Private,0
APP100591,8000,3000,Self-Employed,30,Single,1.0,559.0,0,15.4,5200.0,0.0,201000,120,Personal,Urban,Postgraduate,Male,Self,0
APP100592,8000,3000,Salaried,51,Married,0.0,433.0,1,9.8,4500.0,43000.0,75000,60,Personal,Urban,Postgraduate,Male,Private,0
APP100593,8000,0,Salaried,21,Married,2.0,677.0,1,7.6,2300.0,28000.0,65000,120,Personal,Rural,Postgraduate,Female,Private,0
APP100594,8000,0,Business,26,Single,2.0,506.0,1,35.8,11400.0,119000.0,198000,60,Business,Rural,Graduate,Male,Govt,0
APP100595,8000,3000,Salaried,40,Single,1.0,684.0,3,10.7,56600.0,46000.0,195000,180,Education,Semi-Urban,Graduate,Male,Govt,1
APP100596,8000,3000,Self-Employed,33,Married,0.0,847.0,1,14.8,44900.0,203000.0,227000,120,Home,Semi-Urban,Graduate,Male,Private,1
APP100597,8000,0,Salaried,37,Single,1.0,709.0,0,9.7,10900.0,0.0,166000,240,Business,Rural,Undergraduate,Female,Private,0
APP100598,8000,3000,Salaried,38,Married,2.0,624.0,2,8.4,5300.0,190000.0,166000,180,Home,Urban,Postgraduate,Female,Self,1
APP100599,8000,0,Salaried,26,Married,0.0,577.0,1,5.0,11900.0,68000.0,54000,360,Home,Urban,Graduate,Female,Self,0
APP100600,8000,3000,Salaried,26,Married,0.0,620.0,1,64.7,5900.0,235000.0,274000,36,Home,Semi-Urban,Graduate,Male,Self,0
APP100601,8000,3000,Salaried,40,Married,2.0,,1,7.7,4300.0,0.0,190000,240,Personal,Rural,Undergraduate,Male,Private,0
APP100602,8000,0,Salaried,31,Single,1.0,,0,5.0,9500.0,0.0,75000,240,Personal,Rural,Postgraduate,Male,Self,1
APP100603,8000,3000,Salaried,51,Single,1.0,684.0,1,5.0,29100.0,69000.0,72000,360,Home,Urban,Undergraduate,Female,Private,1
APP100604,8000,3000,Salaried,36,Married,0.0,653.0,0,5.9,6700.0,32000.0,71000,120,Personal,Urban,Graduate,Male,Private,1
APP100605,8000,0,Salaried,45,Married,2.0,724.0,2,5.3,6600.0,8000.0,54000,120,Personal,Semi-Urban,Graduate,Male,Private,1
APP100606,8000,0,Salaried,42,Single,0.0,796.0,2,19.4,6200.0,13000.0,78000,60,Business,Rural,Undergraduate,Female,Govt,1
APP100607,8000,3000,Salaried,31,Single,2.0,708.0,0,21.8,17900.0,0.0,127000,60,Personal,Semi-Urban,Postgraduate,Female,Govt,0
APP100608,8000,3000,Salaried,21,Single,0.0,697.0,0,6.0,19000.0,7000.0,131000,180,Personal,Semi-Urban,Postgraduate,Male,Self,1
APP100609,8000,3000,Self-Employed,49,Single,2.0,530.0,0,6.8,2800.0,139000.0,233000,360,Personal,Urban,Postgraduate,Male,Private,0
APP100610,8000,3000,Salaried,28,Married,0.0,541.0,2,16.5,6800.0,133000.0,130000,60,Home,Rural,Postgraduate,Male,Private,0
APP100611,8000,3000,Self-Employed,33,Single,1.0,545.0,0,39.8,24500.0,219000.0,244000,60,Home,Urban,Postgraduate,Female,Private,0
APP100612,8000,0,Self-Employed,36,Married,2.0,654.0,1,36.6,5800.0,0.0,206000,60,Education,Urban,Graduate,Female,Self,0
APP100613,8000,3000,Salaried,37,Married,0.0,604.0,0,50.5,32600.0,167000.0,168000,36,Home,Rural,Graduate,Male,Private,0
APP100614,8000,0,Business,47,Married,0.0,619.0,2,5.3,16100.0,156000.0,186000,360,Home,Rural,Undergraduate,Male,Private,1
APP100615,8000,3000,Business,38,Married,3.0,603.0,0,5.0,46900.0,13000.0,93000,360,Education,Semi-Urban,Graduate,Female,Govt,1
APP100616,8000,3000,Salaried,36,Single,0.0,603.0,1,11.7,5900.0,198000.0,153000,120,Home,Semi-Urban,Postgraduate,Female,Private,1
APP100617,8000,3000,Salaried,48,Single,2.0,513.0,0,38.5,16300.0,311000.0,246000,60,Home,Urban,Postgraduate,Male,Self,0
APP100618,8000,0,Business,44,Married,0.0,699.0,0,7.9,16900.0,0.0,227000,360,Education,Urban,Undergraduate,Male,Private,0
APP100619,8000,3000,Self-Employed,30,Married,1.0,743.0,0,90.0,23800.0,5000.0,229000,12,Personal,Urban,Graduate,Male,Private,0
APP100620,8000,0,Salaried,26,Married,0.0,678.0,1,5.0,11500.0,5000.0,118000,240,Business,Semi-Urban,Graduate,Male,Private,0
APP100621,8000,0,Salaried,29,Married,2.0,688.0,3,5.0,24700.0,0.0,108000,360,Personal,Urban,Undergraduate,Female,Self,0
APP100622,8000,3000,Salaried,37,Single,0.0,721.0,0,8.9,4300.0,70000.0,169000,180,Education,Rural,Undergraduate,Female,Private,1
APP100623,8000,0,Salaried,25,Single,1.0,710.0,1,90.0,7700.0,66000.0,173000,12,Education,Urban,Postgraduate,Female,Private,0
APP100624,8000,3000,Self-Employed,38,Single,0.0,756.0,0,24.5,1800.0,153000.0,152000,60,Home,Semi-Urban,Graduate,Male,Private,1
APP100625,8000,3000,Salaried,36,Single,1.0,779.0,1,5.1,6200.0,243000.0,190000,360,Home,Semi-Urban,Graduate,Female,Govt,1
APP100626,8000,3000,Salaried,21,Single,0.0,814.0,1,90.0,3500.0,143000.0,266000,12,Personal,Semi-Urban,Postgraduate,Male,Self,0
APP100627,8000,0,Self-Employed,23,Married,0.0,498.0,1,8.8,11300.0,50000.0,94000,120,Education,Urban,Undergraduate,Male,Self,0
APP100628,8000,3600,Salaried,21,Married,1.0,714.0,1,9.3,21700.0,0.0,269000,240,Personal,Rural,Undergraduate,Male,Self,0
APP100629,8000,0,Salaried,34,Married,0.0,555.0,2,6.1,14300.0,0.0,194000,360,Personal,Semi-Urban,Graduate,Male,Self,0
APP100630,8000,3000,Self-Employed,48,Married,2.0,806.0,0,16.4,17700.0,360000.0,294000,180,Home,Semi-Urban,Graduate,Female,Self,1
APP100631,8000,0,Business,21,Single,2.0,669.0,2,11.6,8900.0,0.0,53000,60,Personal,Semi-Urban,Graduate,Male,Private,0
APP100632,8000,0,Salaried,24,Married,1.0,696.0,1,5.0,7000.0,33000.0,70000,180,Education,Urban,Undergraduate,Male,Self,1
APP100633,8000,3000,Salaried,36,Married,0.0,690.0,0,49.5,2500.0,0.0,318000,60,Education,Semi-Urban,Postgraduate,Male,Private,0
APP100634,8000,0,Salaried,27,Married,1.0,698.0,0,17.4,1200.0,16000.0,72000,60,Personal,Semi-Urban,Graduate,Male,Govt,1
APP100635,8000,3000,Salaried,27,Single,0.0,812.0,2,5.6,1800.0,0.0,195000,360,Business,Rural,Graduate,Male,Private,1
APP100636,8000,3000,Salaried,43,Married,2.0,783.0,1,19.3,4200.0,14000.0,110000,60,Business,Rural,Postgraduate,Male,Self,1
APP100637,8000,0,Salaried,33,Single,0.0,816.0,1,90.0,20200.0,52000.0,204000,12,Business,Urban,Graduate,Female,Private,0
APP100638,8000,3000,Salaried,23,Single,0.0,662.0,0,6.0,2400.0,84000.0,91000,120,Home,Urban,Undergraduate,Male,Self,1
APP100639,8000,0,Salaried,21,Married,0.0,488.0,0,5.0,3600.0,52000.0,64000,180,Home,Urban,Undergraduate,Male,Govt,0
APP100640,8000,3000,Salaried,60,Married,3.0,723.0,3,8.0,5100.0,222000.0,199000,240,Home,Rural,Graduate,Male,Private,1
APP100641,8000,3000,Salaried,49,Single,2.0,555.0,3,5.0,29400.0,143000.0,129000,240,Home,Urban,Graduate,Female,Private,0
APP100642,8000,3000,Salaried,33,Married,0.0,639.0,1,10.1,7800.0,126000.0,241000,240,Education,Semi-Urban,Undergraduate,Male,Govt,1
APP100643,8000,0,Salaried,38,Single,3.0,666.0,1,8.2,9300.0,0.0,179000,240,Personal,Semi-Urban,Graduate,Male,Govt,0
APP100644,8000,3000,Salaried,33,Married,0.0,672.0,1,9.8,12200.0,107000.0,221000,240,Personal,Semi-Urban,Graduate,Male,Govt,1
APP100645,8000,3000,Business,43,Married,2.0,729.0,1,49.1,32700.0,0.0,286000,60,Business,Urban,Undergraduate,Male,Self,0
APP100646,8000,0,Self-Employed,29,Single,1.0,588.0,1,21.0,8800.0,107000.0,182000,120,Business,Urban,Undergraduate,Male,Govt,1
APP100647,8000,3000,Self-Employed,32,Single,2.0,712.0,3,5.0,1400.0,142000.0,116000,240,Home,Semi-Urban,Undergraduate,Female,Private,0
APP100648,8000,0,Self-Employed,42,Single,0.0,646.0,2,21.6,9200.0,21000.0,63000,36,Business,Urban,Graduate,Male,Govt,1
APP100649,8000,0,Salaried,52,Single,1.0,892.0,1,44.8,34200.0,102000.0,192000,60,Education,Urban,Graduate,Male,Private,1
APP100650,8000,0,Salaried,45,Single,1.0,536.0,0,22.3,15400.0,0.0,190000,120,Education,Urban,Graduate,Female,Private,0
APP100651,8000,0,Salaried,50,Single,0.0,659.0,4,12.3,10000.0,108000.0,211000,180,Personal,Semi-Urban,Graduate,Female,Private,0
APP100652,8000,3000,Self-Employed,34,Single,,727.0,1,5.6,11500.0,135000.0,119000,180,Home,Urban,Undergraduate,Male,Private,1
APP100653,8000,3000,Self-Employed,31,Married,2.0,618.0,3,5.0,1300.0,2000.0,125000,240,Business,Urban,Graduate,Male,Private,0
APP100654,8900,3000,Salaried,21,Married,1.0,620.0,1,9.4,1100.0,0.0,236000,180,Personal,Urban,Postgraduate,Male,Private,0
APP100655,8000,3000,Salaried,38,Single,1.0,799.0,0,5.0,19800.0,40000.0,107000,360,Business,Urban,Graduate,Male,Self,1
APP100656,8000,3000,Salaried,41,Married,0.0,747.0,1,11.3,29300.0,0.0,144000,120,Business,Semi-Urban,Graduate,Female,Govt,1
APP100657,8000,0,Salaried,34,Married,0.0,,2,14.7,4300.0,,204000,180,Personal,Urban,Undergraduate,Female,Private,0
APP100658,8000,0,Self-Employed,30,Married,2.0,546.0,0,90.0,9800.0,123000.0,112000,12,Home,Semi-Urban,Graduate,Female,Private,0
APP100659,8000,3000,Self-Employed,50,Married,2.0,716.0,2,5.8,15100.0,71000.0,69000,120,Home,Urban,Graduate,Male,Govt,0
APP100660,8000,5000,Salaried,44,Married,2.0,701.0,1,5.9,42600.0,298000.0,281000,360,Home,Rural,Graduate,Male,Private,1
APP100661,8000,3000,Business,51,Married,2.0,731.0,0,9.5,7500.0,91000.0,114000,120,Home,Urban,Graduate,Male,Private,1
APP100662,8000,3000,Self-Employed,28,Single,2.0,668.0,0,20.6,16900.0,0.0,118000,60,Business,Rural,Graduate,Female,Private,0
APP100663,8000,0,Salaried,30,Married,0.0,757.0,0,5.0,59500.0,44000.0,51000,180,Home,Rural,Graduate,Male,Private,1
APP100664,8000,0,Salaried,50,Married,0.0,824.0,0,57.9,6100.0,0.0,159000,36,Business,Semi-Urban,Postgraduate,Male,Self,0
APP100665,8000,3100,Salaried,37,Married,2.0,801.0,2,12.1,8600.0,99000.0,216000,180,Personal,Rural,Undergraduate,Female,Self,1
APP100666,8000,0,Salaried,32,Married,0.0,598.0,1,7.0,2700.0,61000.0,67000,120,Home,Urban,Postgraduate,Female,Self,1
APP100667,8000,3000,Salaried,33,Married,3.0,900.0,0,6.7,2800.0,34000.0,79000,120,Education,Urban,Graduate,Female,Private,1
APP100668,8000,0,Salaried,37,Single,2.0,739.0,0,6.2,19400.0,18000.0,142000,240,Education,Urban,Postgraduate,Male,Private,1
APP100669,8000,5300,Salaried,48,Married,1.0,551.0,0,9.2,26700.0,93000.0,329000,240,Education,Urban,Graduate,Female,Private,1
APP100670,8000,3000,Salaried,36,Single,0.0,695.0,3,28.2,25900.0,0.0,318000,120,Personal,Urban,Postgraduate,Female,Govt,0
APP100671,8000,0,Business,45,Married,1.0,692.0,1,5.0,2900.0,65000.0,62000,180,Home,Semi-Urban,Postgraduate,Male,Private,1
APP100672,8000,0,Salaried,42,Married,2.0,669.0,0,9.4,6600.0,107000.0,184000,240,Personal,Urban,Graduate,Male,Private,1
APP100673,8000,0,Salaried,29,Married,2.0,653.0,1,5.0,13100.0,44000.0,85000,240,Education,Urban,Undergraduate,Male,Private,1
APP100674,8000,3000,Salaried,29,Married,0.0,711.0,4,11.0,800.0,0.0,75000,60,Personal,Urban,Undergraduate,Female,Self,0
APP100675,8000,3300,Business,33,Single,2.0,727.0,2,13.4,12800.0,17000.0,159000,120,Business,Semi-Urban,Undergraduate,Male,Govt,0
APP100676,8000,3000,Salaried,24,Single,1.0,627.0,0,18.2,53100.0,260000.0,218000,120,Home,Rural,Graduate,Male,Private,1
APP100677,8000,0,Salaried,32,Single,0.0,615.0,2,38.2,25300.0,210000.0,163000,60,Home,Semi-Urban,Postgraduate,Male,Govt,0
APP100678,8000,3000,Business,53,Married,0.0,620.0,1,71.6,700.0,47000.0,79000,12,Personal,Semi-Urban,Undergraduate,Female,Private,0
APP100679,8000,0,Business,37,Married,1.0,664.0,0,56.0,12100.0,0.0,226000,60,Business,Urban,Graduate,Male,Govt,0
APP100680,8000,0,Business,30,Married,0.0,735.0,3,5.0,10100.0,0.0,58000,360,Education,Rural,Undergraduate,Male,Private,0
APP100681,8000,0,Salaried,57,Single,0.0,772.0,2,6.4,10600.0,88000.0,90000,180,Home,Urban,Graduate,Male,Private,1
APP100682,8000,0,Salaried,28,Married,0.0,652.0,1,12.6,9000.0,130000.0,131000,120,Home,Rural,Graduate,Female,Private,1
APP100683,8000,0,Self-Employed,28,Single,3.0,770.0,1,13.0,5800.0,216000.0,230000,240,Home,Semi-Urban,Undergraduate,Male,Private,1
APP100684,8000,3000,Business,50,Married,0.0,719.0,0,14.7,800.0,360000.0,328000,240,Home,Urban,Undergraduate,Male,Private,1
APP100685,8000,0,Self-Employed,44,Married,0.0,,2,6.2,11100.0,20000.0,50000,120,Education,Rural,Undergraduate,Female,Private,0
APP100686,8000,0,Self-Employed,36,Married,0.0,848.0,0,6.6,15200.0,53000.0,91000,180,Personal,Rural,Undergraduate,Male,Private,1
APP100687,8000,0,Salaried,46,Married,2.0,701.0,1,54.0,4700.0,149000.0,144000,36,Home,Semi-Urban,Graduate,Female,Private,0
APP100688,8000,3000,Self-Employed,41,Single,2.0,667.0,0,11.5,28500.0,207000.0,249000,180,Home,Urban,Graduate,Male,Self,1
APP100689,8000,0,Salaried,26,Married,2.0,755.0,0,16.0,1600.0,0.0,174000,120,Education,Semi-Urban,Undergraduate,Male,Private,1
APP100690,8000,0,Salaried,21,Single,1.0,537.0,4,10.6,1400.0,38000.0,96000,120,Business,Urban,Graduate,Male,Private,0
APP100691,8000,0,Salaried,32,Married,,652.0,1,8.0,8800.0,27000.0,86000,120,Education,Urban,Postgraduate,Male,Self,0
APP100692,8000,3000,Salaried,48,Single,1.0,687.0,2,5.0,4100.0,16000.0,70000,240,Business,Urban,Postgraduate,Female,Self,1
APP100693,8000,0,Salaried,33,Married,1.0,728.0,2,14.5,21400.0,53000.0,210000,180,Personal,Semi-Urban,Graduate,Male,Self,0
APP100694,8000,3000,Salaried,42,Single,0.0,669.0,4,14.8,5300.0,181000.0,166000,120,Home,Semi-Urban,Graduate,Female,Private,0
APP100695,8000,3000,Self-Employed,39,Single,1.0,531.0,4,90.0,31500.0,377000.0,294000,12,Home,Urban,Postgraduate,Male,Private,0
APP100696,8000,3000,Salaried,21,Single,0.0,592.0,1,5.1,3900.0,0.0,151000,240,Personal,Rural,Undergraduate,Male,Private,0
APP100697,8000,3000,Self-Employed,33,Married,2.0,617.0,3,5.7,9400.0,157000.0,266000,360,Personal,Urban,Postgraduate,Male,Private,1
APP100698,8000,3000,Salaried,41,Single,1.0,701.0,0,5.0,1100.0,39000.0,84000,240,Personal,Urban,Postgraduate,Female,Self,0
APP100699,8000,0,Salaried,30,Married,1.0,555.0,1,7.1,7700.0,0.0,204000,360,Personal,Semi-Urban,Graduate,Male,Private,0
APP100700,8000,0,Salaried,34,Married,,790.0,2,84.6,8700.0,0.0,219000,36,Personal,Rural,Graduate,Male,Self,0
APP100701,8000,0,Salaried,41,Married,2.0,,3,20.8,27200.0,113000.0,99000,60,Home,Rural,Graduate,Male,Private,0
APP100702,8000,0,Salaried,38,Married,1.0,697.0,1,6.1,1800.0,1000.0,75000,180,Business,Rural,Graduate,Male,Private,0
APP100703,8000,0,Salaried,48,Single,1.0,664.0,0,18.9,6100.0,41000.0,86000,60,Personal,Urban,Graduate,Male,Self,0
APP100704,8000,3000,Salaried,41,Married,0.0,542.0,1,90.0,34600.0,0.0,295000,12,Education,Rural,Graduate,Female,Self,0
APP100705,8000,3000,Business,28,Married,0.0,680.0,1,11.9,39600.0,0.0,142000,120,Personal,Rural,Graduate,Male,Self,0
APP100706,8000,0,Salaried,33,Single,0.0,739.0,1,22.6,3500.0,0.0,92000,60,Personal,Urban,Graduate,Female,Self,0
APP100707,8000,0,Business,38,Married,0.0,650.0,2,45.9,4100.0,199000.0,236000,60,Home,Semi-Urban,Graduate,Male,Private,0
APP100708,8000,0,Salaried,51,Single,2.0,760.0,2,5.6,1500.0,0.0,177000,360,Education,Semi-Urban,Postgraduate,Female,Private,0
APP100709,8000,3100,Self-Employed,33,Married,2.0,674.0,0,38.3,1000.0,304000.0,288000,60,Home,Semi-Urban,Postgraduate,Female,Self,0
APP100710,8000,3000,Self-Employed,21,Married,0.0,734.0,1,67.4,5500.0,4000.0,263000,36,Education,Rural,Graduate,Male,Private,0
APP100711,8000,3000,Self-Employed,42,Married,0.0,670.0,0,41.1,4300.0,152000.0,165000,36,Home,Urban,Undergraduate,Female,Private,1
APP100712,8000,3000,Salaried,30,Single,1.0,698.0,2,6.7,63700.0,237000.0,294000,360,Home,Semi-Urban,Graduate,Male,Private,1
APP100713,8000,0,Salaried,25,Single,1.0,758.0,0,9.1,11500.0,168000.0,161000,240,Home,Urban,Undergraduate,Female,Private,1
APP100714,8000,0,Salaried,38,Single,2.0,566.0,2,55.5,6600.0,25000.0,174000,36,Education,Semi-Urban,Graduate,Female,Govt,0
APP100715,8000,0,Business,47,Married,1.0,738.0,0,25.5,15600.0,10000.0,111000,60,Business,Rural,Undergraduate,Male,Private,0
APP100716,8000,3000,Business,32,Married,2.0,774.0,0,14.0,22700.0,286000.0,325000,240,Home,Urban,Graduate,Male,Govt,1
APP100717,8000,0,Business,42,Married,0.0,861.0,2,50.6,27300.0,0.0,212000,60,Education,Urban,Undergraduate,Male,Private,0
APP100718,8000,0,Salaried,44,Married,0.0,686.0,0,5.0,10500.0,65000.0,76000,360,Home,Rural,Graduate,Male,Self,1
APP100719,8000,3000,Self-Employed,45,Married,3.0,491.0,0,5.6,7900.0,16000.0,120000,180,Personal,Rural,Postgraduate,Male,Private,0
APP100720,8000,3000,Business,30,Single,0.0,511.0,1,40.4,9500.0,245000.0,264000,60,Home,Semi-Urban,Graduate,Male,Self,0
APP100721,8000,3000,Salaried,26,Married,0.0,600.0,0,5.0,7600.0,,73000,360,Home,Urban,Graduate,Male,Private,1
APP100722,8000,3200,Salaried,28,Married,0.0,795.0,0,11.2,4800.0,136000.0,157000,120,Home,Semi-Urban,Undergraduate,Female,Self,1
APP100723,8000,0,Self-Employed,45,Single,1.0,877.0,0,33.2,23000.0,0.0,150000,60,Business,Rural,Graduate,Male,Private,0
APP100724,8000,3000,Self-Employed,44,Single,0.0,643.0,0,8.9,6700.0,58000.0,120000,120,Personal,Rural,Undergraduate,Male,Govt,1
APP100725,8000,0,Business,28,Married,2.0,676.0,1,9.1,2900.0,233000.0,216000,240,Home,Urban,Graduate,Male,Self,1
APP100726,8200,0,Salaried,59,Married,3.0,447.0,0,42.2,8300.0,232000.0,224000,60,Home,Semi-Urban,Graduate,Male,Self,0
APP100727,8000,3000,Self-Employed,27,Married,2.0,730.0,1,26.6,16600.0,394000.0,319000,120,Home,Urban,Postgraduate,Male,Private,0
APP100728,8000,0,Salaried,47,Married,0.0,684.0,1,86.4,1900.0,64000.0,76000,12,Home,Urban,Graduate,Male,Self,0
APP100729,8000,3000,Salaried,53,Single,3.0,633.0,3,5.0,6200.0,1000.0,87000,360,Personal,Semi-Urban,Graduate,Female,Private,1
APP100730,8000,0,Salaried,39,Married,2.0,593.0,0,16.7,3600.0,41000.0,155000,120,Education,Urban,Undergraduate,Female,Self,0
APP100731,8000,3000,Business,30,Single,0.0,624.0,3,46.1,71900.0,58000.0,275000,60,Personal,Urban,Undergraduate,Male,Private,0
APP100732,8000,0,Self-Employed,30,Single,0.0,558.0,0,7.0,8900.0,108000.0,104000,180,Home,Semi-Urban,Undergraduate,Female,Private,0
APP100733,8000,0,Salaried,35,Single,1.0,586.0,2,5.0,38300.0,0.0,94000,240,Personal,Semi-Urban,Graduate,Male,Private,0
APP100734,8000,3000,Salaried,48,Married,2.0,565.0,0,5.0,10300.0,208000.0,203000,360,Home,Rural,Postgraduate,Female,Private,1
APP100735,8000,4100,Business,26,Married,0.0,556.0,4,12.7,11300.0,189000.0,213000,120,Home,Semi-Urban,Graduate,Female,Private,0
APP100736,8000,0,Salaried,21,Single,1.0,560.0,2,5.0,7600.0,19000.0,140000,360,Personal,Semi-Urban,Graduate,Male,Private,0
APP100737,8000,3000,Business,41,Married,3.0,731.0,0,9.8,6500.0,172000.0,173000,180,Home,Urban,Undergraduate,Male,Govt,1
APP100738,8000,0,Salaried,43,Married,0.0,576.0,0,52.5,7500.0,45000.0,188000,36,Personal,Urban,Graduate,Male,Private,0
APP100739,8000,0,Salaried,57,Married,0.0,667.0,1,5.9,4200.0,0.0,166000,360,Business,Semi-Urban,Graduate,Male,Private,0
APP100740,8000,0,Salaried,24,Married,3.0,573.0,1,8.6,8000.0,138000.0,142000,180,Home,Urban,Graduate,Female,Self,0
APP100741,8000,0,Salaried,36,Single,0.0,577.0,1,10.6,1600.0,0.0,186000,240,Business,Rural,Postgraduate,Male,Private,0
APP100742,8000,3000,Self-Employed,49,Married,3.0,573.0,1,5.0,9600.0,124000.0,135000,360,Home,Semi-Urban,Undergraduate,Female,Self,1
APP100743,8000,0,Salaried,39,Married,2.0,759.0,1,13.2,2400.0,246000.0,219000,180,Home,Urban,Postgraduate,Female,Self,1
APP100744,8000,3000,Salaried,36,Married,0.0,663.0,0,90.0,8900.0,64000.0,167000,12,Personal,Semi-Urban,Graduate,Male,Private,0
APP100745,8000,3000,Business,45,Married,0.0,612.0,0,5.0,11200.0,9000.0,152000,360,Personal,Rural,Undergraduate,Female,Self,0
APP100746,8000,0,Salaried,32,Single,0.0,589.0,0,33.5,33400.0,126000.0,152000,60,Home,Urban,Postgraduate,Female,Private,0
APP100747,8000,0,Salaried,46,Single,0.0,559.0,0,6.4,11100.0,0.0,100000,180,Personal,Urban,Graduate,Female,Govt,0
APP100748,8000,0,Business,25,Married,2.0,615.0,0,17.0,6200.0,,100000,60,Business,Rural,Graduate,Female,Private,0
APP100749,8000,0,Self-Employed,22,Married,1.0,542.0,1,15.4,,76000.0,63000,60,Home,Urban,Graduate,Female,Private,0
APP100750,8000,0,Salaried,35,Married,2.0,624.0,2,10.3,16600.0,81000.0,173000,240,Business,Urban,Graduate,Male,Self,0
APP100751,8000,3000,Business,21,Single,1.0,616.0,0,22.9,7300.0,2000.0,307000,120,Personal,Urban,Undergraduate,Female,Private,0
APP100752,9900,0,Self-Employed,38,Married,1.0,601.0,1,10.6,3800.0,0.0,222000,240,Business,Semi-Urban,Graduate,Male,Private,0
APP100753,8000,3000,Salaried,21,Single,3.0,791.0,0,6.1,9400.0,233000.0,216000,360,Home,Semi-Urban,Graduate,Female,Private,1
APP100754,8000,3300,Salaried,40,Married,2.0,634.0,3,19.7,1300.0,94000.0,261000,120,Personal,Semi-Urban,Undergraduate,Female,Private,0
APP100755,8000,0,Self-Employed,39,Single,3.0,655.0,1,16.4,8800.0,193000.0,234000,180,Home,Rural,Undergraduate,Male,Govt,1
APP100756,8000,0,Self-Employed,37,Married,0.0,787.0,1,6.2,3700.0,0.0,113000,240,Business,Rural,Postgraduate,Male,Private,0
APP100757,8000,0,Salaried,42,Single,2.0,549.0,1,7.4,5800.0,35000.0,131000,240,Personal,Rural,Graduate,Male,Self,0
APP100758,8000,3000,Business,40,Married,1.0,636.0,0,8.1,59500.0,44000.0,142000,180,Education,Semi-Urban,Graduate,Male,Self,1
APP100759,8500,0,Self-Employed,35,Single,3.0,540.0,0,5.5,5000.0,62000.0,54000,120,Home,Urban,Graduate,Male,Private,0
APP100760,8000,0,Salaried,56,Married,1.0,678.0,1,13.2,17900.0,15000.0,115000,120,Business,Rural,Graduate,Female,Private,1
APP100761,8000,3000,Salaried,41,Married,0.0,710.0,3,5.6,23100.0,47000.0,85000,120,Personal,Urban,Graduate,Female,Govt,1
APP100762,10000,3000,Salaried,45,Single,0.0,461.0,0,24.4,19000.0,203000.0,346000,120,Education,Rural,Postgraduate,Female,Private,1
APP100763,8000,3000,Self-Employed,48,Married,0.0,749.0,1,8.0,11700.0,0.0,255000,240,Education,Urban,Graduate,Male,Self,0
APP100764,8000,3000,Salaried,44,Single,0.0,699.0,1,39.2,2700.0,22000.0,146000,36,Business,Rural,Graduate,Female,Private,0
APP100765,8000,3000,Self-Employed,58,Single,1.0,675.0,1,5.0,4200.0,195000.0,153000,360,Home,Rural,Graduate,Female,Private,1
APP100766,8000,0,Self-Employed,39,Married,2.0,560.0,1,9.7,2500.0,136000.0,157000,240,Home,Urban,Postgraduate,Male,Self,0
APP100767,8000,0,Business,37,Married,0.0,749.0,0,40.6,5700.0,0.0,201000,60,Business,Urban,Postgraduate,Male,Self,0
APP100768,8000,0,Salaried,31,Married,0.0,823.0,1,90.0,5800.0,,186000,12,Education,Urban,Postgraduate,Male,Private,0
APP100769,8000,0,Business,35,Married,2.0,643.0,0,5.0,,49000.0,54000,240,Home,Semi-Urban,Graduate,Female,Govt,1
APP100770,8000,0,Salaried,30,Married,0.0,,1,10.0,14000.0,172000.0,199000,240,Home,Urban,Graduate,Male,Govt,1
APP100771,8000,3000,Business,44,Single,3.0,682.0,0,8.4,4900.0,101000.0,299000,360,Business,Semi-Urban,Graduate,Female,Govt,1
APP100772,8000,0,Salaried,28,Married,0.0,644.0,0,11.8,5600.0,74000.0,65000,60,Home,Urban,Graduate,Male,Private,1
APP100773,8000,0,Salaried,38,Married,1.0,663.0,0,59.1,1700.0,0.0,196000,36,Personal,Urban,Undergraduate,Female,Govt,0
APP100774,8000,3000,Self-Employed,43,Married,0.0,756.0,2,5.0,8700.0,36000.0,132000,360,Business,Semi-Urban,Undergraduate,Male,Self,1
APP100775,8000,3000,Salaried,39,Married,3.0,674.0,0,15.1,7400.0,121000.0,112000,60,Home,Semi-Urban,Postgraduate,Male,Self,1
APP100776,8000,0,Salaried,29,Married,2.0,706.0,0,9.3,4400.0,26000.0,152000,240,Business,Urban,Undergraduate,Male,Private,1
APP100777,8000,3000,Self-Employed,44,Single,2.0,862.0,0,46.3,11900.0,0.0,212000,36,Education,Semi-Urban,Postgraduate,Male,Private,0
APP100778,8000,0,Self-Employed,37,Single,0.0,811.0,0,6.9,9100.0,33000.0,138000,240,Personal,Rural,Graduate,Female,Private,1
APP100779,8000,3000,Self-Employed,21,Married,3.0,577.0,1,73.8,14600.0,92000.0,304000,36,Education,Urban,Undergraduate,Male,Self,0
APP100780,8000,0,Self-Employed,28,Single,3.0,820.0,2,5.0,15300.0,22000.0,94000,240,Personal,Urban,Graduate,Female,Self,1
APP100781,8000,0,Salaried,52,Married,1.0,771.0,4,9.6,16600.0,200000.0,164000,180,Home,Rural,Postgraduate,Male,Govt,1
APP100782,8000,3000,Salaried,52,Single,1.0,790.0,3,5.1,43000.0,224000.0,174000,360,Home,Urban,Graduate,Male,Govt,1
APP100783,8000,3000,Salaried,43,Single,3.0,623.0,0,90.0,9200.0,9000.0,297000,12,Business,Urban,Graduate,Male,Self,0
APP100784,8000,3000,Salaried,45,Single,1.0,699.0,0,18.0,3100.0,87000.0,101000,60,Home,Semi-Urban,Postgraduate,Male,Private,1
APP100785,8000,0,Business,30,Married,0.0,644.0,0,20.6,5300.0,0.0,64000,36,Business,Urban,Graduate,Female,Govt,0
APP100786,8000,0,Self-Employed,35,Married,2.0,674.0,2,8.4,5400.0,299000.0,239000,360,Home,Urban,Graduate,Male,Private,1
APP100787,8000,0,Salaried,50,Married,1.0,837.0,0,10.0,3200.0,45000.0,159000,180,Education,Rural,Graduate,Female,Self,1
APP100788,8000,3100,Salaried,42,Single,3.0,684.0,1,14.8,700.0,9000.0,310000,180,Business,Urban,Graduate,Female,Private,1
APP100789,8000,0,Business,38,Married,1.0,517.0,1,48.9,10200.0,137000.0,126000,36,Home,Rural,Undergraduate,Male,Self,0
APP100790,8000,3100,Salaried,36,Single,0.0,646.0,0,11.3,8400.0,77000.0,228000,180,Business,Urban,Undergraduate,Male,Govt,1
APP100791,8000,3000,Self-Employed,49,Married,1.0,613.0,1,15.9,54900.0,21000.0,249000,120,Education,Rural,Graduate,Female,Self,1
APP100792,8000,3000,Salaried,49,Single,2.0,841.0,0,19.8,51600.0,102000.0,326000,120,Education,Semi-Urban,Graduate,Female,Private,1
APP100793,8500,0,Self-Employed,44,Married,0.0,598.0,1,5.0,16000.0,10000.0,74000,240,Personal,Urban,Undergraduate,Female,Private,0
APP100794,8000,0,Salaried,38,Married,1.0,643.0,0,21.8,14200.0,76000.0,72000,36,Home,Semi-Urban,Graduate,Male,Private,1
APP100795,8000,3000,Business,34,Married,0.0,646.0,0,8.6,3500.0,217000.0,204000,240,Home,Rural,Graduate,Female,Self,1
APP100796,8000,0,Business,44,Married,1.0,823.0,0,5.0,9800.0,0.0,59000,360,Personal,Urban,Graduate,Male,Self,1
APP100797,8000,0,Self-Employed,26,Married,3.0,750.0,2,7.4,7200.0,193000.0,188000,360,Home,Semi-Urban,Undergraduate,Female,Private,1
APP100798,8100,0,Self-Employed,29,Single,1.0,715.0,2,12.0,9400.0,263000.0,241000,240,Home,Semi-Urban,Graduate,Female,Private,1
APP100799,8000,0,Business,23,Married,1.0,684.0,2,43.9,3800.0,78000.0,204000,60,Business,Rural,Graduate,Male,Private,0
APP100800,8000,0,Self-Employed,50,Married,0.0,,0,5.0,12300.0,0.0,99000,240,Business,Semi-Urban,Graduate,Male,Private,0
APP100801,8000,0,Salaried,30,Single,1.0,686.0,0,62.3,2100.0,72000.0,202000,36,Education,Urban,Graduate,Male,Self,0
APP100802,8000,3000,Self-Employed,42,Married,1.0,864.0,0,61.6,168600.0,100000.0,232000,36,Personal,Urban,Postgraduate,Male,Govt,1
APP100803,8000,3000,Self-Employed,36,Single,2.0,557.0,1,5.0,34400.0,13000.0,98000,240,Personal,Semi-Urban,Graduate,Female,Private,0
APP100804,8000,0,Salaried,65,Single,2.0,431.0,0,5.0,30600.0,38000.0,157000,360,Personal,Rural,Graduate,Male,Private,0
APP100805,8000,0,Self-Employed,42,Married,1.0,719.0,0,89.8,2300.0,29000.0,220000,36,Education,Urban,Graduate,Male,Govt,0
APP100806,8000,3000,Business,21,Married,3.0,806.0,0,30.4,1600.0,6000.0,143000,36,Business,Semi-Urban,Graduate,Male,Self,1
APP100807,8000,0,Business,49,Married,2.0,688.0,1,13.5,10700.0,,175000,180,Home,Urban,Undergraduate,Female,Private,1
APP100808,8000,3000,Salaried,34,Single,0.0,501.0,0,11.9,6000.0,2000.0,77000,60,Personal,Semi-Urban,Undergraduate,Male,Private,0
APP100809,8000,0,Salaried,35,Married,1.0,723.0,3,12.0,51400.0,6000.0,208000,240,Business,Semi-Urban,Graduate,Male,Self,1
APP100810,8000,0,Business,31,Single,3.0,576.0,1,15.3,15200.0,0.0,88000,60,Personal,Semi-Urban,Graduate,Male,Private,0
APP100811,8000,3000,Business,39,Single,3.0,564.0,0,54.8,7800.0,43000.0,227000,36,Business,Rural,Graduate,Female,Private,0
APP100812,8000,0,Salaried,39,Married,0.0,592.0,0,11.6,35600.0,185000.0,149000,180,Home,Urban,Postgraduate,Female,Govt,1
APP100813,8000,0,Business,31,Single,2.0,535.0,0,6.0,9700.0,191000.0,153000,360,Home,Urban,Postgraduate,Male,Private,0
APP100814,8000,3000,Business,32,Single,1.0,698.0,0,5.6,10200.0,0.0,133000,240,Business,Rural,Graduate,Male,Govt,0
APP100815,8000,3000,Salaried,39,Married,0.0,621.0,0,5.9,23000.0,11000.0,214000,360,Education,Urban,Postgraduate,Male,Private,1
APP100816,8000,3000,Self-Employed,21,Single,2.0,552.0,1,32.4,4100.0,12000.0,225000,60,Personal,Semi-Urban,Postgraduate,Male,Private,0
APP100817,8000,0,Salaried,23,Single,3.0,886.0,1,5.0,22400.0,162000.0,130000,360,Home,Semi-Urban,Undergraduate,Male,Private,1
APP100818,8000,3000,Salaried,54,Married,1.0,632.0,0,14.9,14300.0,24000.0,233000,120,Personal,Semi-Urban,Graduate,Female,Private,0
APP100819,8000,0,Salaried,41,Married,0.0,676.0,1,5.0,3200.0,30000.0,85000,360,Personal,Urban,Graduate,Male,Private,1
APP100820,8000,0,Business,32,Married,2.0,795.0,3,10.3,57400.0,163000.0,146000,180,Home,Urban,Graduate,Female,Self,1
APP100821,8000,3000,Salaried,21,Married,1.0,732.0,1,39.4,5100.0,128000.0,255000,60,Education,Semi-Urban,Undergraduate,Male,Govt,1
APP100822,8000,0,Salaried,37,Single,0.0,827.0,3,24.5,1600.0,13000.0,119000,60,Personal,Urban,Undergraduate,Female,Self,0
APP100823,8000,0,Salaried,47,Married,0.0,617.0,0,9.6,3700.0,153000.0,127000,180,Home,Semi-Urban,Postgraduate,Female,Private,0
APP100824,8000,0,Salaried,64,Single,0.0,766.0,1,28.5,2900.0,0.0,80000,36,Personal,Semi-Urban,Graduate,Male,Private,0
APP100825,8000,0,Business,56,Married,1.0,716.0,1,5.0,9900.0,88000.0,166000,360,Personal,Urban,Graduate,Male,Private,1
APP100826,8000,0,Salaried,29,Married,0.0,745.0,3,17.3,41000.0,66000.0,72000,60,Home,Urban,Graduate,Male,Self,1
APP100827,8000,0,Salaried,33,Single,0.0,755.0,0,15.8,10400.0,54000.0,144000,120,Personal,Rural,Postgraduate,Male,Private,1
APP100828,8000,3000,Self-Employed,23,Single,3.0,578.0,4,21.4,39600.0,108000.0,122000,60,Home,Semi-Urban,Graduate,Male,Private,0
APP100829,8000,3000,Salaried,29,Married,3.0,,1,86.1,23500.0,123000.0,117000,12,Home,Semi-Urban,Graduate,Male,Self,1
APP100830,8000,0,Salaried,35,Married,0.0,476.0,0,5.0,600.0,21000.0,66000,240,Education,Rural,Postgraduate,Female,Self,0
APP100831,8000,3000,Salaried,34,Married,0.0,602.0,0,8.9,19900.0,91000.0,160000,180,Personal,Semi-Urban,Graduate,Male,Private,0
APP100832,8000,0,Salaried,58,Married,1.0,,0,7.7,4500.0,100000.0,215000,360,Business,Rural,Graduate,Female,Self,1
APP100833,8000,0,Salaried,24,Married,0.0,706.0,0,90.0,13500.0,168000.0,164000,12,Home,Urban,Graduate,Male,Private,0
APP100834,8000,3000,Salaried,37,Married,0.0,684.0,1,7.1,,68000.0,272000,360,Education,Rural,Undergraduate,Female,Private,1
APP100835,8000,3000,Salaried,21,Single,0.0,736.0,1,8.5,131400.0,81000.0,96000,120,Home,Urban,Postgraduate,Male,Private,1
APP100836,8000,3000,Business,41,Married,3.0,596.0,1,5.0,12500.0,75000.0,149000,360,Personal,Rural,Undergraduate,Female,Private,1
APP100837,8000,3000,Salaried,24,Single,3.0,739.0,2,38.9,14500.0,0.0,169000,36,Education,Rural,Graduate,Male,Private,0
APP100838,8000,3000,Self-Employed,49,Single,2.0,644.0,3,11.8,23800.0,100000.0,293000,240,Personal,Urban,Undergraduate,Male,Self,0
APP100839,8000,0,Self-Employed,35,Married,1.0,806.0,0,13.8,1800.0,151000.0,176000,180,Home,Semi-Urban,Undergraduate,Male,Private,1
APP100840,8000,0,Salaried,23,Single,2.0,652.0,0,15.6,23900.0,69000.0,142000,120,Business,Semi-Urban,Postgraduate,Male,Govt,1
APP100841,8000,0,Self-Employed,21,Married,1.0,714.0,1,39.3,6500.0,0.0,106000,36,Personal,Urban,Undergraduate,Male,Self,0
APP100842,8000,3000,Salaried,28,Single,1.0,737.0,0,9.4,4100.0,30000.0,267000,240,Business,Rural,Graduate,Male,Private,1
APP100843,8000,3000,Business,40,Married,1.0,761.0,0,90.0,18400.0,334000.0,301000,12,Home,Urban,Graduate,Male,Self,0
APP100844,8000,0,Salaried,42,Married,2.0,675.0,1,11.9,1800.0,55000.0,151000,180,Personal,Rural,Graduate,Female,Self,0
APP100845,8000,3000,Salaried,33,Single,0.0,646.0,1,5.0,20700.0,31000.0,77000,240,Personal,Urban,Postgraduate,Male,Self,1
APP100846,8000,3000,Salaried,47,Married,0.0,594.0,2,6.0,6900.0,9000.0,138000,240,Personal,Semi-Urban,Postgraduate,Male,Self,0
APP100847,8000,0,Business,26,Single,3.0,699.0,3,6.4,7300.0,,191000,360,Home,Urban,Undergraduate,Female,Private,1
APP100848,8000,0,Salaried,21,Single,0.0,509.0,0,23.9,900.0,0.0,122000,60,Business,Urban,Graduate,Male,Private,0
APP100849,8000,3000,Self-Employed,40,Married,0.0,675.0,4,20.7,19900.0,217000.0,231000,120,Home,Semi-Urban,Graduate,Male,Private,1
APP100850,8000,0,Salaried,50,Married,1.0,714.0,0,18.6,10400.0,121000.0,149000,120,Home,Semi-Urban,Graduate,Male,Private,1
APP100851,8000,0,Self-Employed,50,Married,0.0,832.0,2,12.1,5100.0,117000.0,222000,240,Education,Urban,Postgraduate,Female,Private,1
APP100852,8000,3000,Salaried,25,Single,0.0,620.0,0,5.0,3200.0,5000.0,147000,360,Personal,Rural,Graduate,Female,Govt,1
APP100853,8000,0,Business,32,Single,0.0,672.0,3,5.0,17700.0,18000.0,134000,360,Personal,Urban,Undergraduate,Female,Self,1
APP100854,8000,3000,Salaried,45,Married,1.0,694.0,0,5.0,11500.0,28000.0,83000,360,Education,Rural,Graduate,Male,Self,1
APP100855,8000,0,Salaried,31,Married,0.0,572.0,1,7.7,,0.0,203000,360,Education,Semi-Urban,Graduate,Female,Private,0
APP100856,8000,0,Salaried,39,Single,1.0,679.0,0,5.0,3000.0,12000.0,111000,360,Personal,Semi-Urban,Undergraduate,Male,Private,1
APP100857,8000,0,Salaried,30,Married,0.0,559.0,0,17.2,11000.0,27000.0,187000,120,Education,Urban,Graduate,Male,Private,0
APP100858,8000,3000,Self-Employed,27,Single,0.0,766.0,0,5.0,10300.0,36000.0,67000,360,Business,Semi-Urban,Graduate,Male,Self,1
APP100859,8000,3000,Salaried,29,Single,2.0,725.0,1,12.8,30200.0,0.0,295000,240,Business,Semi-Urban,Graduate,Male,Private,0
APP100860,8000,0,Self-Employed,47,Single,2.0,718.0,0,52.2,2400.0,89000.0,235000,60,Education,Urban,Graduate,Male,Private,0
APP100861,8000,0,Salaried,38,Married,1.0,614.0,1,90.0,4000.0,111000.0,138000,12,Home,Urban,Undergraduate,Male,Private,0
APP100862,8000,0,Salaried,50,Married,0.0,807.0,0,31.7,56600.0,33000.0,141000,60,Business,Urban,Postgraduate,Male,Private,1
APP100863,8000,0,Salaried,43,Married,0.0,574.0,1,8.5,9800.0,196000.0,166000,240,Home,Urban,Graduate,Male,Self,0
APP100864,8000,3000,Salaried,54,Married,2.0,684.0,0,13.0,10400.0,366000.0,323000,240,Home,Urban,Postgraduate,Female,Govt,1
APP100865,8000,0,Self-Employed,46,Single,0.0,566.0,1,35.9,21300.0,132000.0,155000,60,Home,Urban,Graduate,Male,Govt,0
APP100866,8000,0,Salaried,45,Married,2.0,639.0,3,5.0,49600.0,63000.0,62000,240,Home,Semi-Urban,Undergraduate,Female,Self,1
APP100867,8000,3000,Salaried,36,Single,1.0,770.0,3,48.2,2500.0,106000.0,215000,36,Business,Urban,Undergraduate,Male,Self,0
APP100868,8000,3000,Business,65,Married,2.0,722.0,0,5.0,71800.0,0.0,177000,360,Personal,Urban,Undergraduate,Female,Self,0
APP100869,8000,0,Business,39,Married,1.0,597.0,0,9.7,7800.0,80000.0,194000,240,Business,Urban,Graduate,Male,Private,0
APP100870,8000,3000,Salaried,21,Married,1.0,633.0,0,5.0,10500.0,166000.0,146000,360,Home,Semi-Urban,Graduate,Male,Private,1
APP100871,8000,0,Salaried,40,Single,0.0,629.0,2,50.3,8600.0,91000.0,225000,60,Education,Urban,Graduate,Male,Private,0
APP100872,10000,3000,Self-Employed,28,Married,1.0,604.0,0,7.1,36200.0,0.0,328000,360,Business,Semi-Urban,Postgraduate,Male,Govt,0
APP100873,8000,3000,Salaried,48,Married,2.0,,0,13.1,21100.0,85000.0,152000,120,Business,Semi-Urban,Postgraduate,Female,Private,1
APP100874,8000,0,Salaried,45,Single,0.0,876.0,0,11.5,7000.0,14000.0,116000,120,Personal,Semi-Urban,Graduate,Male,Govt,1
APP100875,8000,3000,Salaried,36,Married,0.0,613.0,2,11.0,2600.0,190000.0,203000,180,Home,Urban,Undergraduate,Male,Private,1
APP100876,8000,0,Self-Employed,29,Married,0.0,821.0,4,5.0,6400.0,0.0,67000,240,Personal,Semi-Urban,Graduate,Female,Self,0
APP100877,8000,0,Self-Employed,39,Married,1.0,663.0,2,6.4,2100.0,228000.0,181000,360,Home,Urban,Graduate,Female,Private,0
APP100878,8000,3000,Salaried,31,Married,0.0,692.0,2,9.7,19800.0,28000.0,227000,180,Personal,Rural,Graduate,Male,Self,1
APP100879,8000,3000,Salaried,45,Single,3.0,695.0,1,5.0,4100.0,0.0,150000,360,Personal,Rural,Graduate,Male,Private,0
APP100880,8000,0,Salaried,43,Married,1.0,519.0,1,33.1,7300.0,35000.0,171000,60,Personal,Semi-Urban,Graduate,Male,Private,0
APP100881,8000,3000,Self-Employed,65,Married,3.0,712.0,1,6.4,26200.0,5000.0,92000,120,Personal,Rural,Postgraduate,Male,Private,1
APP100882,8000,0,Salaried,33,Married,2.0,461.0,0,13.4,18200.0,82000.0,231000,180,Personal,Semi-Urban,Graduate,Male,Self,0
APP100883,8000,3000,Salaried,34,Single,0.0,698.0,0,6.4,11900.0,84000.0,84000,120,Home,Urban,Graduate,Female,Private,1
APP100884,8000,4600,Self-Employed,36,Married,0.0,686.0,1,5.0,3700.0,88000.0,175000,360,Education,Urban,Undergraduate,Male,Self,1
APP100885,8000,3000,Salaried,36,Single,2.0,541.0,0,10.2,13200.0,20000.0,322000,240,Personal,Semi-Urban,Graduate,Male,Govt,0
APP100886,8000,0,Self-Employed,48,Married,1.0,677.0,1,9.5,3700.0,140000.0,124000,180,Home,Rural,Postgraduate,Male,Self,1
APP100887,8000,0,Salaried,35,Married,0.0,637.0,2,9.4,13300.0,237000.0,218000,240,Home,Rural,Graduate,Female,Govt,1
APP100888,8000,3000,Salaried,57,Single,3.0,658.0,1,5.0,2200.0,86000.0,106000,180,Home,Semi-Urban,Postgraduate,Female,Self,0
APP100889,8000,0,Salaried,43,Married,1.0,651.0,2,62.5,27100.0,12000.0,61000,12,Education,Urban,Undergraduate,Male,Private,0
APP100890,8000,3000,Self-Employed,33,Single,0.0,626.0,0,5.0,9900.0,3000.0,95000,180,Business,Semi-Urban,Graduate,Female,Self,0
APP100891,8000,0,Business,30,Married,1.0,686.0,0,11.1,8000.0,286000.0,235000,240,Home,Rural,Postgraduate,Male,Private,1
APP100892,8000,3000,Business,48,Single,2.0,757.0,0,5.0,12000.0,0.0,89000,360,Personal,Semi-Urban,Undergraduate,Male,Govt,0
APP100893,8000,0,Salaried,38,Married,0.0,658.0,0,90.0,7200.0,38000.0,173000,12,Personal,Semi-Urban,Postgraduate,Male,Self,0
APP100894,8000,0,Self-Employed,38,Single,0.0,675.0,0,9.0,8700.0,121000.0,133000,180,Home,Semi-Urban,Graduate,Male,Private,0
APP100895,8000,3300,Salaried,32,Married,,738.0,0,82.2,29500.0,48000.0,301000,36,Business,Rural,Graduate,Male,Private,0
APP100896,8000,0,Salaried,37,Married,2.0,884.0,0,36.4,23300.0,0.0,105000,36,Education,Rural,Postgraduate,Female,Self,1
APP100897,8000,0,Business,31,Married,2.0,662.0,0,5.0,16500.0,0.0,54000,240,Business,Urban,Undergraduate,Male,Govt,0
APP100898,8000,0,Salaried,51,Married,1.0,526.0,0,44.8,10400.0,175000.0,192000,60,Home,Urban,Graduate,Female,Private,0
APP100899,8000,0,Salaried,45,Married,1.0,591.0,1,7.1,5900.0,154000.0,161000,240,Home,Rural,Graduate,Male,Private,1
APP100900,8000,0,Salaried,36,Married,0.0,718.0,2,8.3,23700.0,143000.0,131000,180,Home,Rural,Graduate,Male,Self,1
APP100901,8000,0,Salaried,36,Married,1.0,816.0,0,23.2,3300.0,122000.0,110000,60,Home,Urban,Graduate,Male,Govt,1
APP100902,8000,0,Salaried,38,Single,3.0,578.0,2,15.2,48200.0,99000.0,221000,180,Business,Semi-Urban,Graduate,Male,Private,0
APP100903,8000,0,Self-Employed,37,Single,1.0,676.0,0,60.5,16500.0,67000.0,71000,12,Home,Rural,Graduate,Male,Private,0
APP100904,8000,0,Salaried,28,Single,3.0,649.0,4,5.0,26400.0,34000.0,75000,360,Personal,Rural,Graduate,Male,Self,0
APP100905,8000,0,Business,21,Married,2.0,610.0,0,55.4,12900.0,48000.0,51000,12,Home,Rural,Graduate,Male,Self,0
APP100906,8000,0,Business,30,Married,0.0,802.0,2,63.6,7200.0,10000.0,62000,12,Business,Urban,Undergraduate,Male,Self,0
APP100907,8000,3000,Salaried,36,Married,2.0,784.0,0,12.7,20900.0,121000.0,292000,240,Personal,Semi-Urban,Graduate,Female,Private,1
APP100908,8000,0,Salaried,30,Single,,686.0,3,7.1,2000.0,50000.0,200000,360,Education,Urban,Graduate,Male,Private,0
APP100909,8000,3000,Salaried,46,Married,1.0,626.0,2,5.0,4500.0,94000.0,93000,360,Home,Rural,Graduate,Male,Govt,1
APP100910,8000,3000,Self-Employed,35,Married,1.0,,0,42.6,6700.0,0.0,272000,60,Personal,Urban,Undergraduate,Male,Private,0
APP100911,8000,0,Salaried,56,Single,2.0,726.0,0,41.5,2000.0,143000.0,171000,60,Home,Semi-Urban,Undergraduate,Female,Self,1
APP100912,8000,3000,Self-Employed,32,Married,0.0,,0,5.6,15300.0,203000.0,168000,240,Home,Semi-Urban,Undergraduate,Female,Private,1
APP100913,8000,0,Salaried,39,Single,2.0,767.0,0,5.0,28700.0,0.0,64000,360,Personal,Rural,Graduate,Male,Govt,1
APP100914,8000,0,Self-Employed,35,Single,3.0,713.0,0,16.7,1500.0,0.0,164000,120,Business,Semi-Urban,Undergraduate,Male,Private,0
APP100915,8000,3000,Salaried,42,Married,0.0,522.0,1,23.5,5300.0,41000.0,288000,120,Business,Urban,Graduate,Male,Private,0
APP100916,8000,3000,Salaried,48,Married,2.0,590.0,0,45.9,6800.0,18000.0,177000,36,Personal,Semi-Urban,Graduate,Female,Private,0
APP100917,8000,0,Business,44,Married,0.0,552.0,1,22.7,11200.0,49000.0,129000,60,Personal,Urban,Postgraduate,Female,Private,0
APP100918,8000,0,Self-Employed,21,Single,0.0,764.0,1,14.0,19100.0,0.0,207000,180,Business,Urban,Undergraduate,Male,Private,0
APP100919,8000,0,Salaried,42,Married,3.0,,0,32.7,6100.0,0.0,88000,36,Personal,Rural,Undergraduate,Male,Private,0
APP100920,8000,0,Business,27,Single,0.0,736.0,0,19.6,20800.0,48000.0,81000,60,Education,Semi-Urban,Undergraduate,Male,Self,1
APP100921,8000,3000,Salaried,34,Married,1.0,867.0,1,33.6,8900.0,0.0,250000,60,Business,Semi-Urban,Undergraduate,Female,Private,0
APP100922,8000,3000,Business,44,Married,1.0,751.0,0,17.1,,284000.0,239000,120,Home,Semi-Urban,Graduate,Male,Private,1
APP100923,8000,0,Self-Employed,26,Married,0.0,642.0,0,90.0,10200.0,189000.0,223000,12,Home,Rural,Graduate,Male,Private,0
APP100924,8000,0,Salaried,49,Single,1.0,605.0,1,7.9,2300.0,29000.0,112000,180,Personal,Rural,Graduate,Male,Self,0
APP100925,8000,3000,Salaried,34,Married,0.0,652.0,0,5.0,6300.0,122000.0,119000,360,Home,Semi-Urban,Undergraduate,Female,Self,1
APP100926,8000,3000,Salaried,59,Single,0.0,587.0,0,90.0,6800.0,87000.0,179000,12,Education,Rural,Graduate,Female,Private,0
APP100927,8000,3000,Salaried,38,Married,3.0,560.0,2,5.4,4400.0,20000.0,167000,240,Education,Semi-Urban,Undergraduate,Female,Govt,0
APP100928,8000,0,Self-Employed,55,Married,3.0,583.0,3,7.9,102000.0,96000.0,228000,360,Personal,Semi-Urban,Graduate,Male,Govt,1
APP100929,8000,0,Salaried,49,Single,1.0,711.0,2,19.0,29800.0,78000.0,224000,120,Business,Rural,Graduate,Female,Private,0
APP100930,8000,3000,Salaried,31,Single,0.0,633.0,0,42.4,9900.0,176000.0,179000,36,Home,Urban,Graduate,Male,Private,0
APP100931,8000,3000,Business,24,Married,1.0,659.0,0,90.0,12400.0,36000.0,175000,12,Education,Semi-Urban,Graduate,Male,Private,0
APP100932,8000,3000,Business,39,Married,2.0,714.0,1,7.0,13600.0,230000.0,183000,240,Home,Rural,Undergraduate,Male,Private,1
APP100933,8000,0,Salaried,32,Single,0.0,713.0,4,14.7,15100.0,53000.0,188000,180,Personal,Urban,Graduate,Female,Private,1
APP100934,8000,0,Salaried,53,Married,0.0,506.0,0,35.9,38600.0,0.0,154000,60,Personal,Urban,Graduate,Male,Govt,0
APP100935,8000,0,Salaried,35,Married,2.0,508.0,2,5.0,20500.0,48000.0,103000,360,Education,Semi-Urban,Graduate,Female,Govt,0
APP100936,8000,3000,Salaried,34,Single,1.0,637.0,1,9.4,1100.0,342000.0,269000,240,Home,Urban,Graduate,Female,Private,0
APP100937,8000,3000,Business,24,Married,0.0,547.0,4,55.1,18600.0,75000.0,305000,60,Personal,Rural,Graduate,Male,Govt,0
APP100938,8000,3000,Salaried,42,Married,0.0,756.0,0,9.2,3500.0,65000.0,255000,240,Personal,Urban,Graduate,Male,Govt,1
APP100939,8000,0,Self-Employed,26,Married,2.0,638.0,0,15.2,4700.0,85000.0,85000,60,Home,Urban,Undergraduate,Male,Private,1
APP100940,8000,3000,Salaried,42,Single,1.0,833.0,1,11.1,21600.0,0.0,275000,240,Education,Rural,Graduate,Male,Self,1
APP100941,8000,0,Self-Employed,43,Single,0.0,628.0,1,74.2,1300.0,114000.0,238000,36,Education,Urban,Graduate,Male,Self,0
APP100942,8100,3000,Self-Employed,30,Married,2.0,699.0,1,9.7,44900.0,58000.0,249000,240,Business,Semi-Urban,Postgraduate,Male,Self,1
APP100943,8000,0,Business,47,Married,2.0,595.0,3,22.3,18300.0,24000.0,95000,60,Business,Rural,Graduate,Female,Private,0
APP100944,8000,0,Salaried,35,Married,0.0,707.0,2,5.0,11300.0,0.0,50000,180,Personal,Rural,Graduate,Female,Private,0
APP100945,8000,0,Salaried,23,Single,1.0,725.0,0,24.9,18700.0,9000.0,122000,60,Business,Rural,Postgraduate,Male,Private,1
APP100946,8000,0,Salaried,53,Married,0.0,751.0,1,6.9,25600.0,62000.0,138000,240,Personal,Urban,Graduate,Male,Self,1
APP100947,8000,0,Business,28,Single,1.0,667.0,0,90.0,10100.0,120000.0,223000,36,Business,Urban,Postgraduate,Male,Govt,0
APP100948,8000,3000,Business,43,Married,0.0,762.0,4,37.8,17600.0,223000.0,230000,60,Home,Urban,Graduate,Female,Private,1
APP100949,8000,3800,Self-Employed,42,Single,0.0,706.0,0,17.8,3000.0,17000.0,151000,60,Education,Urban,Undergraduate,Female,Private,1
APP100950,8000,0,Self-Employed,41,Married,1.0,614.0,1,90.0,18300.0,0.0,181000,12,Personal,Semi-Urban,Undergraduate,Male,Self,0
APP100951,8000,3000,Self-Employed,41,Single,1.0,622.0,0,5.0,14900.0,0.0,90000,240,Personal,Urban,Graduate,Male,Self,0
APP100952,8000,0,Salaried,28,Married,0.0,737.0,1,5.0,34200.0,97000.0,89000,360,Home,Semi-Urban,Graduate,Female,Self,1
APP100953,8000,0,Business,54,Married,0.0,793.0,0,9.2,9600.0,198000.0,191000,240,Home,Urban,Graduate,Male,Private,1
APP100954,8000,0,Salaried,47,Single,3.0,571.0,1,5.0,11000.0,100000.0,105000,360,Home,Semi-Urban,Graduate,Male,Private,0
APP100955,8000,0,Salaried,42,Single,0.0,731.0,2,50.3,3200.0,55000.0,54000,12,Home,Urban,Undergraduate,Male,Self,0
APP100956,8000,3000,Salaried,24,Married,1.0,546.0,0,50.8,8100.0,188000.0,197000,36,Home,Urban,Undergraduate,Male,Private,0
APP100957,8000,0,Salaried,28,Single,0.0,616.0,1,10.7,14900.0,46000.0,174000,180,Personal,Semi-Urban,Graduate,Male,Self,1
APP100958,8000,0,Salaried,44,Married,1.0,692.0,4,8.1,16400.0,42000.0,199000,360,Business,Semi-Urban,Postgraduate,Female,Private,0
APP100959,8000,0,Self-Employed,21,Single,0.0,603.0,0,6.1,44900.0,18000.0,107000,240,Personal,Rural,Graduate,Female,Private,1
APP100960,10700,3000,Salaried,41,Married,0.0,811.0,0,11.5,12900.0,0.0,222000,120,Business,Rural,Postgraduate,Male,Self,0
APP100961,8000,0,Self-Employed,24,Married,1.0,726.0,1,48.8,7400.0,0.0,155000,36,Business,Semi-Urban,Undergraduate,Female,Govt,0
APP100962,8000,0,Salaried,29,Married,0.0,557.0,2,15.4,14100.0,5000.0,62000,60,Education,Semi-Urban,Postgraduate,Male,Self,0
APP100963,8000,0,Salaried,23,Married,1.0,730.0,1,7.9,4600.0,84000.0,86000,120,Home,Urban,Graduate,Female,Private,1
APP100964,8000,3000,Salaried,40,Single,0.0,553.0,1,5.2,30500.0,151000.0,163000,240,Home,Urban,Postgraduate,Male,Self,1
APP100965,8000,3000,Salaried,49,Married,0.0,680.0,0,90.0,4100.0,15000.0,137000,12,Business,Rural,Graduate,Female,Private,0
APP100966,8100,0,Self-Employed,41,Married,2.0,734.0,3,5.2,5400.0,122000.0,139000,360,Home,Urban,Postgraduate,Female,Private,1
APP100967,8000,0,Salaried,42,Married,0.0,743.0,0,6.0,2800.0,0.0,173000,360,Personal,Urban,Graduate,Male,Private,1
APP100968,8000,0,Self-Employed,39,Single,0.0,672.0,0,5.0,8800.0,68000.0,152000,360,Education,Urban,Graduate,Female,Private,1
APP100969,8000,3000,Salaried,44,Married,0.0,649.0,0,6.4,15400.0,0.0,270000,360,Business,Urban,Postgraduate,Female,Private,0
APP100970,8000,0,Self-Employed,42,Married,0.0,575.0,0,90.0,42300.0,78000.0,168000,12,Education,Rural,Undergraduate,Female,Self,0
APP100971,8000,3000,Business,21,Single,0.0,688.0,1,5.0,7700.0,0.0,143000,360,Business,Urban,Graduate,Male,Private,0
APP100972,8000,3000,Self-Employed,47,Married,0.0,744.0,1,6.4,6500.0,117000.0,98000,120,Home,Semi-Urban,Undergraduate,Female,Private,1
APP100973,10000,0,Salaried,46,Single,0.0,849.0,2,5.3,600.0,231000.0,214000,360,Home,Urban,Postgraduate,Female,Self,1
APP100974,8000,3000,Salaried,34,Single,2.0,638.0,0,20.5,10100.0,34000.0,122000,60,Personal,Semi-Urban,Postgraduate,Male,Private,1
APP100975,8000,0,Salaried,21,Married,0.0,748.0,1,12.6,8300.0,26000.0,109000,120,Business,Semi-Urban,Undergraduate,Female,Private,1
APP100976,8000,0,Self-Employed,40,Single,2.0,748.0,0,90.0,8200.0,31000.0,201000,12,Personal,Urban,Graduate,Male,Govt,0
APP100977,8000,0,Salaried,41,Single,2.0,637.0,0,90.0,36500.0,44000.0,90000,12,Business,Rural,Undergraduate,Male,Self,0
APP100978,8000,0,Salaried,33,Married,0.0,728.0,2,5.0,14000.0,82000.0,151000,360,Personal,Urban,Graduate,Male,Private,1
APP100979,8000,4200,Self-Employed,39,Married,0.0,606.0,0,5.0,5300.0,0.0,101000,360,Personal,Semi-Urban,Graduate,Male,Private,0
APP100980,8000,3000,Salaried,48,Single,0.0,703.0,0,8.7,3300.0,0.0,176000,180,Education,Semi-Urban,Postgraduate,Male,Self,0
APP100981,8000,3000,Self-Employed,61,Married,1.0,660.0,0,16.6,2500.0,0.0,325000,180,Education,Rural,Undergraduate,Male,Self,0
APP100982,8000,0,Salaried,39,Single,,719.0,0,13.7,5200.0,281000.0,231000,240,Home,Urban,Undergraduate,Female,Govt,1
APP100983,8000,0,Salaried,41,Married,1.0,727.0,0,27.7,11800.0,127000.0,230000,120,Business,Urban,Postgraduate,Male,Self,1
APP100984,8000,3000,Self-Employed,29,Married,1.0,632.0,0,7.5,1000.0,87000.0,223000,240,Business,Urban,Postgraduate,Male,Self,1
APP100985,8000,3000,Salaried,32,Married,0.0,671.0,1,7.1,7100.0,77000.0,144000,180,Personal,Urban,Graduate,Male,Govt,1
APP100986,8000,0,Self-Employed,36,Married,2.0,668.0,0,5.2,18100.0,150000.0,116000,240,Home,Urban,Undergraduate,Male,Self,1
APP100987,8000,0,Salaried,49,Married,0.0,565.0,2,5.0,2900.0,105000.0,88000,360,Home,Urban,Graduate,Female,Private,0
APP100988,8000,0,Salaried,46,Single,3.0,,0,5.0,6800.0,3000.0,67000,180,Business,Semi-Urban,Postgraduate,Female,Private,1
APP100989,8000,0,Business,57,Single,0.0,619.0,1,9.5,3000.0,71000.0,80000,120,Home,Rural,Postgraduate,Female,Private,0
APP100990,8000,0,Self-Employed,23,Single,0.0,578.0,0,5.0,500.0,32000.0,138000,360,Business,Urban,Postgraduate,Male,Private,0
APP100991,8000,3000,Self-Employed,24,Single,2.0,607.0,0,5.0,3600.0,22000.0,73000,360,Education,Rural,Graduate,Male,Govt,1
APP100992,8000,0,Salaried,49,Single,1.0,656.0,0,7.3,2800.0,65000.0,228000,360,Education,Rural,Undergraduate,Male,Self,1
APP100993,8000,0,Self-Employed,52,Married,2.0,684.0,0,11.7,17600.0,86000.0,156000,180,Business,Rural,Postgraduate,Male,Govt,1
APP100994,8000,0,Salaried,38,Single,1.0,568.0,0,6.9,13100.0,105000.0,81000,120,Home,Rural,Undergraduate,Male,Private,0
APP100995,8000,3000,Salaried,21,Married,2.0,780.0,1,22.9,2900.0,0.0,176000,60,Education,Rural,Graduate,Female,Govt,0
APP100996,8000,0,Business,30,Single,3.0,735.0,0,90.0,29500.0,9000.0,120000,12,Business,Rural,Postgraduate,Male,Self,0
APP100997,8000,0,Salaried,41,Single,1.0,,1,12.5,16700.0,0.0,208000,240,Personal,Semi-Urban,Postgraduate,Female,Private,0
APP100998,8000,0,Business,29,Married,0.0,570.0,0,17.1,6300.0,23000.0,71000,60,Personal,Semi-Urban,Postgraduate,Male,Private,0
APP100999,8000,0,Salaried,39,Married,1.0,660.0,0,7.1,11300.0,12000.0,131000,240,Personal,Rural,Undergraduate,Male,Private,1
APP101000,8000,0,Salaried,56,Married,3.0,655.0,0,5.5,3100.0,186000.0,185000,360,Home,Urban,Graduate,Male,Self,1
APP101001,8000,0,Salaried,52,Married,1.0,574.0,1,5.0,700.0,144000.0,120000,360,Home,Urban,Graduate,Male,Private,0
APP101002,8000,0,Business,46,Married,3.0,543.0,4,90.0,8900.0,0.0,117000,12,Education,Rural,Graduate,Female,Self,0
APP101003,8000,0,Self-Employed,37,Married,0.0,748.0,0,11.1,2100.0,61000.0,113000,120,Education,Semi-Urban,Graduate,Male,Govt,1
APP101004,8000,0,Business,33,Married,3.0,650.0,0,6.2,6500.0,19000.0,194000,360,Education,Rural,Undergraduate,Male,Govt,1
APP101005,8000,0,Self-Employed,45,Single,0.0,759.0,0,5.7,12200.0,,71000,180,Personal,Urban,Graduate,Female,Private,1
APP101006,8000,0,Self-Employed,38,Single,0.0,662.0,2,7.9,1200.0,,212000,360,Home,Semi-Urban,Graduate,Male,Self,0
APP101007,8000,3000,Business,38,Single,1.0,747.0,0,5.0,10000.0,40000.0,85000,360,Personal,Urban,Graduate,Male,Govt,1
APP101008,8000,3000,Salaried,22,Single,1.0,736.0,1,12.9,18500.0,149000.0,150000,120,Home,Rural,Postgraduate,Male,Govt,1
APP101009,8000,3000,Salaried,30,Married,0.0,697.0,3,12.4,1000.0,161000.0,169000,120,Home,Urban,Graduate,Male,Govt,1
APP101010,8000,0,Salaried,45,Married,3.0,770.0,2,9.5,16400.0,0.0,124000,180,Education,Rural,Graduate,Female,Private,0
APP101011,8000,3000,Business,26,Single,3.0,681.0,1,5.0,54100.0,8000.0,116000,240,Business,Urban,Graduate,Female,Private,1
APP101012,8000,3000,Business,40,Single,2.0,537.0,1,20.4,6300.0,292000.0,225000,120,Home,Urban,Graduate,Female,Self,0
APP101013,8000,3000,Salaried,42,Married,0.0,551.0,1,6.6,17000.0,43000.0,186000,240,Personal,Urban,Undergraduate,Male,Govt,1
APP101014,8000,0,Self-Employed,42,Single,0.0,621.0,0,6.2,,82000.0,157000,360,Personal,Urban,Graduate,Male,Govt,0
APP101015,8000,3000,Business,43,Single,1.0,730.0,2,31.6,20300.0,284000.0,228000,60,Home,Semi-Urban,Postgraduate,Female,Private,1
APP101016,8000,3000,Salaried,44,Single,2.0,635.0,1,5.0,13500.0,24000.0,117000,360,Personal,Urban,Undergraduate,Male,Private,1
APP101017,8000,3400,Self-Employed,31,Single,0.0,690.0,1,11.3,,135000.0,320000,240,Business,Semi-Urban,Undergraduate,Male,Private,1
APP101018,8000,3000,Business,23,Married,1.0,728.0,0,7.7,9500.0,124000.0,285000,360,Personal,Urban,Undergraduate,Male,Govt,1
APP101019,8000,0,Salaried,29,Single,1.0,694.0,0,86.1,12000.0,191000.0,207000,36,Home,Rural,Undergraduate,Male,Self,0
APP101020,8000,0,Self-Employed,45,Single,2.0,457.0,2,27.5,7600.0,87000.0,150000,60,Personal,Urban,Graduate,Male,Private,0
APP101021,8000,0,Salaried,25,Married,1.0,573.0,0,22.4,,43000.0,205000,120,Personal,Urban,Postgraduate,Female,Private,0
APP101022,8000,0,Business,27,Single,1.0,822.0,2,21.0,7000.0,153000.0,168000,120,Home,Semi-Urban,Graduate,Female,Private,1
APP101023,8000,0,Business,27,Married,0.0,685.0,3,33.1,7700.0,135000.0,135000,60,Home,Rural,Graduate,Male,Private,0
APP101024,8000,3000,Business,21,Married,0.0,421.0,2,5.9,2500.0,342000.0,265000,360,Home,Rural,Undergraduate,Male,Self,0
APP101025,8000,3000,Salaried,26,Married,3.0,686.0,0,14.2,7300.0,274000.0,224000,120,Home,Rural,Postgraduate,Male,Self,1
APP101026,8000,0,Business,48,Married,0.0,826.0,2,5.0,7600.0,51000.0,50000,360,Home,Urban,Postgraduate,Female,Private,1
APP101027,8000,0,Business,30,Married,3.0,696.0,1,18.3,4800.0,60000.0,239000,180,Education,Rural,Postgraduate,Male,Private,1
APP101028,8000,0,Salaried,21,Single,,683.0,0,50.8,11500.0,0.0,131000,36,Education,Rural,Graduate,Female,Private,0
APP101029,8000,3000,Business,32,Married,,515.0,0,11.4,14600.0,95000.0,217000,180,Business,Rural,Undergraduate,Male,Private,0
APP101030,8000,0,Salaried,43,Married,0.0,655.0,0,5.0,,58000.0,126000,360,Personal,Urban,Graduate,Male,Private,1
APP101031,8000,0,Self-Employed,21,Married,3.0,532.0,0,5.0,9400.0,0.0,67000,180,Business,Rural,Graduate,Male,Self,0
APP101032,8000,0,Salaried,47,Married,3.0,569.0,0,90.0,20100.0,0.0,208000,12,Personal,Semi-Urban,Undergraduate,Female,Private,0
APP101033,8000,3000,Salaried,23,Single,0.0,517.0,4,6.4,3000.0,205000.0,246000,360,Home,Semi-Urban,Graduate,Male,Govt,0
APP101034,8000,3000,Salaried,34,Single,0.0,820.0,2,46.3,1500.0,96000.0,285000,60,Education,Semi-Urban,Undergraduate,Male,Private,1
APP101035,8000,3000,Self-Employed,33,Single,2.0,737.0,1,6.1,3200.0,0.0,194000,240,Business,Semi-Urban,Postgraduate,Male,Govt,0
APP101036,8000,0,Salaried,32,Single,2.0,806.0,0,14.9,13700.0,256000.0,200000,180,Home,Semi-Urban,Graduate,Female,Private,1
APP101037,8000,3000,Self-Employed,37,Married,1.0,560.0,0,24.7,5100.0,230000.0,277000,120,Home,Urban,Undergraduate,Female,Private,0
APP101038,9100,0,Salaried,45,Single,2.0,689.0,1,26.1,2300.0,110000.0,128000,60,Home,Rural,Postgraduate,Male,Self,1
APP101039,8000,3000,Salaried,37,Single,0.0,581.0,1,5.0,28800.0,20000.0,67000,360,Education,Semi-Urban,Graduate,Female,Private,1
APP101040,8000,3000,Salaried,31,Married,1.0,574.0,3,6.2,2500.0,350000.0,293000,360,Home,Semi-Urban,Graduate,Male,Private,1
APP101041,8000,3000,Self-Employed,42,Single,2.0,706.0,2,6.5,6800.0,140000.0,115000,180,Home,Urban,Undergraduate,Male,Private,1
APP101042,8000,3000,Salaried,40,Single,0.0,680.0,2,47.6,16900.0,300000.0,295000,60,Home,Rural,Graduate,Male,Self,0
APP101043,8000,3200,Self-Employed,31,Single,2.0,705.0,0,58.9,15800.0,,233000,36,Personal,Semi-Urban,Undergraduate,Male,Self,0
APP101044,8000,3000,Business,38,Married,3.0,566.0,0,39.7,12300.0,54000.0,234000,60,Education,Urban,Graduate,Female,Self,0
APP101045,8000,3000,Self-Employed,30,Single,2.0,691.0,0,7.1,4200.0,0.0,131000,180,Personal,Rural,Postgraduate,Female,Self,0
APP101046,8000,3000,Salaried,29,Married,0.0,711.0,0,12.9,14200.0,101000.0,172000,120,Personal,Urban,Undergraduate,Male,Private,1
APP101047,8000,0,Salaried,46,Married,0.0,603.0,2,90.0,8200.0,0.0,108000,12,Personal,Urban,Graduate,Male,Self,0
APP101048,8000,3000,Business,42,Married,1.0,631.0,3,5.9,12200.0,133000.0,116000,180,Home,Semi-Urban,Postgraduate,Female,Self,1
APP101049,8000,3000,Salaried,45,Married,0.0,531.0,0,8.4,31900.0,42000.0,257000,240,Personal,Semi-Urban,Undergraduate,Female,Govt,1
APP101050,8000,0,Business,44,Married,3.0,469.0,2,5.0,2500.0,81000.0,66000,360,Home,Urban,Undergraduate,Male,Private,0
APP101051,8600,3000,Salaried,29,Married,0.0,860.0,0,9.1,11900.0,65000.0,212000,180,Education,Urban,Postgraduate,Female,Private,1
APP101052,10900,0,Business,48,Single,2.0,690.0,1,7.5,9300.0,24000.0,206000,240,Personal,Rural,Postgraduate,Male,Private,1
APP101053,8000,0,Self-Employed,35,Single,0.0,639.0,1,25.5,20800.0,281000.0,231000,120,Home,Urban,Undergraduate,Male,Private,1
APP101054,8000,0,Business,47,Single,1.0,751.0,0,14.9,48000.0,196000.0,215000,180,Home,Urban,Undergraduate,Female,Private,1
APP101055,8000,3000,Salaried,36,Married,0.0,585.0,2,8.1,46500.0,186000.0,196000,240,Home,Rural,Undergraduate,Male,Private,0
APP101056,8000,3000,Self-Employed,41,Married,0.0,689.0,0,12.0,18700.0,340000.0,289000,240,Home,Urban,Graduate,Male,Self,1
APP101057,8000,0,Salaried,41,Single,1.0,779.0,0,22.5,4500.0,243000.0,200000,120,Home,Semi-Urban,Undergraduate,Male,Private,1
APP101058,8000,3000,Salaried,46,Married,1.0,572.0,1,5.0,,0.0,73000,180,Business,Urban,Graduate,Female,Self,0
APP101059,8000,0,Self-Employed,21,Single,2.0,635.0,0,8.3,16700.0,86000.0,225000,360,Education,Semi-Urban,Graduate,Female,Private,1
APP101060,8000,0,Business,22,Single,0.0,539.0,2,11.2,2200.0,75000.0,180000,240,Education,Urban,Graduate,Male,Private,0
APP101061,8000,0,Business,44,Married,0.0,739.0,2,10.0,6400.0,36000.0,177000,240,Personal,Rural,Graduate,Male,Private,1
APP101062,8000,0,Self-Employed,41,Single,2.0,698.0,0,10.6,,104000.0,185000,240,Personal,Semi-Urban,Graduate,Male,Private,1
APP101063,8000,3000,Salaried,30,Single,2.0,785.0,0,28.9,2500.0,0.0,125000,36,Business,Semi-Urban,Graduate,Male,Private,0
APP101064,8000,0,Salaried,41,Married,0.0,755.0,0,5.0,10400.0,4000.0,54000,180,Business,Rural,Graduate,Male,Private,1
APP101065,8000,3000,Self-Employed,23,Married,0.0,656.0,0,5.0,17800.0,74000.0,127000,360,Personal,Rural,Postgraduate,Female,Private,1
APP101066,8000,0,Salaried,65,Married,0.0,708.0,1,19.7,14800.0,0.0,201000,120,Business,Urban,Graduate,Male,Private,0
APP101067,8000,3000,Salaried,51,Married,0.0,717.0,0,33.4,9100.0,225000.0,224000,60,Home,Rural,Graduate,Male,Private,1
APP101068,8000,0,Salaried,44,Married,0.0,730.0,2,6.3,5700.0,26000.0,117000,240,Personal,Urban,Graduate,Male,Private,1
APP101069,8000,0,Salaried,38,Married,1.0,,0,20.6,,0.0,94000,60,Business,Semi-Urban,Graduate,Male,Private,0
APP101070,8000,0,Salaried,31,Married,3.0,581.0,0,15.9,19400.0,0.0,202000,180,Personal,Urban,Graduate,Female,Govt,0
APP101071,8000,0,Salaried,24,Single,0.0,503.0,1,30.1,4900.0,71000.0,136000,60,Business,Semi-Urban,Postgraduate,Male,Private,0
APP101072,8000,3000,Salaried,36,Married,2.0,577.0,1,13.2,4700.0,221000.0,228000,180,Home,Urban,Undergraduate,Male,Govt,0
APP101073,8000,0,Salaried,29,Married,1.0,690.0,4,5.0,12200.0,30000.0,50000,240,Education,Semi-Urban,Undergraduate,Male,Govt,1
APP101074,8000,0,Business,29,Married,3.0,709.0,1,12.8,3000.0,47000.0,131000,120,Business,Semi-Urban,Undergraduate,Male,Private,0
APP101075,8000,0,Salaried,23,Married,2.0,628.0,0,5.6,8800.0,3000.0,51000,120,Education,Urban,Graduate,Male,Govt,1
APP101076,8000,3000,Salaried,40,Married,2.0,631.0,3,45.3,4800.0,0.0,274000,60,Personal,Semi-Urban,Graduate,Male,Private,0
APP101077,8000,3000,Self-Employed,34,Married,1.0,604.0,0,10.7,4100.0,112000.0,132000,120,Home,Rural,Graduate,Male,Private,0
APP101078,8000,3000,Salaried,43,Married,2.0,654.0,2,6.3,6300.0,0.0,110000,180,Personal,Semi-Urban,Undergraduate,Male,Govt,0
APP101079,8000,3000,Business,42,Single,0.0,617.0,0,54.8,17200.0,0.0,311000,60,Business,Semi-Urban,Graduate,Male,Private,0
APP101080,8000,0,Self-Employed,40,Single,0.0,827.0,0,5.0,9700.0,16000.0,51000,240,Education,Rural,Postgraduate,Male,Self,1
APP101081,8000,0,Salaried,64,Married,3.0,791.0,1,5.0,10900.0,85000.0,86000,240,Home,Semi-Urban,Graduate,Female,Self,1
APP101082,8000,3000,Salaried,46,Married,2.0,745.0,0,20.8,17300.0,140000.0,129000,60,Home,Urban,Graduate,Male,Private,1
APP101083,8000,0,Business,25,Single,0.0,682.0,0,60.4,15100.0,0.0,206000,36,Business,Semi-Urban,Undergraduate,Male,Self,0
APP101084,8000,3000,Business,42,Single,2.0,774.0,1,90.0,6800.0,3000.0,253000,12,Personal,Urban,Undergraduate,Male,Private,0
APP101085,8000,3000,Salaried,37,Married,0.0,688.0,0,18.3,14100.0,333000.0,321000,180,Home,Rural,Undergraduate,Male,Govt,1
APP101086,8000,0,Self-Employed,24,Single,0.0,694.0,0,40.9,6800.0,173000.0,181000,60,Home,Rural,Postgraduate,Female,Self,1
APP101087,8000,0,Salaried,23,Married,1.0,524.0,0,90.0,12600.0,41000.0,93000,12,Business,Urban,Undergraduate,Male,Self,0
APP101088,8000,0,Business,42,Married,1.0,687.0,2,9.6,23000.0,7000.0,80000,120,Business,Semi-Urban,Postgraduate,Female,Private,0
APP101089,8000,0,Salaried,44,Single,1.0,563.0,0,7.8,13600.0,246000.0,193000,360,Home,Semi-Urban,Undergraduate,Male,Private,1
APP101090,8000,3000,Business,27,Single,0.0,635.0,1,12.6,2300.0,254000.0,304000,240,Home,Urban,Graduate,Male,Private,0
APP101091,8000,3000,Self-Employed,47,Single,3.0,695.0,0,7.3,4900.0,143000.0,307000,360,Personal,Rural,Postgraduate,Female,Govt,1
APP101092,8000,0,Self-Employed,40,Married,3.0,599.0,0,55.7,15500.0,0.0,196000,36,Personal,Semi-Urban,Postgraduate,Male,Private,0
APP101093,8000,3000,Salaried,49,Married,0.0,723.0,0,57.5,900.0,112000.0,276000,36,Business,Urban,Graduate,Male,Private,0
APP101094,8000,0,Salaried,48,Married,0.0,766.0,1,90.0,11200.0,75000.0,175000,12,Education,Rural,Undergraduate,Male,Self,0
APP101095,8000,4200,Salaried,36,Married,0.0,600.0,0,5.8,10600.0,116000.0,289000,360,Personal,Urban,Undergraduate,Female,Govt,1
APP101096,8000,0,Salaried,54,Single,2.0,690.0,0,6.7,123900.0,6000.0,70000,120,Personal,Rural,Graduate,Male,Self,1
APP101097,8000,0,Salaried,26,Single,2.0,559.0,1,8.0,12500.0,0.0,111000,180,Business,Urban,Graduate,Female,Govt,0
APP101098,8000,0,Self-Employed,61,Single,1.0,558.0,2,12.1,7300.0,38000.0,136000,120,Education,Semi-Urban,Graduate,Male,Private,0
APP101099,8000,0,Salaried,29,Single,2.0,691.0,2,10.9,25900.0,202000.0,176000,240,Home,Urban,Undergraduate,Female,Private,1
APP101100,8000,4600,Salaried,37,Married,2.0,744.0,0,15.1,5700.0,238000.0,202000,120,Home,Urban,Postgraduate,Male,Private,1
APP101101,8000,3000,Business,32,Single,1.0,544.0,0,8.6,8500.0,37000.0,165000,180,Business,Rural,Graduate,Female,Govt,0
APP101102,9000,0,Business,34,Single,0.0,856.0,1,6.3,8900.0,96000.0,176000,360,Education,Semi-Urban,Postgraduate,Male,Private,1
APP101103,8000,3000,Business,65,Married,0.0,619.0,2,12.8,14800.0,0.0,170000,120,Education,Rural,Graduate,Female,Private,0
APP101104,8100,0,Business,33,Single,0.0,698.0,0,5.0,3200.0,18000.0,63000,180,Personal,Semi-Urban,Undergraduate,Male,Govt,1
APP101105,8000,3000,Salaried,46,Married,1.0,623.0,1,18.4,18600.0,368000.0,322000,180,Home,Rural,Graduate,Male,Govt,1
APP101106,8000,0,Salaried,35,Single,0.0,638.0,2,6.3,4800.0,203000.0,226000,360,Home,Rural,Graduate,Male,Private,1
APP101107,8000,3000,Self-Employed,47,Married,0.0,816.0,0,12.9,63500.0,88000.0,76000,60,Home,Semi-Urban,Undergraduate,Male,Private,1
APP101108,8000,0,Self-Employed,32,Married,0.0,815.0,0,34.8,1800.0,45000.0,150000,60,Personal,Semi-Urban,Graduate,Male,Govt,1
APP101109,8000,3000,Salaried,40,Single,1.0,523.0,1,8.9,3800.0,31000.0,254000,240,Personal,Rural,Graduate,Female,Private,0
APP101110,8000,3000,Business,44,Single,3.0,605.0,3,17.1,1100.0,67000.0,227000,120,Business,Urban,Graduate,Female,Self,0
APP101111,8000,3000,Salaried,30,Married,2.0,892.0,1,5.0,157100.0,0.0,159000,360,Business,Rural,Graduate,Male,Govt,1
APP101112,8000,0,Salaried,65,Married,2.0,641.0,0,11.2,2400.0,3000.0,202000,240,Education,Semi-Urban,Graduate,Female,Private,0
APP101113,8000,0,Salaried,44,Married,2.0,718.0,0,12.3,17300.0,16000.0,166000,180,Personal,Semi-Urban,Undergraduate,Male,Govt,1
APP101114,8000,3000,Self-Employed,35,Married,1.0,774.0,1,38.8,16800.0,143000.0,129000,36,Home,Urban,Undergraduate,Male,Govt,1
APP101115,8000,3000,Self-Employed,31,Single,0.0,756.0,0,9.4,3300.0,209000.0,227000,240,Home,Rural,Undergraduate,Female,Govt,1
APP101116,8000,3000,Salaried,38,Single,0.0,426.0,0,5.2,17600.0,149000.0,139000,240,Home,Urban,Undergraduate,Female,Private,0
APP101117,8000,0,Business,25,Married,0.0,702.0,1,7.4,2800.0,95000.0,162000,240,Education,Rural,Graduate,Female,Self,1
APP101118,8000,0,Salaried,55,Single,1.0,837.0,0,45.3,3600.0,206000.0,195000,60,Home,Semi-Urban,Graduate,Male,Private,1
APP101119,8000,3000,Salaried,42,Married,0.0,682.0,0,5.0,1700.0,139000.0,146000,360,Home,Urban,Graduate,Female,Private,1
APP101120,8000,0,Business,37,Single,2.0,578.0,1,12.5,15800.0,0.0,102000,120,Personal,Rural,Undergraduate,Male,Private,0
APP101121,8000,3000,Business,48,Married,0.0,580.0,1,35.6,1100.0,118000.0,258000,60,Education,Rural,Postgraduate,Male,Private,0
APP101122,8000,3000,Business,30,Married,0.0,654.0,1,5.0,,0.0,200000,360,Personal,Rural,Graduate,Male,Private,0
APP101123,8000,3000,Business,26,Single,3.0,724.0,2,5.0,7200.0,4000.0,103000,240,Education,Urban,Graduate,Female,Self,0
APP101124,8000,0,Self-Employed,36,Married,0.0,900.0,0,18.6,46300.0,125000.0,153000,120,Home,Semi-Urban,Postgraduate,Female,Self,1
APP101125,8000,0,Self-Employed,39,Single,1.0,653.0,0,5.2,8400.0,183000.0,175000,360,Home,Semi-Urban,Postgraduate,Female,Self,1
APP101126,8000,3000,Salaried,43,Single,0.0,722.0,1,40.4,18900.0,210000.0,196000,36,Home,Semi-Urban,Undergraduate,Male,Private,1
APP101127,8000,0,Salaried,23,Married,0.0,540.0,0,69.2,13500.0,163000.0,168000,36,Home,Urban,Graduate,Male,Self,0
APP101128,8000,3000,Salaried,33,Married,1.0,512.0,2,5.2,7300.0,67000.0,162000,240,Personal,Urban,Undergraduate,Male,Private,0
APP101129,8000,3000,Salaried,21,Single,1.0,627.0,1,47.1,24700.0,125000.0,298000,60,Personal,Rural,Graduate,Male,Private,0
APP101130,8000,0,Self-Employed,26,Single,0.0,720.0,0,5.0,11800.0,92000.0,94000,360,Home,Semi-Urban,Postgraduate,Male,Self,1
APP101131,8000,0,Salaried,45,Married,2.0,664.0,1,5.0,19900.0,55000.0,102000,360,Education,Rural,Undergraduate,Female,Govt,1
APP101132,8000,0,Salaried,47,Married,2.0,684.0,0,17.7,3200.0,88000.0,197000,120,Business,Urban,Undergraduate,Male,Private,1
APP101133,8000,0,Salaried,26,Single,0.0,655.0,0,5.0,13700.0,69000.0,59000,360,Home,Rural,Graduate,Male,Private,0
APP101134,8000,0,Self-Employed,34,Married,0.0,677.0,0,90.0,18100.0,,238000,12,Home,Semi-Urban,Graduate,Male,Private,0
APP101135,8000,3000,Salaried,38,Married,2.0,645.0,1,9.9,2700.0,12000.0,232000,180,Personal,Rural,Graduate,Male,Govt,1
APP101136,8000,3300,Business,48,Married,2.0,558.0,0,6.0,,0.0,287000,360,Personal,Urban,Graduate,Male,Self,0
APP101137,9500,3000,Salaried,53,Single,0.0,537.0,1,6.5,1400.0,122000.0,250000,360,Personal,Rural,Postgraduate,Female,Private,0
APP101138,8000,0,Salaried,39,Single,0.0,786.0,2,21.5,1700.0,0.0,199000,120,Personal,Semi-Urban,Undergraduate,Male,Govt,0
APP101139,8000,0,Self-Employed,35,Single,0.0,605.0,0,30.4,7600.0,120000.0,131000,60,Home,Semi-Urban,Graduate,Female,Govt,0
APP101140,8000,3000,Business,23,Single,0.0,642.0,2,27.5,49000.0,0.0,218000,60,Education,Urban,Graduate,Male,Self,0
APP101141,8000,3000,Salaried,39,Single,0.0,787.0,0,10.0,53000.0,217000.0,241000,180,Home,Semi-Urban,Graduate,Male,Govt,1
APP101142,8000,0,Self-Employed,58,Married,3.0,655.0,0,14.7,6000.0,115000.0,221000,180,Personal,Rural,Undergraduate,Male,Govt,1
APP101143,8000,0,Self-Employed,50,Single,2.0,750.0,1,58.6,3100.0,0.0,55000,12,Business,Urban,Undergraduate,Female,Private,0
APP101144,8000,0,Salaried,39,Married,2.0,568.0,4,6.8,,58000.0,69000,120,Home,Semi-Urban,Graduate,Female,Private,0
APP101145,8000,3000,Business,41,Single,0.0,819.0,0,6.8,1100.0,200000.0,248000,360,Home,Urban,Graduate,Male,Private,1
APP101146,8000,0,Self-Employed,31,Married,0.0,692.0,1,12.7,5400.0,92000.0,114000,120,Home,Rural,Undergraduate,Male,Private,0
APP101147,8000,3000,Self-Employed,34,Married,0.0,669.0,1,36.3,3800.0,232000.0,245000,60,Home,Rural,Postgraduate,Male,Self,0
APP101148,8000,0,Business,39,Single,1.0,657.0,1,5.0,7400.0,77000.0,92000,360,Home,Urban,Graduate,Male,Self,1
APP101149,8000,0,Business,39,Single,0.0,748.0,0,36.5,,61000.0,169000,60,Personal,Urban,Undergraduate,Female,Private,1
APP101150,8000,0,Self-Employed,48,Married,0.0,693.0,1,6.5,600.0,0.0,140000,240,Business,Semi-Urban,Undergraduate,Male,Private,0
APP101151,8000,3000,Business,47,Single,0.0,392.0,0,14.2,11100.0,38000.0,98000,60,Education,Urban,Postgraduate,Male,Self,0
APP101152,8000,0,Self-Employed,43,Married,2.0,639.0,0,19.0,11400.0,246000.0,226000,120,Home,Semi-Urban,Postgraduate,Male,Private,0
APP101153,8000,0,Self-Employed,28,Married,1.0,700.0,1,14.0,7600.0,201000.0,200000,180,Home,Urban,Graduate,Male,Private,1
APP101154,8000,0,Self-Employed,28,Single,0.0,584.0,1,14.8,10800.0,246000.0,198000,180,Home,Semi-Urban,Postgraduate,Male,Private,0
APP101155,8000,0,Self-Employed,29,Married,2.0,618.0,2,13.0,13600.0,209000.0,182000,180,Home,Urban,Graduate,Male,Private,0
APP101156,8000,3000,Salaried,40,Single,2.0,645.0,0,12.0,9500.0,13000.0,72000,60,Personal,Urban,Graduate,Female,Private,1
APP101157,8000,3000,Business,21,Married,0.0,823.0,0,12.1,1100.0,211000.0,199000,180,Home,Urban,Graduate,Female,Private,1
APP101158,8000,3000,Business,37,Single,0.0,733.0,0,14.0,3300.0,102000.0,264000,180,Business,Semi-Urban,Graduate,Male,Self,1
APP101159,8000,0,Salaried,52,Single,2.0,709.0,0,16.7,40000.0,0.0,90000,60,Personal,Semi-Urban,Graduate,Female,Govt,0
APP101160,8000,3000,Business,44,Married,0.0,567.0,1,5.9,2500.0,0.0,228000,360,Personal,Urban,Postgraduate,Male,Govt,0
APP101161,8000,3000,Salaried,34,Married,2.0,610.0,1,7.1,8800.0,147000.0,311000,360,Education,Semi-Urban,Postgraduate,Male,Govt,1
APP101162,8000,0,Salaried,31,Single,0.0,756.0,0,6.2,3900.0,3000.0,193000,360,Personal,Rural,Postgraduate,Male,Private,1
APP101163,8000,0,Self-Employed,46,Single,1.0,731.0,1,7.5,14700.0,,153000,240,Education,Urban,Graduate,Male,Govt,0
APP101164,8000,3000,Salaried,41,Married,0.0,552.0,0,22.6,6600.0,178000.0,148000,60,Home,Rural,Graduate,Male,Private,0
APP101165,8000,0,Business,35,Married,1.0,797.0,1,11.9,15600.0,143000.0,170000,180,Home,Semi-Urban,Undergraduate,Male,Private,1
APP101166,8000,0,Business,32,Married,3.0,586.0,2,6.9,,85000.0,185000,360,Business,Urban,Graduate,Male,Private,1
APP101167,8000,0,Salaried,38,Married,1.0,712.0,0,90.0,5500.0,220000.0,170000,12,Home,Urban,Undergraduate,Female,Private,0
APP101168,8000,0,Salaried,34,Married,0.0,900.0,0,11.7,900.0,97000.0,193000,180,Education,Semi-Urban,Graduate,Male,Self,1
APP101169,8200,3000,Salaried,45,Married,0.0,634.0,1,10.5,3400.0,47000.0,142000,120,Education,Semi-Urban,Postgraduate,Male,Private,0
APP101170,8000,0,Self-Employed,50,Single,2.0,679.0,2,33.8,2400.0,185000.0,145000,60,Home,Urban,Graduate,Male,Self,0
APP101171,8000,0,Business,24,Single,2.0,629.0,0,17.2,2400.0,160000.0,153000,120,Home,Rural,Postgraduate,Male,Private,0
APP101172,8000,3000,Self-Employed,25,Single,0.0,695.0,0,5.0,13400.0,98000.0,90000,360,Home,Semi-Urban,Undergraduate,Male,Govt,1
APP101173,8000,0,Salaried,51,Single,3.0,776.0,4,5.0,61400.0,36000.0,82000,240,Personal,Urban,Undergraduate,Female,Govt,1
APP101174,12800,0,Self-Employed,39,Single,1.0,654.0,1,20.5,700.0,85000.0,171000,60,Education,Urban,Undergraduate,Male,Self,1
APP101175,13100,3000,Salaried,26,Married,0.0,645.0,1,5.0,1800.0,0.0,115000,240,Personal,Urban,Graduate,Male,Private,0
APP101176,8000,3000,Self-Employed,47,Single,1.0,771.0,1,15.8,10200.0,12000.0,128000,60,Personal,Semi-Urban,Postgraduate,Male,Govt,1
APP101177,8000,3000,Salaried,41,Single,1.0,558.0,1,9.0,6300.0,260000.0,204000,240,Home,Semi-Urban,Graduate,Male,Private,1
APP101178,8000,3000,Self-Employed,60,Single,2.0,655.0,4,5.7,12800.0,0.0,209000,360,Personal,Rural,Postgraduate,Male,Private,0
APP101179,8000,3000,Salaried,35,Married,0.0,606.0,1,6.1,7700.0,29000.0,132000,180,Personal,Semi-Urban,Graduate,Male,Private,1
APP101180,8000,3000,Business,49,Single,2.0,658.0,0,12.8,30300.0,0.0,316000,240,Personal,Urban,Undergraduate,Male,Govt,0
APP101181,8000,0,Salaried,23,Single,2.0,576.0,3,8.8,14300.0,8000.0,138000,180,Personal,Semi-Urban,Undergraduate,Male,Self,0
APP101182,8000,0,Self-Employed,51,Single,1.0,543.0,1,10.7,19500.0,0.0,170000,180,Personal,Urban,Graduate,Male,Govt,0
APP101183,8000,3000,Business,47,Married,0.0,481.0,0,5.0,22400.0,84000.0,74000,240,Home,Urban,Graduate,Female,Private,0
APP101184,8000,0,Salaried,54,Single,3.0,631.0,1,5.0,2500.0,41000.0,125000,360,Personal,Rural,Graduate,Male,Private,0
APP101185,8000,0,Business,49,Single,1.0,700.0,0,7.0,14600.0,189000.0,152000,240,Home,Urban,Postgraduate,Female,Govt,1
APP101186,8000,3000,Self-Employed,37,Married,3.0,745.0,1,5.0,15400.0,72000.0,148000,360,Personal,Rural,Graduate,Female,Private,1
APP101187,8000,0,Salaried,26,Single,0.0,543.0,2,5.0,5800.0,83000.0,81000,360,Home,Rural,Undergraduate,Male,Govt,0
APP101188,8000,0,Salaried,31,Married,3.0,685.0,1,5.0,5700.0,35000.0,87000,240,Business,Semi-Urban,Postgraduate,Male,Private,1
APP101189,8000,0,Self-Employed,21,Single,2.0,730.0,0,5.0,5900.0,25000.0,138000,360,Education,Urban,Postgraduate,Male,Self,1
APP101190,8000,3000,Salaried,28,Single,3.0,696.0,2,12.5,3400.0,0.0,85000,60,Personal,Urban,Postgraduate,Female,Private,0
APP101191,8000,3000,Self-Employed,42,Married,0.0,679.0,3,10.4,2000.0,28000.0,128000,120,Personal,Urban,Graduate,Male,Private,0
APP101192,8000,3000,Salaried,37,Married,1.0,485.0,0,15.0,69300.0,76000.0,256000,180,Business,Semi-Urban,Undergraduate,Female,Private,0
APP101193,8100,3000,Self-Employed,35,Single,0.0,661.0,1,5.6,23900.0,51000.0,124000,180,Personal,Rural,Postgraduate,Female,Private,1
APP101194,8000,0,Salaried,30,Married,0.0,640.0,4,5.0,8300.0,76000.0,70000,360,Home,Semi-Urban,Undergraduate,Female,Self,1
APP101195,8000,3000,Business,21,Married,0.0,729.0,0,57.4,1900.0,4000.0,88000,12,Business,Rural,Postgraduate,Male,Govt,0
APP101196,8000,3000,Business,39,Single,3.0,804.0,0,41.3,14000.0,0.0,327000,60,Personal,Rural,Postgraduate,Male,Self,0
APP101197,8000,0,Business,41,Married,1.0,656.0,0,5.0,5600.0,35000.0,65000,360,Personal,Rural,Graduate,Female,Self,1
APP101198,8000,0,Self-Employed,28,Married,0.0,648.0,0,52.1,6900.0,65000.0,131000,36,Business,Urban,Postgraduate,Male,Private,0
APP101199,8000,3000,Salaried,32,Single,3.0,691.0,0,30.5,76700.0,175000.0,201000,60,Home,Rural,Undergraduate,Male,Govt,1
APP101200,8000,0,Self-Employed,53,Married,2.0,673.0,1,20.8,54100.0,197000.0,233000,120,Home,Semi-Urban,Undergraduate,Female,Govt,1
APP101201,8000,0,Salaried,49,Married,3.0,718.0,0,10.3,800.0,0.0,219000,240,Personal,Urban,Undergraduate,Male,Private,0
APP101202,8000,3000,Salaried,23,Single,3.0,719.0,1,6.7,11700.0,63000.0,129000,180,Personal,Rural,Graduate,Female,Self,1
APP101203,8000,0,Salaried,37,Single,2.0,664.0,0,5.0,9600.0,26000.0,64000,360,Education,Rural,Undergraduate,Female,Private,1
APP101204,8000,0,Salaried,52,Single,0.0,724.0,0,29.6,11600.0,0.0,132000,60,Personal,Semi-Urban,Undergraduate,Male,Private,0
APP101205,9300,3000,Self-Employed,35,Single,3.0,644.0,2,5.0,4600.0,43000.0,104000,360,Education,Rural,Graduate,Female,Govt,0
APP101206,8000,4900,Self-Employed,35,Single,0.0,541.0,1,39.6,8100.0,194000.0,347000,60,Personal,Urban,Undergraduate,Male,Private,0
APP101207,10100,3000,Salaried,48,Married,1.0,559.0,2,35.1,2700.0,23000.0,300000,60,Business,Semi-Urban,Graduate,Male,Private,0
APP101208,8000,3000,Salaried,47,Married,2.0,469.0,0,12.8,22900.0,278000.0,315000,180,Home,Urban,Postgraduate,Male,Govt,0
APP101209,8000,0,Business,47,Married,,829.0,0,45.2,22200.0,56000.0,157000,36,Personal,Semi-Urban,Graduate,Male,Govt,1
APP101210,8000,0,Salaried,35,Married,1.0,795.0,0,11.4,41800.0,0.0,118000,120,Personal,Semi-Urban,Undergraduate,Male,Private,0
APP101211,8000,3000,Salaried,44,Single,0.0,757.0,2,13.1,3700.0,76000.0,198000,120,Education,Urban,Graduate,Male,Private,1
APP101212,8000,0,Salaried,52,Single,0.0,660.0,0,16.4,10600.0,74000.0,79000,60,Home,Semi-Urban,Graduate,Male,Private,1
APP101213,8000,3000,Self-Employed,37,Married,0.0,735.0,4,5.4,62500.0,175000.0,188000,360,Home,Urban,Graduate,Male,Self,1
APP101214,8000,4900,Self-Employed,33,Single,2.0,744.0,2,27.2,4100.0,130000.0,387000,120,Personal,Urban,Graduate,Female,Private,1
APP101215,8000,3000,Salaried,50,Married,0.0,549.0,0,6.9,3000.0,244000.0,248000,360,Home,Urban,Postgraduate,Female,Govt,1
APP101216,8000,3000,Salaried,58,Married,2.0,593.0,2,5.0,10900.0,31000.0,82000,360,Education,Semi-Urban,Graduate,Male,Private,1
APP101217,8000,3900,Self-Employed,59,Single,1.0,728.0,0,42.2,26000.0,322000.0,279000,60,Home,Urban,Postgraduate,Male,Self,1
APP101218,8000,0,Self-Employed,34,Married,1.0,627.0,1,5.0,4200.0,34000.0,67000,180,Education,Urban,Undergraduate,Male,Self,1
APP101219,8000,3400,Salaried,35,Married,2.0,608.0,1,6.5,56000.0,69000.0,175000,240,Personal,Urban,Undergraduate,Male,Self,1
APP101220,8000,0,Business,27,Married,1.0,754.0,0,7.1,3200.0,65000.0,199000,360,Personal,Urban,Undergraduate,Female,Private,1
APP101221,8000,3000,Salaried,39,Married,0.0,605.0,0,5.0,,54000.0,100000,360,Education,Semi-Urban,Graduate,Female,Self,1
APP101222,8000,0,Salaried,27,Single,0.0,900.0,0,6.0,4100.0,41000.0,104000,240,Personal,Rural,Graduate,Male,Self,1
APP101223,8000,0,Business,32,Single,1.0,815.0,1,90.0,5100.0,0.0,85000,12,Personal,Urban,Postgraduate,Male,Private,0
APP101224,8000,3000,Salaried,45,Married,1.0,660.0,0,16.2,18400.0,309000.0,296000,180,Home,Semi-Urban,Graduate,Male,Private,1
APP101225,8000,0,Self-Employed,41,Married,0.0,784.0,1,5.0,6600.0,96000.0,76000,360,Home,Urban,Undergraduate,Male,Self,1
APP101226,8000,0,Salaried,21,Single,1.0,696.0,0,8.0,1800.0,74000.0,151000,240,Business,Urban,Graduate,Male,Private,1
APP101227,8000,3000,Salaried,53,Single,1.0,634.0,1,5.0,3600.0,24000.0,139000,360,Personal,Urban,Undergraduate,Female,Govt,1
APP101228,8000,3000,Business,27,Married,2.0,858.0,0,8.1,16700.0,87000.0,200000,240,Personal,Rural,Graduate,Female,Govt,1
APP101229,8000,0,Salaried,28,Married,1.0,699.0,2,90.0,12100.0,93000.0,80000,12,Home,Semi-Urban,Undergraduate,Male,Private,0
APP101230,8000,3000,Business,25,Single,3.0,567.0,4,7.3,16700.0,0.0,266000,360,Business,Semi-Urban,Graduate,Male,Private,0
APP101231,8000,3000,Salaried,31,Single,1.0,697.0,3,7.1,4400.0,22000.0,236000,360,Personal,Semi-Urban,Graduate,Female,Govt,1
APP101232,8000,0,Salaried,29,Married,2.0,830.0,0,15.7,2800.0,17000.0,56000,36,Business,Urban,Postgraduate,Male,Private,1
APP101233,8000,0,Salaried,29,Single,1.0,672.0,1,72.1,3600.0,57000.0,230000,36,Business,Rural,Graduate,Male,Self,0
APP101234,8000,3000,Self-Employed,21,Married,1.0,690.0,1,13.9,3800.0,24000.0,302000,180,Business,Urban,Postgraduate,Male,Private,1
APP101235,8000,0,Salaried,39,Married,0.0,637.0,2,5.3,7700.0,6000.0,105000,240,Business,Urban,Postgraduate,Female,Private,0
APP101236,8000,0,Business,40,Married,1.0,711.0,0,8.8,2500.0,126000.0,104000,120,Home,Urban,Graduate,Male,Private,1
APP101237,8000,3000,Salaried,60,Single,3.0,583.0,1,58.3,23500.0,23000.0,198000,36,Business,Urban,Undergraduate,Female,Govt,0
APP101238,8000,0,Business,42,Married,0.0,600.0,1,12.6,13600.0,146000.0,167000,180,Home,Urban,Graduate,Female,Private,1
APP101239,8000,3000,Salaried,33,Married,0.0,,0,9.0,3400.0,0.0,143000,120,Business,Semi-Urban,Postgraduate,Female,Private,0
APP101240,8000,0,Business,25,Married,2.0,687.0,1,18.2,6600.0,225000.0,201000,120,Home,Urban,Postgraduate,Female,Self,0
APP101241,10900,3000,Self-Employed,37,Single,1.0,780.0,0,5.0,3300.0,9000.0,110000,240,Personal,Semi-Urban,Postgraduate,Male,Private,1
APP101242,8000,3000,Self-Employed,42,Married,0.0,666.0,0,5.0,7000.0,215000.0,171000,360,Home,Urban,Graduate,Male,Govt,1
APP101243,8000,0,Business,32,Married,1.0,754.0,0,9.0,3500.0,65000.0,155000,180,Personal,Rural,Graduate,Female,Private,1
APP101244,8000,0,Self-Employed,38,Married,1.0,640.0,0,10.2,69000.0,244000.0,202000,240,Home,Urban,Postgraduate,Female,Private,1
APP101245,8000,3000,Self-Employed,56,Single,1.0,732.0,0,9.9,1700.0,0.0,296000,240,Education,Semi-Urban,Graduate,Male,Self,0
APP101246,8000,0,Salaried,34,Married,2.0,779.0,1,5.8,2300.0,31000.0,95000,180,Business,Semi-Urban,Graduate,Male,Self,1
APP101247,8000,0,Salaried,21,Married,0.0,645.0,3,10.7,6400.0,0.0,94000,120,Personal,Urban,Postgraduate,Female,Govt,0
APP101248,8000,0,Business,46,Married,1.0,703.0,1,14.0,8900.0,110000.0,119000,120,Home,Urban,Postgraduate,Female,Govt,1
APP101249,8000,0,Self-Employed,41,Single,2.0,627.0,0,15.8,9000.0,49000.0,130000,120,Education,Urban,Graduate,Male,Govt,0
APP101250,8000,0,Self-Employed,21,Married,2.0,732.0,0,7.9,20300.0,227000.0,211000,360,Home,Urban,Graduate,Male,Self,1
APP101251,8000,0,Salaried,42,Single,0.0,419.0,1,5.0,12600.0,0.0,50000,360,Personal,Urban,Graduate,Male,Govt,0
APP101252,8000,0,Salaried,28,Single,0.0,517.0,2,11.8,3200.0,19000.0,180000,180,Business,Semi-Urban,Graduate,Male,Govt,0
APP101253,8000,0,Salaried,42,Single,1.0,731.0,0,5.0,23400.0,0.0,90000,360,Personal,Semi-Urban,Graduate,Male,Private,0
APP101254,8000,0,Self-Employed,57,Married,2.0,524.0,1,6.9,15200.0,263000.0,217000,360,Home,Semi-Urban,Graduate,Male,Private,0
APP101255,8000,0,Salaried,36,Single,2.0,627.0,1,5.0,32400.0,0.0,109000,360,Education,Urban,Undergraduate,Male,Govt,0
APP101256,8000,0,Salaried,48,Married,1.0,782.0,3,28.1,8500.0,14000.0,151000,60,Business,Rural,Postgraduate,Male,Private,0
APP101257,8000,3000,Salaried,25,Married,3.0,749.0,1,6.7,24100.0,190000.0,153000,240,Home,Urban,Graduate,Female,Private,1
APP101258,8000,3300,Salaried,22,Single,,879.0,2,5.8,500.0,25000.0,183000,240,Personal,Urban,Graduate,Female,Private,1
APP101259,8000,0,Self-Employed,58,Married,2.0,686.0,0,7.5,5000.0,3000.0,148000,240,Education,Urban,Postgraduate,Male,Self,0
APP101260,8000,0,Salaried,41,Married,2.0,672.0,0,34.0,3300.0,100000.0,192000,60,Personal,Urban,Graduate,Male,Govt,1
APP101261,8000,0,Self-Employed,44,Married,3.0,672.0,1,5.0,16300.0,0.0,71000,240,Business,Semi-Urban,Undergraduate,Female,Private,0
APP101262,8000,0,Salaried,49,Single,3.0,588.0,1,12.0,3900.0,115000.0,116000,120,Home,Semi-Urban,Undergraduate,Male,Self,1
APP101263,8000,0,Salaried,32,Married,1.0,644.0,2,6.1,21500.0,88000.0,171000,360,Personal,Semi-Urban,Postgraduate,Female,Self,1
APP101264,8000,3000,Salaried,46,Single,0.0,,1,7.8,17800.0,0.0,221000,240,Personal,Semi-Urban,Graduate,Female,Private,0
APP101265,8000,0,Salaried,44,Single,1.0,785.0,0,46.4,4400.0,207000.0,198000,60,Home,Rural,Undergraduate,Male,Private,1
APP101266,8000,3000,Salaried,25,Single,2.0,738.0,1,45.9,10300.0,363000.0,301000,60,Home,Semi-Urban,Undergraduate,Female,Govt,1
APP101267,8000,0,Salaried,53,Married,2.0,567.0,1,5.0,6500.0,10000.0,66000,240,Personal,Semi-Urban,Postgraduate,Male,Private,0
APP101268,8000,0,Self-Employed,51,Single,0.0,604.0,2,10.9,9100.0,156000.0,185000,180,Home,Urban,Postgraduate,Male,Self,1
APP101269,8000,0,Salaried,25,Married,0.0,691.0,3,6.2,17100.0,25000.0,103000,180,Business,Urban,Graduate,Male,Private,1
APP101270,8000,4300,Self-Employed,40,Married,1.0,704.0,0,8.2,5800.0,202000.0,216000,240,Home,Semi-Urban,Graduate,Male,Private,1
APP101271,8000,3000,Business,35,Married,1.0,577.0,1,6.0,1500.0,259000.0,232000,360,Home,Urban,Postgraduate,Female,Govt,1
APP101272,8000,3000,Self-Employed,52,Married,0.0,685.0,0,15.2,14700.0,126000.0,106000,60,Home,Semi-Urban,Undergraduate,Male,Private,1
APP101273,8000,0,Salaried,23,Married,2.0,731.0,0,7.7,23700.0,144000.0,115000,180,Home,Urban,Postgraduate,Male,Private,1
APP101274,8000,0,Salaried,65,Married,0.0,734.0,0,8.4,1500.0,125000.0,235000,360,Education,Rural,Undergraduate,Male,Private,1
APP101275,8000,0,Salaried,36,Married,1.0,815.0,2,5.0,7800.0,37000.0,74000,360,Education,Rural,Graduate,Female,Govt,1
APP101276,8000,3000,Salaried,45,Married,0.0,678.0,3,14.7,3200.0,50000.0,88000,60,Personal,Urban,Graduate,Male,Private,0
APP101277,8000,0,Business,51,Single,2.0,568.0,0,71.1,25000.0,26000.0,209000,36,Business,Rural,Postgraduate,Male,Private,0
APP101278,8000,0,Salaried,36,Single,2.0,568.0,2,26.3,26400.0,27000.0,131000,60,Personal,Rural,Graduate,Female,Private,0
APP101279,8000,3000,Salaried,36,Single,0.0,793.0,0,6.8,3600.0,206000.0,244000,360,Home,Rural,Postgraduate,Male,Private,1
APP101280,8000,0,Self-Employed,32,Married,1.0,816.0,1,7.6,2200.0,0.0,107000,180,Business,Urban,Graduate,Female,Private,0
APP101281,8000,3000,Self-Employed,29,Married,0.0,668.0,1,9.8,10300.0,0.0,118000,120,Education,Rural,Undergraduate,Male,Private,0
APP101282,8000,0,Self-Employed,40,Single,3.0,706.0,1,90.0,2700.0,33000.0,89000,12,Education,Urban,Undergraduate,Female,Private,0
APP101283,8000,3000,Salaried,36,Married,2.0,688.0,0,35.1,19100.0,42000.0,118000,36,Education,Semi-Urban,Graduate,Female,Self,1
APP101284,10600,0,Salaried,32,Single,2.0,629.0,3,5.0,7100.0,109000.0,126000,240,Home,Semi-Urban,Graduate,Male,Private,1
APP101285,8000,3000,Salaried,33,Married,0.0,537.0,1,5.2,40400.0,7000.0,124000,180,Business,Semi-Urban,Postgraduate,Male,Self,0
APP101286,8000,0,Salaried,43,Single,0.0,698.0,3,11.4,42200.0,256000.0,204000,180,Home,Urban,Undergraduate,Female,Private,1
APP101287,8000,3000,Salaried,30,Married,1.0,824.0,2,56.6,38300.0,111000.0,207000,36,Personal,Rural,Postgraduate,Male,Private,1
APP101288,8000,0,Salaried,35,Married,0.0,679.0,2,9.1,12100.0,108000.0,105000,120,Home,Semi-Urban,Graduate,Female,Govt,0
APP101289,8000,3000,Salaried,46,Single,2.0,652.0,0,5.0,3100.0,64000.0,157000,360,Personal,Urban,Graduate,Male,Private,1
APP101290,8000,3000,Salaried,40,Married,1.0,609.0,4,51.5,1800.0,0.0,319000,60,Personal,Semi-Urban,Graduate,Male,Self,0
APP101291,8000,0,Salaried,27,Married,0.0,708.0,2,5.0,14700.0,106000.0,83000,360,Home,Rural,Graduate,Male,Private,1
APP101292,8000,0,Self-Employed,37,Married,0.0,783.0,0,67.3,15800.0,52000.0,218000,36,Personal,Rural,Undergraduate,Female,Private,0
APP101293,8000,0,Self-Employed,42,Single,,711.0,2,31.6,10500.0,97000.0,189000,60,Personal,Semi-Urban,Undergraduate,Male,Govt,1
APP101294,8000,3000,Business,47,Married,3.0,495.0,2,9.4,2100.0,37000.0,228000,180,Personal,Urban,Graduate,Female,Self,0
APP101295,8000,0,Salaried,30,Married,0.0,828.0,1,5.2,3600.0,12000.0,168000,360,Personal,Urban,Graduate,Female,Private,1
APP101296,8000,0,Salaried,32,Married,0.0,754.0,0,16.1,8800.0,5000.0,129000,120,Personal,Urban,Graduate,Male,Private,1
APP101297,8000,3000,Salaried,31,Married,0.0,663.0,0,5.7,4400.0,181000.0,182000,240,Home,Urban,Undergraduate,Male,Private,1
APP101298,8000,0,Self-Employed,31,Single,0.0,624.0,1,15.3,3700.0,0.0,201000,180,Personal,Urban,Postgraduate,Female,Private,0
APP101299,8000,0,Self-Employed,42,Married,3.0,639.0,0,60.9,3100.0,73000.0,204000,36,Education,Urban,Postgraduate,Male,Private,0
APP101300,8000,0,Salaried,43,Married,2.0,757.0,0,29.0,7100.0,60000.0,158000,60,Education,Urban,Graduate,Female,Private,1
APP101301,8000,0,Business,48,Married,3.0,502.0,0,5.7,6600.0,66000.0,196000,360,Business,Rural,Postgraduate,Male,Self,0
APP101302,8000,0,Salaried,37,Married,2.0,710.0,2,37.9,3500.0,176000.0,204000,60,Home,Semi-Urban,Graduate,Male,Self,1
APP101303,8000,0,Salaried,23,Married,2.0,697.0,1,5.0,8200.0,,112000,240,Home,Rural,Graduate,Female,Self,1
APP101304,8000,0,Self-Employed,44,Married,1.0,695.0,1,5.0,10400.0,155000.0,168000,360,Home,Urban,Postgraduate,Male,Govt,1
APP101305,8000,3000,Business,39,Married,2.0,559.0,2,51.2,11500.0,145000.0,181000,36,Home,Semi-Urban,Postgraduate,Male,Self,0
APP101306,8000,0,Self-Employed,38,Single,1.0,526.0,0,6.1,3100.0,79000.0,67000,120,Home,Urban,Graduate,Male,Govt,0
APP101307,8000,0,Business,25,Married,0.0,881.0,0,30.5,6000.0,0.0,173000,60,Business,Semi-Urban,Graduate,Male,Govt,1
APP101308,8000,3000,Salaried,36,Single,1.0,691.0,0,30.4,8200.0,277000.0,221000,60,Home,Semi-Urban,Graduate,Male,Self,0
APP101309,8000,0,Business,26,Married,1.0,830.0,3,26.0,9200.0,33000.0,68000,36,Personal,Semi-Urban,Graduate,Female,Self,1
APP101310,8000,0,Salaried,42,Married,3.0,753.0,1,5.0,,70000.0,62000,240,Home,Rural,Postgraduate,Male,Private,1
APP101311,8000,0,Business,33,Married,1.0,682.0,1,5.1,5800.0,14000.0,96000,240,Personal,Rural,Undergraduate,Male,Self,1
APP101312,8000,0,Salaried,32,Married,0.0,684.0,2,9.6,14700.0,86000.0,208000,240,Business,Semi-Urban,Graduate,Female,Self,0
APP101313,8000,0,Business,22,Single,0.0,777.0,0,5.0,4500.0,77000.0,60000,360,Home,Urban,Graduate,Male,Private,1
APP101314,8000,0,Salaried,48,Single,3.0,779.0,1,47.6,11600.0,7000.0,136000,36,Business,Rural,Graduate,Male,Private,1
APP101315,8000,3000,Self-Employed,35,Single,3.0,722.0,0,9.4,8200.0,31000.0,113000,120,Business,Semi-Urban,Postgraduate,Female,Self,1
APP101316,8000,0,Salaried,38,Single,2.0,778.0,0,9.2,5100.0,1000.0,97000,120,Personal,Semi-Urban,Graduate,Female,Private,1
APP101317,8000,3000,Self-Employed,30,Married,0.0,782.0,0,39.9,28600.0,268000.0,269000,60,Home,Semi-Urban,Postgraduate,Male,Govt,1
APP101318,8000,0,Salaried,21,Married,0.0,709.0,0,77.4,6000.0,49000.0,211000,36,Personal,Urban,Graduate,Male,Self,0
APP101319,8000,3000,Salaried,32,Single,1.0,625.0,0,10.1,6600.0,0.0,219000,180,Business,Urban,Postgraduate,Male,Private,0
APP101320,8000,3000,Salaried,34,Single,3.0,,0,6.6,5000.0,293000.0,294000,360,Home,Urban,Undergraduate,Male,Govt,1
APP101321,8000,0,Salaried,40,Married,2.0,596.0,2,7.6,35600.0,38000.0,213000,360,Education,Urban,Undergraduate,Male,Private,1
APP101322,8000,0,Business,34,Married,3.0,645.0,0,37.3,32600.0,81000.0,91000,36,Home,Semi-Urban,Undergraduate,Male,Private,0
APP101323,8000,3000,Salaried,30,Married,1.0,707.0,1,6.9,25500.0,260000.0,236000,360,Home,Urban,Undergraduate,Male,Self,1
APP101324,8000,3000,Business,22,Single,2.0,672.0,0,7.1,19300.0,0.0,271000,360,Business,Rural,Undergraduate,Male,Private,0
APP101325,8000,0,Salaried,38,Married,0.0,798.0,0,15.7,3300.0,32000.0,156000,120,Education,Semi-Urban,Graduate,Male,Private,1
APP101326,8000,0,Salaried,30,Married,0.0,612.0,1,72.3,5200.0,166000.0,203000,36,Home,Urban,Graduate,Female,Self,0
APP101327,8000,0,Self-Employed,51,Married,3.0,480.0,1,6.6,3700.0,34000.0,169000,360,Personal,Urban,Graduate,Male,Self,0
APP101328,8000,3000,Self-Employed,39,Single,0.0,797.0,0,5.0,22700.0,147000.0,141000,240,Home,Semi-Urban,Postgraduate,Male,Private,1
APP101329,8000,0,Salaried,43,Married,2.0,676.0,1,7.0,,216000.0,180000,360,Home,Urban,Undergraduate,Male,Self,1
APP101330,8000,0,Self-Employed,35,Single,1.0,688.0,0,11.9,16000.0,0.0,161000,180,Personal,Semi-Urban,Graduate,Male,Private,0
APP101331,8000,0,Self-Employed,40,Married,0.0,609.0,0,15.9,43300.0,79000.0,168000,120,Education,Rural,Postgraduate,Female,Private,1
APP101332,8000,3000,Salaried,29,Single,0.0,502.0,1,15.9,12800.0,96000.0,91000,60,Home,Semi-Urban,Postgraduate,Male,Private,0
APP101333,8000,0,Business,26,Single,0.0,606.0,0,5.0,11100.0,59000.0,72000,360,Home,Urban,Undergraduate,Male,Private,1
APP101334,8000,0,Business,38,Married,2.0,731.0,0,49.6,4500.0,22000.0,204000,60,Personal,Rural,Postgraduate,Male,Private,1
APP101335,8000,5000,Self-Employed,43,Married,0.0,653.0,1,90.0,15000.0,91000.0,213000,12,Business,Urban,Undergraduate,Female,Private,0
APP101336,8000,3000,Salaried,21,Married,1.0,642.0,1,7.0,20200.0,11000.0,123000,180,Business,Urban,Graduate,Male,Private,1
APP101337,8000,3000,Self-Employed,33,Married,1.0,519.0,1,5.9,23200.0,90000.0,90000,120,Home,Semi-Urban,Graduate,Male,Govt,0
APP101338,8000,0,Salaried,56,Single,0.0,843.0,0,21.0,9000.0,28000.0,98000,60,Personal,Rural,Postgraduate,Male,Govt,1
APP101339,8000,0,Salaried,42,Married,0.0,658.0,2,5.0,9900.0,4000.0,105000,240,Business,Urban,Graduate,Male,Private,1
APP101340,8000,3000,Salaried,53,Married,,890.0,0,22.5,7600.0,118000.0,326000,120,Education,Rural,Graduate,Male,Govt,1
APP101341,8000,0,Salaried,31,Married,0.0,705.0,1,24.5,4600.0,86000.0,208000,120,Business,Urban,Postgraduate,Male,Private,1
APP101342,8000,3000,Business,33,Married,1.0,811.0,1,64.7,19600.0,11000.0,87000,12,Business,Urban,Undergraduate,Female,Private,1
APP101343,8000,0,Self-Employed,47,Single,3.0,615.0,0,14.2,1200.0,189000.0,192000,180,Home,Semi-Urban,Postgraduate,Female,Private,0
APP101344,8000,0,Self-Employed,44,Married,0.0,519.0,3,60.8,1500.0,188000.0,156000,36,Home,Urban,Graduate,Male,Private,0
APP101345,8000,0,Salaried,37,Single,3.0,647.0,2,19.4,4700.0,87000.0,92000,60,Home,Urban,Postgraduate,Male,Private,0
APP101346,8000,0,Salaried,25,Single,1.0,730.0,0,10.3,2300.0,197000.0,191000,240,Home,Urban,Graduate,Male,Self,1
APP101347,8000,0,Salaried,49,Married,1.0,740.0,0,6.2,24000.0,6000.0,54000,120,Business,Urban,Graduate,Female,Self,1
APP101348,8000,3000,Business,63,Married,2.0,715.0,0,33.3,5200.0,143000.0,259000,60,Business,Urban,Postgraduate,Male,Self,0
APP101349,8000,3000,Salaried,22,Single,1.0,870.0,2,12.6,19500.0,360000.0,302000,180,Home,Semi-Urban,Graduate,Female,Private,1
APP101350,8000,0,Business,52,Married,0.0,715.0,0,47.4,29900.0,0.0,217000,60,Personal,Semi-Urban,Graduate,Male,Govt,0
APP101351,8000,3000,Self-Employed,33,Married,0.0,652.0,0,48.7,8600.0,0.0,270000,60,Personal,Rural,Undergraduate,Male,Private,0
APP101352,8000,0,Salaried,34,Married,2.0,658.0,0,12.5,11200.0,112000.0,227000,240,Education,Semi-Urban,Graduate,Male,Self,1
APP101353,8000,0,Self-Employed,40,Married,0.0,607.0,0,10.4,27600.0,0.0,184000,240,Personal,Semi-Urban,Undergraduate,Male,Private,0
APP101354,8500,3000,Salaried,25,Single,1.0,,0,10.0,22000.0,120000.0,259000,240,Business,Semi-Urban,Postgraduate,Female,Private,1
APP101355,8000,0,Business,37,Married,1.0,761.0,2,5.0,1000.0,45000.0,53000,180,Home,Rural,Undergraduate,Female,Govt,1
APP101356,8000,0,Business,21,Married,0.0,790.0,2,5.0,5400.0,92000.0,81000,180,Home,Urban,Graduate,Male,Private,1
APP101357,8000,3400,Salaried,42,Single,2.0,637.0,2,11.7,13500.0,256000.0,282000,240,Home,Urban,Postgraduate,Male,Private,0
APP101358,8000,3000,Salaried,60,Single,2.0,659.0,2,51.4,10100.0,0.0,329000,60,Education,Semi-Urban,Graduate,Female,Govt,0
APP101359,8000,0,Self-Employed,31,Married,1.0,622.0,0,46.2,3000.0,215000.0,186000,60,Home,Urban,Undergraduate,Female,Self,0
APP101360,8000,0,Business,36,Single,0.0,735.0,4,6.9,1500.0,90000.0,159000,240,Education,Rural,Graduate,Male,Private,1
APP101361,8000,0,Salaried,36,Married,0.0,568.0,0,7.9,14900.0,11000.0,83000,120,Personal,Semi-Urban,Graduate,Male,Private,0
APP101362,8000,3000,Self-Employed,47,Single,1.0,615.0,0,10.1,3500.0,12000.0,316000,240,Personal,Urban,Undergraduate,Male,Private,1
APP101363,8000,3000,Self-Employed,42,Married,2.0,305.0,0,41.2,7100.0,110000.0,238000,60,Education,Rural,Graduate,Male,Private,0
APP101364,8000,3000,Self-Employed,47,Married,1.0,565.0,1,16.6,9400.0,178000.0,195000,120,Home,Urban,Graduate,Male,Private,1
APP101365,8000,0,Salaried,32,Single,3.0,626.0,0,8.2,6900.0,0.0,213000,360,Business,Rural,Graduate,Male,Private,0
APP101366,8000,3000,Self-Employed,42,Married,0.0,626.0,1,25.8,3200.0,17000.0,318000,120,Business,Rural,Postgraduate,Male,Private,0
APP101367,8000,0,Business,21,Single,3.0,563.0,0,7.0,7500.0,119000.0,119000,180,Home,Semi-Urban,Graduate,Male,Self,0
APP101368,8000,0,Salaried,44,Married,1.0,570.0,1,49.1,4700.0,130000.0,147000,36,Home,Urban,Graduate,Male,Private,0
APP101369,8000,0,Salaried,25,Single,2.0,785.0,1,15.8,42400.0,20000.0,70000,60,Business,Urban,Graduate,Female,Private,1
APP101370,8000,0,Business,34,Single,0.0,,3,90.0,10000.0,200000.0,232000,12,Home,Semi-Urban,Postgraduate,Female,Private,0
APP101371,8000,0,Salaried,45,Married,1.0,501.0,2,8.0,105500.0,80000.0,71000,120,Home,Rural,Undergraduate,Male,Self,0
APP101372,8000,0,Business,22,Single,2.0,578.0,1,7.2,2200.0,33000.0,226000,360,Education,Urban,Graduate,Female,Govt,0
APP101373,8000,3000,Salaried,48,Married,2.0,555.0,4,5.0,6000.0,93000.0,116000,360,Home,Urban,Graduate,Female,Govt,0
APP101374,8000,3000,Salaried,36,Single,0.0,665.0,1,10.9,6000.0,316000.0,306000,240,Home,Urban,Graduate,Male,Private,1
APP101375,8000,0,Business,52,Married,0.0,704.0,1,5.5,3700.0,0.0,135000,360,Education,Semi-Urban,Graduate,Male,Private,0
APP101376,8000,0,Salaried,28,Single,1.0,558.0,0,11.0,5700.0,0.0,162000,180,Personal,Rural,Graduate,Female,Private,0
APP101377,8000,3000,Salaried,21,Married,3.0,707.0,0,5.2,5000.0,45000.0,75000,120,Business,Urban,Graduate,Female,Private,1
APP101378,8000,0,Salaried,37,Married,1.0,805.0,0,21.3,3000.0,48000.0,124000,60,Business,Urban,Postgraduate,Female,Private,1
APP101379,8000,3000,Self-Employed,43,Married,0.0,763.0,1,6.4,48800.0,186000.0,196000,240,Home,Semi-Urban,Undergraduate,Female,Self,1
APP101380,8000,0,Salaried,44,Married,2.0,732.0,0,10.7,7500.0,59000.0,50000,60,Home,Rural,Graduate,Male,Govt,1
APP101381,8000,0,Salaried,26,Single,1.0,716.0,0,19.7,20500.0,53000.0,175000,120,Personal,Rural,Postgraduate,Male,Self,1
APP101382,8000,0,Business,21,Single,0.0,651.0,0,8.6,21800.0,0.0,209000,360,Personal,Rural,Postgraduate,Male,Govt,0
APP101383,8000,0,Salaried,34,Single,0.0,807.0,0,19.1,33800.0,49000.0,53000,36,Home,Urban,Postgraduate,Male,Private,1
APP101384,8000,3000,Self-Employed,43,Married,2.0,718.0,0,53.1,3000.0,185000.0,196000,36,Home,Urban,Undergraduate,Male,Private,0
APP101385,8000,0,Salaried,42,Married,0.0,599.0,1,11.8,28700.0,55000.0,54000,60,Home,Rural,Graduate,Male,Private,1
APP101386,8000,0,Self-Employed,53,Married,0.0,666.0,0,17.4,7500.0,122000.0,216000,180,Education,Rural,Graduate,Male,Self,0
APP101387,8000,0,Salaried,34,Single,1.0,619.0,0,15.2,62000.0,89000.0,79000,60,Home,Semi-Urban,Postgraduate,Female,Govt,1
APP101388,8000,3000,Business,21,Single,0.0,667.0,0,5.0,13700.0,43000.0,81000,180,Business,Semi-Urban,Graduate,Male,Private,1
APP101389,8000,3000,Salaried,49,Married,0.0,789.0,0,26.2,2600.0,317000.0,292000,120,Home,Rural,Graduate,Male,Private,1
APP101390,8000,3000,Salaried,39,Married,1.0,664.0,0,7.4,28500.0,16000.0,183000,180,Business,Semi-Urban,Graduate,Male,Private,1
APP101391,8000,0,Salaried,40,Married,2.0,608.0,0,12.5,25800.0,0.0,66000,60,Business,Urban,Graduate,Male,Govt,0
APP101392,8000,0,Salaried,45,Single,0.0,773.0,0,6.6,2200.0,0.0,172000,360,Education,Semi-Urban,Postgraduate,Female,Self,0
APP101393,8000,3000,Salaried,50,Single,0.0,794.0,0,12.6,17100.0,0.0,252000,180,Personal,Rural,Graduate,Female,Self,1
APP101394,8000,0,Salaried,37,Single,1.0,609.0,0,7.1,40300.0,60000.0,157000,240,Personal,Semi-Urban,Graduate,Female,Self,0
APP101395,8000,0,Business,49,Married,0.0,805.0,1,6.0,13100.0,,112000,240,Home,Rural,Graduate,Male,Govt,1
APP101396,8000,3000,Salaried,43,Single,1.0,766.0,0,9.0,3100.0,158000.0,178000,180,Home,Semi-Urban,Graduate,Male,Private,1
APP101397,8000,0,Salaried,31,Single,3.0,622.0,1,47.2,22300.0,127000.0,231000,60,Personal,Urban,Undergraduate,Male,Govt,0
APP101398,8000,0,Self-Employed,35,Married,1.0,781.0,1,9.8,15800.0,0.0,151000,180,Personal,Urban,Graduate,Male,Self,0
APP101399,8000,0,Self-Employed,44,Married,0.0,569.0,0,5.3,6400.0,38000.0,124000,240,Personal,Rural,Undergraduate,Female,Private,1
APP101400,8000,0,Salaried,30,Married,0.0,636.0,0,13.3,5100.0,2000.0,184000,180,Education,Semi-Urban,Postgraduate,Female,Private,0
APP101401,8000,0,Salaried,46,Married,0.0,573.0,1,22.0,15700.0,23000.0,63000,36,Education,Urban,Undergraduate,Female,Private,0
APP101402,9800,0,Salaried,39,Single,0.0,592.0,0,90.0,3300.0,26000.0,127000,12,Education,Rural,Graduate,Male,Govt,0
APP101403,8000,0,Self-Employed,41,Married,0.0,756.0,0,7.6,9900.0,0.0,91000,120,Education,Semi-Urban,Graduate,Female,Private,0
APP101404,8000,0,Self-Employed,52,Single,0.0,670.0,1,31.1,26900.0,99000.0,179000,60,Personal,Rural,Undergraduate,Male,Private,0
APP101405,8000,3000,Salaried,41,Married,2.0,572.0,1,5.0,37000.0,67000.0,225000,360,Business,Semi-Urban,Undergraduate,Female,Self,0
APP101406,8000,0,Business,38,Married,2.0,618.0,1,39.6,4800.0,0.0,194000,60,Personal,Urban,Graduate,Male,Self,0
APP101407,8000,0,Business,37,Married,1.0,604.0,2,15.2,1700.0,68000.0,130000,120,Personal,Semi-Urban,Graduate,Male,Private,0
APP101408,8000,0,Self-Employed,36,Married,0.0,694.0,1,5.0,4000.0,5000.0,81000,240,Personal,Rural,Graduate,Male,Self,1
APP101409,8000,3000,Business,41,Married,2.0,884.0,0,5.0,18300.0,24000.0,114000,360,Personal,Urban,Undergraduate,Female,Private,1
APP101410,8000,3000,Salaried,51,Married,0.0,690.0,1,13.6,3900.0,62000.0,302000,180,Personal,Rural,Graduate,Male,Self,1
APP101411,8000,0,Salaried,31,Married,,680.0,3,14.2,23900.0,70000.0,62000,60,Home,Urban,Postgraduate,Male,Private,1
APP101412,9600,3000,Salaried,31,Married,0.0,810.0,1,38.8,3900.0,0.0,255000,60,Business,Urban,Postgraduate,Female,Private,0
APP101413,8000,3000,Salaried,50,Married,1.0,607.0,3,10.8,4600.0,153000.0,127000,120,Home,Urban,Undergraduate,Male,Private,0
APP101414,8000,0,Salaried,32,Married,0.0,799.0,0,10.2,6800.0,0.0,89000,120,Education,Rural,Postgraduate,Male,Govt,1
APP101415,11100,3000,Business,40,Married,0.0,641.0,0,5.7,20800.0,111000.0,118000,120,Home,Semi-Urban,Graduate,Male,Private,1
APP101416,8000,0,Salaried,32,Single,0.0,647.0,0,76.4,1700.0,,236000,36,Home,Semi-Urban,Undergraduate,Male,Govt,0
APP101417,8000,0,Salaried,21,Married,2.0,642.0,1,5.0,10700.0,0.0,60000,360,Personal,Rural,Postgraduate,Female,Self,0
APP101418,8000,0,Salaried,39,Single,0.0,670.0,0,78.4,10500.0,0.0,76000,12,Education,Urban,Postgraduate,Female,Govt,0
APP101419,8000,0,Business,49,Married,0.0,656.0,1,11.6,3000.0,57000.0,118000,120,Business,Urban,Graduate,Male,Private,1
APP101420,8000,3000,Salaried,37,Single,1.0,712.0,0,5.0,11600.0,177000.0,186000,360,Home,Urban,Postgraduate,Female,Self,1
APP101421,8000,0,Salaried,23,Married,0.0,633.0,1,12.3,6800.0,254000.0,231000,240,Home,Semi-Urban,Graduate,Male,Private,1
APP101422,8000,0,Salaried,39,Single,1.0,673.0,2,9.5,2600.0,,94000,120,Home,Semi-Urban,Graduate,Male,Private,0
APP101423,8000,0,Salaried,30,Married,0.0,534.0,0,71.5,7500.0,0.0,186000,36,Personal,Rural,Postgraduate,Male,Private,0
APP101424,8000,0,Business,21,Single,1.0,750.0,0,5.0,2900.0,52000.0,174000,360,Business,Semi-Urban,Postgraduate,Male,Govt,1
APP101425,8000,0,Business,37,Married,1.0,781.0,0,90.0,4300.0,64000.0,147000,12,Education,Urban,Postgraduate,Male,Self,0
APP101426,8000,3000,Salaried,43,Married,2.0,699.0,0,5.0,19500.0,,136000,240,Education,Rural,Graduate,Female,Private,1
APP101427,8000,0,Business,49,Single,0.0,739.0,1,5.0,5900.0,33000.0,78000,360,Business,Urban,Postgraduate,Female,Private,1
APP101428,8000,3000,Self-Employed,55,Married,1.0,588.0,2,90.0,19100.0,136000.0,113000,12,Home,Rural,Graduate,Male,Private,0
APP101429,8000,0,Business,44,Married,3.0,800.0,2,5.7,6900.0,42000.0,114000,240,Education,Urban,Postgraduate,Male,Private,1
APP101430,8000,3000,Salaried,47,Married,2.0,697.0,0,5.0,3100.0,57000.0,102000,360,Education,Urban,Graduate,Female,Self,1
APP101431,8000,3000,Salaried,25,Single,3.0,535.0,0,12.0,13100.0,280000.0,330000,240,Home,Semi-Urban,Postgraduate,Female,Self,1
APP101432,8000,3000,Salaried,54,Single,3.0,789.0,0,15.9,14200.0,165000.0,184000,120,Home,Urban,Undergraduate,Female,Private,1
APP101433,8000,0,Self-Employed,50,Married,1.0,744.0,0,6.3,2400.0,156000.0,151000,360,Home,Urban,Graduate,Male,Private,1
APP101434,8000,0,Salaried,34,Single,0.0,848.0,0,13.4,25200.0,76000.0,166000,180,Business,Semi-Urban,Graduate,Female,Private,1
APP101435,8000,3000,Salaried,44,Married,2.0,829.0,0,5.0,37100.0,48000.0,118000,240,Personal,Urban,Postgraduate,Male,Private,1
APP101436,8000,0,Salaried,43,Married,1.0,800.0,0,8.4,15200.0,1000.0,140000,180,Business,Urban,Postgraduate,Male,Private,1
APP101437,8000,0,Self-Employed,52,Single,1.0,714.0,1,63.5,8800.0,0.0,60000,12,Personal,Urban,Postgraduate,Male,Self,0
APP101438,8000,3000,Salaried,36,Single,1.0,736.0,1,57.8,60600.0,0.0,322000,60,Personal,Semi-Urban,Postgraduate,Male,Private,0
APP101439,8000,3000,Self-Employed,30,Single,1.0,582.0,0,46.4,13900.0,56000.0,191000,36,Personal,Urban,Graduate,Male,Govt,0
APP101440,8000,0,Business,33,Married,1.0,639.0,2,17.1,9900.0,15000.0,54000,36,Business,Urban,Graduate,Male,Private,1
APP101441,8000,3000,Salaried,46,Married,1.0,900.0,0,90.0,44400.0,218000.0,224000,12,Home,Semi-Urban,Graduate,Male,Govt,1
APP101442,8000,0,Self-Employed,21,Married,0.0,524.0,0,7.6,,62000.0,67000,120,Home,Semi-Urban,Graduate,Female,Private,0
APP101443,8000,3000,Salaried,21,Married,2.0,699.0,1,46.2,1900.0,121000.0,275000,60,Personal,Semi-Urban,Postgraduate,Male,Private,0
APP101444,8000,0,Business,46,Married,2.0,676.0,0,6.8,4900.0,35000.0,231000,360,Business,Urban,Graduate,Male,Private,1
APP101445,8000,0,Salaried,40,Single,1.0,748.0,1,10.6,,114000.0,224000,240,Business,Urban,Undergraduate,Male,Private,1
APP101446,8000,3000,Self-Employed,38,Single,0.0,681.0,2,9.1,27600.0,23000.0,179000,180,Personal,Semi-Urban,Undergraduate,Female,Self,1
APP101447,8000,0,Business,24,Married,0.0,789.0,0,14.1,2500.0,169000.0,185000,180,Home,Rural,Undergraduate,Male,Govt,1
APP101448,8000,3000,Business,21,Married,0.0,673.0,1,15.2,20100.0,99000.0,107000,60,Home,Semi-Urban,Undergraduate,Male,Self,1
APP101449,8000,3000,Self-Employed,31,Single,0.0,749.0,0,5.0,5400.0,43000.0,86000,180,Business,Urban,Graduate,Male,Private,1
APP101450,8000,3000,Salaried,41,Married,0.0,712.0,0,10.4,16600.0,71000.0,283000,240,Education,Urban,Undergraduate,Female,Self,1
APP101451,8000,0,Self-Employed,32,Single,0.0,653.0,0,9.1,4600.0,,181000,240,Home,Rural,Graduate,Female,Private,1
APP101452,8000,3000,Business,47,Married,0.0,632.0,1,88.5,800.0,0.0,305000,36,Business,Semi-Urban,Graduate,Male,Govt,0
APP101453,8000,0,Self-Employed,28,Married,1.0,795.0,0,13.7,1400.0,270000.0,224000,240,Home,Urban,Undergraduate,Male,Self,1
APP101454,8000,0,Salaried,32,Single,3.0,736.0,0,5.2,2600.0,66000.0,115000,240,Personal,Urban,Graduate,Female,Private,1
APP101455,8000,3000,Business,45,Married,0.0,769.0,0,6.9,4500.0,67000.0,150000,180,Personal,Rural,Undergraduate,Male,Govt,1
APP101456,8000,0,Self-Employed,34,Married,1.0,792.0,0,30.9,8000.0,136000.0,133000,60,Home,Urban,Postgraduate,Male,Govt,1
APP101457,8000,0,Self-Employed,34,Married,3.0,633.0,0,11.0,4800.0,218000.0,176000,180,Home,Semi-Urban,Undergraduate,Male,Private,1
APP101458,8000,0,Salaried,31,Single,,647.0,1,5.0,7700.0,47000.0,50000,180,Home,Semi-Urban,Graduate,Male,Private,0
APP101459,8000,3000,Self-Employed,29,Single,0.0,625.0,3,11.2,4900.0,74000.0,207000,180,Personal,Urban,Postgraduate,Male,Private,0
APP101460,8000,0,Salaried,41,Married,0.0,764.0,1,5.0,8100.0,30000.0,52000,180,Education,Urban,Graduate,Male,Private,1
APP101461,8000,3000,Self-Employed,42,Married,0.0,680.0,1,50.5,20600.0,164000.0,185000,36,Home,Urban,Undergraduate,Female,Private,0
APP101462,8000,0,Salaried,40,Single,0.0,680.0,2,11.1,,0.0,64000,60,Business,Rural,Graduate,Female,Self,0
APP101463,8000,0,Self-Employed,31,Married,1.0,577.0,1,54.3,13900.0,173000.0,156000,36,Home,Semi-Urban,Postgraduate,Male,Private,0
APP101464,8000,3000,Business,35,Single,0.0,754.0,0,24.1,16600.0,148000.0,149000,60,Home,Rural,Graduate,Female,Private,1
APP101465,8000,3000,Salaried,53,Married,2.0,733.0,3,28.8,6900.0,236000.0,192000,60,Home,Semi-Urban,Graduate,Male,Self,1
APP101466,8000,3000,Business,23,Married,0.0,706.0,3,41.1,1400.0,333000.0,319000,60,Home,Rural,Graduate,Male,Govt,0
APP101467,8000,0,Salaried,56,Single,2.0,694.0,0,20.1,10400.0,0.0,113000,60,Business,Rural,Graduate,Male,Private,0
APP101468,8000,0,Business,38,Married,0.0,765.0,1,10.0,4100.0,171000.0,186000,240,Home,Semi-Urban,Postgraduate,Female,Private,1
APP101469,8000,0,Self-Employed,36,Single,1.0,667.0,1,5.3,19200.0,,179000,360,Education,Urban,Graduate,Female,Private,1
APP101470,8000,3000,Self-Employed,47,Married,1.0,799.0,1,20.6,31800.0,0.0,295000,120,Business,Semi-Urban,Graduate,Female,Govt,0
APP101471,8000,0,Self-Employed,21,Married,1.0,728.0,2,11.4,6300.0,0.0,112000,120,Personal,Semi-Urban,Postgraduate,Female,Govt,0
APP101472,8000,3000,Business,51,Single,0.0,558.0,1,5.0,9500.0,0.0,81000,360,Education,Semi-Urban,Graduate,Male,Private,0
APP101473,8000,0,Salaried,56,Married,0.0,659.0,1,11.0,15800.0,0.0,234000,240,Business,Rural,Graduate,Female,Self,0
APP101474,8000,3000,Salaried,48,Single,0.0,693.0,2,23.6,3600.0,90000.0,162000,60,Personal,Urban,Undergraduate,Female,Private,0
APP101475,8000,3000,Self-Employed,21,Married,1.0,617.0,0,5.0,8200.0,108000.0,117000,240,Home,Urban,Graduate,Female,Private,1
APP101476,8000,3000,Business,45,Single,0.0,769.0,1,19.5,1700.0,42000.0,307000,120,Personal,Semi-Urban,Graduate,Male,Private,1
APP101477,8000,3000,Self-Employed,54,Single,1.0,494.0,1,6.6,23000.0,64000.0,116000,180,Business,Urban,Graduate,Male,Private,0
APP101478,8000,3000,Self-Employed,53,Married,0.0,736.0,2,5.7,43700.0,34000.0,206000,360,Education,Semi-Urban,Graduate,Male,Govt,1
APP101479,8000,3000,Salaried,23,Single,0.0,710.0,4,22.4,9000.0,60000.0,265000,120,Personal,Rural,Postgraduate,Male,Private,1
APP101480,8000,3000,Business,48,Single,1.0,493.0,1,5.6,3800.0,6000.0,259000,360,Business,Semi-Urban,Graduate,Male,Private,0
APP101481,8000,0,Salaried,55,Married,1.0,681.0,1,5.7,10500.0,29000.0,54000,120,Personal,Rural,Undergraduate,Male,Govt,1
APP101482,8000,3000,Salaried,38,Married,0.0,632.0,1,5.6,2300.0,132000.0,119000,180,Home,Semi-Urban,Graduate,Male,Govt,1
APP101483,8000,3000,Salaried,23,Married,1.0,799.0,1,14.3,5200.0,386000.0,301000,180,Home,Semi-Urban,Graduate,Male,Private,1
APP101484,8000,0,Salaried,46,Married,,596.0,1,6.6,5300.0,20000.0,154000,240,Personal,Semi-Urban,Graduate,Male,Self,0
APP101485,8000,3600,Salaried,48,Married,0.0,751.0,0,73.6,4800.0,209000.0,261000,36,Home,Urban,Postgraduate,Male,Self,0
APP101486,8000,3000,Salaried,36,Married,0.0,761.0,1,7.7,10100.0,30000.0,172000,240,Business,Semi-Urban,Undergraduate,Female,Private,1
APP101487,8000,3900,Self-Employed,26,Married,1.0,644.0,0,9.6,12500.0,113000.0,284000,240,Education,Urban,Postgraduate,Male,Govt,1
APP101488,8000,0,Salaried,47,Single,3.0,796.0,0,8.2,8200.0,6000.0,104000,180,Education,Rural,Undergraduate,Male,Private,1
APP101489,8000,3000,Salaried,30,Married,0.0,634.0,1,29.9,19900.0,0.0,127000,36,Personal,Urban,Graduate,Female,Govt,0
APP101490,8000,3000,Salaried,41,Single,1.0,783.0,2,51.0,12000.0,137000.0,329000,60,Personal,Urban,Graduate,Male,Private,1
APP101491,8000,0,Salaried,53,Married,3.0,876.0,3,5.0,4900.0,3000.0,78000,240,Education,Semi-Urban,Graduate,Male,Self,1
APP101492,8000,3000,Salaried,21,Married,1.0,755.0,1,8.3,7300.0,418000.0,325000,360,Home,Semi-Urban,Graduate,Male,Private,1
APP101493,8000,0,Salaried,47,Single,0.0,719.0,2,20.4,7500.0,0.0,226000,120,Personal,Urban,Graduate,Male,Self,0
APP101494,8000,3000,Self-Employed,35,Married,1.0,629.0,1,12.3,5500.0,0.0,255000,180,Business,Urban,Graduate,Female,Private,0
APP101495,8000,3000,Self-Employed,36,Married,0.0,847.0,0,36.8,13500.0,83000.0,220000,60,Personal,Rural,Graduate,Male,Private,1
APP101496,8000,3000,Self-Employed,43,Married,0.0,759.0,0,5.6,1000.0,27000.0,67000,120,Education,Semi-Urban,Graduate,Male,Private,1
APP101497,8000,0,Salaried,30,Married,0.0,630.0,1,16.6,8400.0,180000.0,170000,120,Home,Urban,Graduate,Male,Self,0
APP101498,8000,0,Salaried,26,Married,0.0,814.0,0,10.4,11000.0,53000.0,196000,240,Business,Semi-Urban,Graduate,Male,Govt,1
APP101499,8000,3800,Business,21,Single,0.0,681.0,1,5.8,14800.0,118000.0,278000,360,Business,Urban,Undergraduate,Female,Self,1
APP101500,8000,3000,Salaried,50,Married,2.0,732.0,1,5.0,24500.0,0.0,111000,360,Education,Urban,Graduate,Male,Private,1
APP101501,8000,3000,Salaried,34,Single,3.0,627.0,2,27.3,7000.0,0.0,210000,60,Personal,Rural,Postgraduate,Male,Govt,0
APP101502,8000,3000,Salaried,43,Single,0.0,587.0,1,10.4,18600.0,0.0,211000,180,Education,Urban,Postgraduate,Male,Self,0
APP101503,8000,3000,Salaried,33,Married,0.0,584.0,2,65.4,14900.0,113000.0,238000,36,Personal,Urban,Graduate,Male,Govt,0
APP101504,8000,0,Salaried,26,Married,2.0,629.0,2,49.9,10600.0,16000.0,208000,60,Business,Rural,Graduate,Male,Self,0
APP101505,8000,5500,Salaried,44,Single,1.0,694.0,4,38.6,2000.0,388000.0,307000,60,Home,Rural,Graduate,Female,Private,0
APP101506,8000,0,Self-Employed,41,Single,2.0,637.0,2,8.3,24100.0,2000.0,75000,120,Personal,Urban,Postgraduate,Female,Self,0
APP101507,8000,0,Salaried,35,Married,1.0,608.0,0,5.0,8900.0,49000.0,52000,240,Home,Semi-Urban,Graduate,Female,Private,0
APP101508,8000,3000,Self-Employed,41,Married,3.0,570.0,3,5.0,6300.0,99000.0,102000,180,Home,Rural,Graduate,Female,Private,0
APP101509,8000,0,Self-Employed,28,Married,0.0,793.0,0,5.0,2500.0,0.0,56000,360,Personal,Urban,Graduate,Female,Private,0
APP101510,8000,0,Business,48,Married,0.0,660.0,1,28.1,700.0,112000.0,132000,60,Home,Semi-Urban,Undergraduate,Male,Govt,0
APP101511,8000,3000,Self-Employed,50,Married,0.0,479.0,3,8.7,54300.0,0.0,141000,120,Personal,Semi-Urban,Graduate,Female,Self,0
APP101512,8000,3000,Business,45,Single,1.0,679.0,0,5.0,11000.0,67000.0,68000,120,Home,Semi-Urban,Postgraduate,Female,Govt,1
APP101513,8000,3000,Salaried,34,Married,,626.0,2,13.9,2700.0,0.0,87000,60,Personal,Semi-Urban,Graduate,Female,Private,0
APP101514,8000,3000,Salaried,38,Single,3.0,674.0,3,5.0,2300.0,196000.0,171000,360,Home,Semi-Urban,Undergraduate,Male,Private,1
APP101515,8000,0,Salaried,53,Single,2.0,612.0,2,23.3,6100.0,0.0,228000,120,Personal,Urban,Postgraduate,Male,Private,0
APP101516,8000,0,Self-Employed,50,Married,0.0,779.0,2,9.7,18200.0,0.0,239000,360,Personal,Rural,Graduate,Female,Govt,0
APP101517,8000,0,Business,57,Married,2.0,666.0,0,6.9,15200.0,25000.0,58000,120,Business,Urban,Undergraduate,Female,Govt,1
APP101518,8900,3000,Salaried,30,Single,0.0,661.0,0,35.7,16000.0,0.0,309000,60,Business,Semi-Urban,Postgraduate,Female,Govt,0
APP101519,8000,0,Business,29,Single,3.0,635.0,2,40.0,,177000.0,140000,36,Home,Semi-Urban,Graduate,Male,Self,0
APP101520,8000,3000,Salaried,39,Single,0.0,722.0,0,5.0,6800.0,200000.0,230000,360,Home,Semi-Urban,Graduate,Male,Govt,1
APP101521,8000,3000,Business,42,Married,0.0,699.0,2,90.0,9200.0,81000.0,200000,12,Personal,Semi-Urban,Undergraduate,Male,Self,0
APP101522,8000,0,Salaried,36,Married,2.0,644.0,0,7.1,7700.0,49000.0,226000,360,Personal,Semi-Urban,Undergraduate,Female,Govt,1
APP101523,8000,0,Salaried,34,Married,2.0,674.0,1,13.8,14000.0,180000.0,140000,120,Home,Urban,Postgraduate,Male,Govt,1
APP101524,8900,3000,Salaried,50,Married,2.0,657.0,0,13.9,39100.0,100000.0,119000,60,Home,Semi-Urban,Postgraduate,Male,Private,1
APP101525,8000,0,Salaried,37,Single,0.0,756.0,0,10.1,10000.0,48000.0,198000,240,Personal,Rural,Postgraduate,Female,Govt,1
APP101526,8000,0,Salaried,25,Married,,556.0,1,51.6,4500.0,0.0,147000,36,Business,Rural,Graduate,Male,Private,0
APP101527,8000,0,Salaried,27,Single,1.0,641.0,1,25.9,1900.0,8000.0,70000,36,Business,Semi-Urban,Postgraduate,Female,Self,0
APP101528,8000,3000,Business,40,Married,1.0,662.0,0,5.0,,164000.0,188000,360,Home,Urban,Graduate,Male,Govt,1
APP101529,8000,3000,Salaried,65,Single,1.0,805.0,0,17.2,4200.0,144000.0,247000,120,Education,Urban,Undergraduate,Female,Self,1
APP101530,8000,0,Salaried,28,Single,2.0,777.0,1,7.7,12400.0,103000.0,105000,180,Home,Urban,Undergraduate,Male,Private,1
APP101531,8000,0,Self-Employed,34,Married,1.0,699.0,2,54.1,11700.0,70000.0,223000,60,Education,Semi-Urban,Postgraduate,Female,Govt,0
APP101532,8000,3000,Self-Employed,62,Single,0.0,590.0,0,70.2,38700.0,149000.0,290000,36,Personal,Urban,Graduate,Female,Govt,0
APP101533,8000,0,Salaried,33,Married,1.0,677.0,1,15.0,10000.0,14000.0,157000,120,Personal,Rural,Graduate,Male,Self,1
APP101534,8000,0,Salaried,42,Married,2.0,849.0,0,5.0,12800.0,14000.0,58000,180,Education,Rural,Graduate,Male,Govt,1
APP101535,8000,3000,Salaried,56,Single,0.0,642.0,3,9.6,4200.0,215000.0,220000,240,Home,Urban,Postgraduate,Male,Self,1
APP101536,8000,0,Salaried,28,Single,0.0,691.0,0,10.5,1900.0,42000.0,128000,180,Education,Semi-Urban,Postgraduate,Female,Private,1
APP101537,8000,0,Self-Employed,34,Married,1.0,696.0,0,8.6,23700.0,69000.0,187000,240,Business,Rural,Graduate,Female,Govt,1
APP101538,8000,0,Salaried,33,Married,0.0,603.0,0,31.7,27100.0,109000.0,99000,36,Home,Urban,Postgraduate,Male,Private,0
APP101539,8000,3000,Salaried,22,Single,0.0,591.0,2,66.3,,277000.0,226000,36,Home,Semi-Urban,Undergraduate,Male,Self,0
APP101540,8000,0,Self-Employed,53,Single,2.0,583.0,3,29.1,1200.0,60000.0,154000,60,Personal,Semi-Urban,Graduate,Male,Private,0
APP101541,8000,0,Salaried,32,Married,0.0,637.0,2,7.3,31600.0,69000.0,149000,240,Personal,Urban,Graduate,Female,Private,1
APP101542,8000,3000,Self-Employed,29,Single,0.0,711.0,1,5.0,26600.0,0.0,97000,240,Business,Semi-Urban,Undergraduate,Female,Self,0
APP101543,8000,0,Salaried,33,Married,1.0,695.0,0,50.6,7200.0,49000.0,142000,36,Education,Rural,Postgraduate,Male,Govt,0
APP101544,8000,0,Business,47,Married,1.0,725.0,0,90.0,23600.0,4000.0,154000,12,Personal,Urban,Postgraduate,Male,Self,0
APP101545,8000,3000,Salaried,39,Married,0.0,850.0,3,12.3,7800.0,0.0,311000,240,Education,Semi-Urban,Postgraduate,Male,Self,1
APP101546,8000,0,Business,30,Married,,892.0,1,5.0,10100.0,70000.0,136000,360,Business,Urban,Undergraduate,Male,Private,1
APP101547,8000,0,Self-Employed,42,Single,1.0,680.0,1,7.4,1600.0,29000.0,171000,240,Personal,Rural,Graduate,Male,Self,0
APP101548,8000,3000,Salaried,46,Married,0.0,755.0,1,38.9,27500.0,45000.0,216000,60,Business,Rural,Graduate,Male,Private,1
APP101549,8000,3000,Self-Employed,37,Single,0.0,739.0,0,5.8,1400.0,129000.0,118000,180,Home,Urban,Graduate,Male,Private,1
APP101550,8000,0,Business,35,Married,1.0,760.0,2,5.0,45300.0,2000.0,83000,240,Personal,Rural,Graduate,Male,Private,1
APP101551,8000,0,Self-Employed,48,Single,0.0,765.0,1,39.6,50200.0,110000.0,190000,60,Education,Urban,Graduate,Male,Private,1
APP101552,8000,3000,Business,36,Single,,624.0,1,11.3,600.0,214000.0,204000,180,Home,Urban,Graduate,Male,Private,0
APP101553,8000,0,Business,54,Single,0.0,850.0,1,24.3,38400.0,284000.0,220000,120,Home,Semi-Urban,Undergraduate,Male,Private,1
APP101554,8000,3000,Salaried,30,Single,1.0,801.0,2,43.4,6400.0,130000.0,306000,60,Personal,Urban,Undergraduate,Female,Private,1
APP101555,8000,0,Salaried,30,Married,2.0,766.0,0,5.0,12400.0,0.0,105000,360,Education,Semi-Urban,Graduate,Female,Private,1
APP101556,8000,3000,Self-Employed,28,Single,,741.0,0,5.0,2000.0,0.0,93000,360,Business,Semi-Urban,Postgraduate,Male,Govt,0
APP101557,8000,0,Salaried,35,Single,0.0,715.0,0,12.5,5900.0,31000.0,114000,120,Personal,Urban,Postgraduate,Male,Private,1
APP101558,8000,3500,Business,38,Married,1.0,698.0,0,25.1,2500.0,80000.0,88000,36,Home,Urban,Undergraduate,Female,Self,1
APP101559,8000,3000,Business,24,Single,0.0,742.0,1,11.3,3700.0,105000.0,272000,240,Personal,Semi-Urban,Postgraduate,Female,Private,1
APP101560,8000,3000,Salaried,38,Married,2.0,694.0,1,15.8,27500.0,116000.0,105000,60,Home,Urban,Graduate,Male,Private,1
APP101561,8000,0,Salaried,43,Married,1.0,690.0,3,50.1,22000.0,0.0,214000,60,Education,Urban,Undergraduate,Male,Govt,0
APP101562,8000,0,Self-Employed,23,Single,0.0,666.0,2,13.0,18400.0,0.0,128000,120,Personal,Urban,Postgraduate,Male,Private,0
APP101563,8000,0,Salaried,32,Married,2.0,659.0,1,6.2,4700.0,45000.0,101000,180,Business,Rural,Postgraduate,Male,Govt,1
APP101564,8000,0,Business,43,Single,0.0,836.0,2,52.6,4100.0,24000.0,144000,36,Education,Rural,Undergraduate,Male,Govt,0
APP101565,8000,3000,Salaried,27,Married,0.0,682.0,2,10.7,1600.0,0.0,226000,180,Business,Urban,Undergraduate,Male,Private,0
APP101566,11600,0,Self-Employed,34,Married,1.0,646.0,1,90.0,16000.0,0.0,265000,12,Personal,Urban,Postgraduate,Female,Private,0
APP101567,8000,3000,Salaried,48,Married,0.0,706.0,0,5.0,56200.0,2000.0,155000,360,Education,Semi-Urban,Postgraduate,Male,Private,1
APP101568,8000,3000,Self-Employed,55,Married,3.0,582.0,0,7.1,34700.0,11000.0,326000,360,Personal,Rural,Undergraduate,Male,Private,1
APP101569,8000,0,Salaried,42,Single,0.0,775.0,0,7.5,8400.0,1000.0,129000,240,Personal,Urban,Graduate,Male,Self,1
APP101570,8000,3000,Self-Employed,36,Married,1.0,660.0,4,15.8,13300.0,333000.0,286000,180,Home,Rural,Graduate,Male,Govt,0
APP101571,8000,3000,Salaried,32,Married,3.0,653.0,1,11.9,10400.0,1000.0,75000,60,Business,Semi-Urban,Graduate,Male,Govt,1
APP101572,8000,0,Self-Employed,47,Married,0.0,636.0,2,12.0,20100.0,11000.0,197000,240,Personal,Rural,Undergraduate,Male,Private,0
APP101573,8000,3000,Business,49,Married,0.0,533.0,2,5.0,46300.0,193000.0,212000,360,Home,Urban,Postgraduate,Female,Govt,1
APP101574,8000,0,Salaried,26,Single,0.0,847.0,1,30.8,4600.0,0.0,171000,60,Business,Rural,Graduate,Male,Self,0
APP101575,8000,0,Salaried,47,Married,3.0,709.0,0,9.7,4800.0,128000.0,120000,180,Home,Semi-Urban,Undergraduate,Female,Private,1
APP101576,8000,0,Salaried,31,Single,2.0,854.0,0,16.9,6100.0,0.0,153000,120,Business,Rural,Postgraduate,Female,Private,0
APP101577,8000,3000,Self-Employed,29,Single,0.0,652.0,2,24.2,7800.0,314000.0,312000,120,Home,Semi-Urban,Undergraduate,Male,Private,0
APP101578,8000,4000,Self-Employed,36,Single,0.0,725.0,1,13.9,16800.0,9000.0,183000,120,Personal,Semi-Urban,Graduate,Male,Private,1
APP101579,8000,0,Salaried,47,Single,3.0,750.0,1,5.0,7600.0,0.0,68000,360,Education,Rural,Postgraduate,Male,Govt,1
APP101580,8000,3000,Salaried,41,Married,1.0,736.0,0,40.3,3500.0,0.0,256000,60,Personal,Semi-Urban,Postgraduate,Female,Self,0
APP101581,8000,0,Salaried,40,Married,1.0,651.0,0,9.8,3500.0,167000.0,145000,180,Home,Semi-Urban,Postgraduate,Female,Private,1
APP101582,8000,0,Self-Employed,41,Single,1.0,532.0,0,5.0,2500.0,159000.0,130000,360,Home,Semi-Urban,Postgraduate,Female,Govt,0
APP101583,8000,0,Salaried,42,Single,2.0,887.0,1,15.7,7300.0,181000.0,197000,180,Home,Rural,Undergraduate,Male,Private,1
APP101584,8000,0,Business,36,Single,3.0,618.0,1,5.0,22800.0,24000.0,156000,360,Business,Rural,Graduate,Female,Govt,0
APP101585,8000,0,Salaried,44,Single,2.0,876.0,3,47.4,12300.0,156000.0,169000,36,Home,Urban,Undergraduate,Male,Govt,1
APP101586,8000,3000,Self-Employed,31,Married,3.0,613.0,3,7.4,14200.0,152000.0,310000,360,Personal,Semi-Urban,Graduate,Male,Private,0
APP101587,8000,0,Salaried,44,Married,2.0,808.0,1,10.8,2700.0,0.0,59000,60,Business,Rural,Graduate,Male,Private,0
APP101588,8000,3000,Salaried,46,Single,0.0,728.0,2,5.0,2500.0,49000.0,135000,360,Business,Semi-Urban,Graduate,Male,Private,1
APP101589,8000,3000,Self-Employed,44,Single,0.0,732.0,2,39.0,9700.0,260000.0,303000,60,Home,Rural,Graduate,Female,Govt,0
APP101590,8000,5600,Self-Employed,45,Married,2.0,619.0,2,24.5,28200.0,0.0,340000,120,Business,Rural,Graduate,Male,Private,0
APP101591,8000,0,Business,42,Single,0.0,655.0,0,7.6,18900.0,77000.0,84000,120,Home,Rural,Undergraduate,Male,Govt,1
APP101592,10100,0,Salaried,49,Married,2.0,656.0,0,9.7,4100.0,0.0,102000,120,Personal,Semi-Urban,Postgraduate,Male,Private,0
APP101593,8000,0,Salaried,21,Married,2.0,704.0,0,37.2,80100.0,,206000,60,Personal,Rural,Graduate,Female,Private,0
APP101594,8000,3000,Self-Employed,46,Single,1.0,648.0,3,5.0,1100.0,223000.0,212000,360,Home,Rural,Postgraduate,Female,Private,1
APP101595,8000,0,Self-Employed,57,Single,0.0,627.0,2,22.1,8300.0,241000.0,213000,120,Home,Rural,Graduate,Male,Self,0
APP101596,8000,3000,Salaried,31,Married,0.0,606.0,0,11.0,9000.0,39000.0,308000,240,Education,Urban,Graduate,Male,Self,1
APP101597,8000,0,Salaried,30,Married,0.0,615.0,0,22.0,6600.0,33000.0,61000,36,Education,Urban,Postgraduate,Male,Self,0
APP101598,8000,0,Salaried,50,Married,2.0,720.0,1,8.6,13700.0,0.0,234000,360,Business,Semi-Urban,Postgraduate,Female,Self,0
APP101599,8000,3000,Business,28,Single,0.0,616.0,0,15.1,6600.0,25000.0,255000,180,Education,Semi-Urban,Undergraduate,Male,Self,1
APP101600,8000,3000,Salaried,31,Married,3.0,581.0,0,8.5,1800.0,10000.0,286000,360,Business,Urban,Graduate,Male,Self,0
APP101601,8000,3000,Salaried,39,Single,0.0,676.0,2,17.5,,109000.0,232000,120,Education,Urban,Postgraduate,Male,Self,0
APP101602,8000,3000,Salaried,30,Single,2.0,483.0,0,19.7,9600.0,0.0,147000,60,Business,Urban,Postgraduate,Male,Private,0
APP101603,8000,0,Salaried,46,Single,0.0,679.0,0,15.3,20200.0,0.0,163000,120,Personal,Rural,Undergraduate,Female,Govt,0
APP101604,8000,3400,Salaried,30,Married,1.0,663.0,3,6.4,33400.0,68000.0,210000,240,Business,Rural,Graduate,Male,Govt,1
APP101605,8000,3000,Salaried,41,Single,0.0,714.0,2,10.8,3400.0,338000.0,312000,240,Home,Rural,Postgraduate,Male,Self,1
APP101606,8000,0,Salaried,40,Married,0.0,710.0,0,9.4,43100.0,0.0,155000,240,Personal,Urban,Postgraduate,Male,Private,1
APP101607,8000,0,Business,54,Married,1.0,540.0,3,17.4,5300.0,63000.0,53000,36,Home,Urban,Undergraduate,Male,Self,0
APP101608,8000,0,Salaried,49,Married,3.0,639.0,3,13.1,4900.0,197000.0,180000,180,Home,Semi-Urban,Graduate,Female,Private,0
APP101609,8000,3000,Salaried,32,Married,0.0,738.0,0,5.0,5400.0,6000.0,79000,360,Personal,Urban,Postgraduate,Male,Private,1
APP101610,8000,3000,Business,25,Single,,717.0,0,67.0,1200.0,81000.0,315000,36,Personal,Semi-Urban,Graduate,Female,Private,0
APP101611,8000,3000,Self-Employed,46,Married,2.0,609.0,0,54.4,5300.0,245000.0,194000,36,Home,Urban,Postgraduate,Female,Self,0
APP101612,8000,3100,Salaried,31,Married,2.0,693.0,3,13.1,30100.0,116000.0,324000,240,Personal,Urban,Graduate,Male,Govt,1
APP101613,8000,0,Salaried,34,Single,0.0,746.0,2,6.2,13100.0,21000.0,53000,120,Personal,Semi-Urban,Graduate,Male,Self,1
APP101614,8000,3000,Salaried,27,Married,0.0,592.0,0,6.7,10200.0,166000.0,207000,240,Home,Urban,Postgraduate,Male,Self,1
APP101615,8000,3000,Self-Employed,44,Single,0.0,495.0,1,6.4,11500.0,0.0,126000,180,Personal,Urban,Graduate,Female,Private,0
APP101616,8000,3000,Business,31,Married,0.0,831.0,1,6.2,28600.0,113000.0,235000,360,Personal,Semi-Urban,Graduate,Male,Private,1
APP101617,8000,0,Self-Employed,37,Married,0.0,708.0,0,5.5,3400.0,142000.0,144000,360,Home,Urban,Graduate,Male,Govt,1
APP101618,8000,3000,Self-Employed,37,Single,0.0,630.0,1,8.8,20000.0,73000.0,215000,240,Personal,Semi-Urban,Graduate,Male,Govt,1
APP101619,8000,0,Self-Employed,39,Married,1.0,635.0,0,25.1,8700.0,55000.0,117000,60,Personal,Urban,Undergraduate,Female,Private,0
APP101620,8000,0,Salaried,44,Married,1.0,693.0,0,11.9,,12000.0,58000,60,Business,Semi-Urban,Postgraduate,Male,Govt,1
APP101621,8000,0,Salaried,35,Married,,773.0,0,5.0,12900.0,59000.0,68000,360,Home,Rural,Undergraduate,Male,Govt,1
APP101622,8000,3000,Self-Employed,30,Married,1.0,520.0,3,12.9,8800.0,26000.0,293000,180,Business,Semi-Urban,Graduate,Male,Self,1
APP101623,8000,3000,Business,21,Married,0.0,619.0,3,8.4,3600.0,210000.0,252000,240,Home,Semi-Urban,Undergraduate,Male,Private,0
APP101624,8000,0,Salaried,39,Married,0.0,804.0,3,17.2,2800.0,103000.0,196000,120,Education,Rural,Graduate,Female,Private,1
APP101625,8000,0,Self-Employed,36,Married,0.0,730.0,3,21.1,5200.0,67000.0,72000,36,Home,Urban,Postgraduate,Male,Govt,0
APP101626,8000,0,Salaried,30,Single,0.0,746.0,0,6.8,4900.0,14000.0,57000,120,Business,Urban,Graduate,Female,Self,1
APP101627,8000,0,Salaried,38,Married,2.0,700.0,2,11.1,27500.0,0.0,51000,60,Personal,Urban,Postgraduate,Female,Self,0
APP101628,8000,0,Salaried,46,Married,0.0,707.0,0,9.0,6500.0,174000.0,148000,240,Home,Semi-Urban,Postgraduate,Male,Private,1
APP101629,8000,0,Salaried,49,Married,2.0,621.0,2,8.7,5600.0,143000.0,144000,240,Home,Semi-Urban,Graduate,Female,Self,1
APP101630,8000,0,Self-Employed,22,Single,1.0,621.0,1,22.0,25100.0,59000.0,69000,36,Home,Urban,Graduate,Male,Self,0
APP101631,8000,3000,Salaried,34,Single,1.0,752.0,0,6.3,31200.0,155000.0,158000,240,Home,Rural,Postgraduate,Male,Private,1
APP101632,8000,3000,Self-Employed,47,Single,1.0,631.0,0,5.0,3500.0,53000.0,206000,360,Personal,Urban,Graduate,Female,Private,1
APP101633,8000,0,Self-Employed,53,Single,0.0,705.0,0,10.7,2300.0,0.0,178000,240,Personal,Rural,Graduate,Male,Govt,0
APP101634,8000,3000,Business,29,Married,0.0,,1,15.5,13600.0,42000.0,280000,180,Business,Rural,Graduate,Male,Private,1
APP101635,11700,3000,Salaried,51,Married,0.0,869.0,1,15.1,6600.0,62000.0,314000,120,Business,Rural,Postgraduate,Male,Govt,1
APP101636,8000,0,Salaried,24,Single,1.0,649.0,2,5.0,4700.0,7000.0,54000,360,Personal,Rural,Undergraduate,Female,Govt,0
APP101637,8000,0,Salaried,49,Single,1.0,785.0,0,17.8,22900.0,174000.0,161000,120,Home,Urban,Graduate,Male,Govt,1
APP101638,8000,3000,Business,35,Married,1.0,735.0,1,5.0,6200.0,6000.0,89000,360,Education,Semi-Urban,Graduate,Male,Self,1
APP101639,8000,0,Business,53,Married,0.0,653.0,2,8.2,55200.0,0.0,156000,240,Personal,Urban,Undergraduate,Male,Private,0
APP101640,8000,3000,Salaried,33,Single,3.0,568.0,0,5.0,,63000.0,165000,360,Education,Rural,Postgraduate,Female,Self,1
APP101641,8000,0,Business,34,Single,0.0,675.0,0,5.0,9500.0,0.0,103000,360,Personal,Urban,Graduate,Female,Private,0
APP101642,8000,3000,Salaried,36,Married,0.0,744.0,2,6.1,76100.0,102000.0,193000,240,Business,Urban,Undergraduate,Male,Private,1
APP101643,8000,3000,Self-Employed,22,Single,3.0,561.0,1,90.0,11000.0,,167000,12,Business,Rural,Graduate,Female,Private,0
APP101644,8000,0,Salaried,21,Married,0.0,755.0,0,40.3,4000.0,178000.0,207000,60,Home,Urban,Graduate,Male,Private,1
APP101645,8000,0,Self-Employed,43,Married,3.0,800.0,0,90.0,2900.0,105000.0,91000,12,Home,Urban,Undergraduate,Male,Self,0
APP101646,8000,3000,Salaried,47,Married,0.0,,0,15.4,5100.0,21000.0,102000,60,Business,Semi-Urban,Undergraduate,Female,Self,1
APP101647,8000,0,Business,44,Married,0.0,762.0,0,63.7,10300.0,4000.0,209000,36,Business,Semi-Urban,Graduate,Female,Govt,0
APP101648,8000,0,Self-Employed,25,Married,0.0,692.0,0,7.8,20200.0,,95000,180,Home,Semi-Urban,Graduate,Female,Self,1
APP101649,8000,3000,Self-Employed,42,Single,1.0,731.0,0,45.5,1800.0,16000.0,75000,12,Personal,Semi-Urban,Graduate,Female,Private,0
APP101650,8000,3000,Salaried,28,Married,1.0,814.0,0,8.1,8100.0,0.0,168000,180,Personal,Rural,Graduate,Male,Govt,1
APP101651,8000,0,Salaried,42,Married,0.0,540.0,0,6.1,29100.0,63000.0,205000,360,Education,Urban,Graduate,Female,Private,0
APP101652,8000,3000,Salaried,49,Married,0.0,595.0,2,6.4,10500.0,194000.0,180000,240,Home,Semi-Urban,Graduate,Male,Private,0
APP101653,8000,3000,Salaried,41,Married,0.0,792.0,0,5.0,31400.0,27000.0,190000,360,Business,Semi-Urban,Undergraduate,Male,Private,1
APP101654,8000,0,Salaried,52,Single,0.0,801.0,1,11.3,1800.0,8000.0,57000,60,Personal,Semi-Urban,Undergraduate,Male,Self,1
APP101655,8000,3000,Business,36,Single,3.0,553.0,0,11.3,6500.0,241000.0,254000,180,Home,Semi-Urban,Postgraduate,Male,Govt,0
APP101656,8000,3000,Self-Employed,35,Single,0.0,812.0,1,12.1,9100.0,6000.0,157000,120,Personal,Urban,Postgraduate,Male,Private,1
APP101657,8000,0,Salaried,38,Single,2.0,448.0,0,10.5,14100.0,37000.0,188000,180,Personal,Urban,Graduate,Male,Govt,0
APP101658,8000,3000,Salaried,24,Married,0.0,736.0,0,8.8,3500.0,70000.0,174000,180,Business,Urban,Graduate,Male,Self,1
APP101659,8000,0,Salaried,33,Married,0.0,667.0,4,90.0,12300.0,123000.0,149000,12,Home,Urban,Graduate,Male,Self,0
APP101660,8000,3000,Self-Employed,34,Single,1.0,606.0,1,31.2,13300.0,86000.0,222000,60,Business,Urban,Undergraduate,Male,Govt,0
APP101661,8000,0,Salaried,35,Single,2.0,619.0,0,5.0,7500.0,83000.0,86000,240,Home,Semi-Urban,Graduate,Male,Private,1
APP101662,8000,3000,Business,40,Single,2.0,622.0,0,5.8,13000.0,15000.0,144000,240,Personal,Urban,Undergraduate,Male,Govt,1
APP101663,8000,3000,Salaried,23,Single,1.0,653.0,1,12.3,11100.0,89000.0,221000,180,Personal,Rural,Postgraduate,Female,Self,1
APP101664,8000,3000,Business,26,Single,0.0,850.0,1,40.0,4200.0,161000.0,283000,60,Education,Rural,Graduate,Female,Govt,1
APP101665,8000,0,Business,49,Married,0.0,754.0,0,28.4,6900.0,6000.0,233000,120,Education,Urban,Graduate,Female,Self,0
APP101666,8000,0,Salaried,21,Married,1.0,801.0,1,56.8,2300.0,0.0,149000,36,Business,Semi-Urban,Postgraduate,Male,Self,0
APP101667,8000,3000,Business,44,Single,0.0,651.0,0,5.0,1800.0,15000.0,86000,360,Personal,Rural,Undergraduate,Female,Private,1
APP101668,8000,3000,Salaried,34,Single,2.0,692.0,1,6.7,10400.0,28000.0,318000,360,Education,Semi-Urban,Postgraduate,Male,Private,1
APP101669,8000,3000,Business,39,Married,1.0,567.0,2,45.8,1200.0,,177000,36,Home,Rural,Graduate,Male,Private,0
APP101670,8000,0,Salaried,53,Married,2.0,654.0,0,14.8,6400.0,78000.0,68000,60,Home,Urban,Postgraduate,Male,Private,1
APP101671,8000,3000,Business,36,Married,1.0,622.0,1,13.9,12300.0,342000.0,323000,180,Home,Rural,Graduate,Female,Private,1
APP101672,8000,0,Business,44,Married,2.0,723.0,0,24.2,8200.0,37000.0,102000,60,Business,Semi-Urban,Undergraduate,Male,Private,0
APP101673,8000,0,Business,38,Single,0.0,616.0,0,5.8,72100.0,53000.0,174000,360,Personal,Urban,Postgraduate,Male,Private,1
APP101674,8000,0,Self-Employed,36,Married,1.0,580.0,3,5.0,12400.0,14000.0,76000,240,Business,Rural,Postgraduate,Male,Private,0
APP101675,8000,0,Salaried,35,Married,0.0,715.0,0,39.1,6200.0,222000.0,186000,60,Home,Rural,Graduate,Female,Self,0
APP101676,8000,3000,Salaried,45,Married,1.0,667.0,1,90.0,14900.0,120000.0,324000,12,Personal,Urban,Postgraduate,Male,Govt,0
APP101677,8000,0,Salaried,30,Single,1.0,616.0,0,13.0,2200.0,245000.0,237000,240,Home,Rural,Graduate,Male,Private,1
APP101678,8000,3000,Salaried,26,Married,2.0,603.0,0,6.5,22000.0,18000.0,99000,120,Personal,Urban,Graduate,Male,Self,1
APP101679,8000,0,Self-Employed,38,Married,2.0,608.0,1,8.3,4900.0,89000.0,196000,240,Education,Semi-Urban,Graduate,Male,Govt,0
APP101680,8000,3000,Salaried,39,Married,1.0,745.0,1,36.2,24500.0,273000.0,241000,60,Home,Urban,Undergraduate,Female,Private,1
APP101681,8000,3000,Business,21,Married,0.0,701.0,2,60.6,12100.0,113000.0,278000,36,Personal,Urban,Postgraduate,Male,Self,0
APP101682,8000,3000,Self-Employed,37,Married,3.0,604.0,1,5.0,15100.0,144000.0,154000,240,Home,Rural,Graduate,Female,Private,1
APP101683,8000,0,Business,25,Married,0.0,607.0,1,9.3,4700.0,0.0,125000,180,Personal,Urban,Undergraduate,Male,Govt,0
APP101684,9500,0,Salaried,44,Single,2.0,560.0,2,21.4,2600.0,0.0,135000,60,Personal,Urban,Graduate,Female,Govt,0
APP101685,8000,3000,Business,21,Married,1.0,636.0,1,76.9,2500.0,0.0,268000,36,Personal,Semi-Urban,Graduate,Male,Private,0
APP101686,8000,3000,Business,57,Married,2.0,659.0,4,14.2,1500.0,0.0,280000,180,Business,Urban,Graduate,Male,Private,0
APP101687,8000,3000,Salaried,34,Single,1.0,592.0,1,5.2,5500.0,15000.0,132000,240,Education,Semi-Urban,Postgraduate,Male,Self,0
APP101688,8000,3000,Self-Employed,29,Married,1.0,876.0,0,30.5,4500.0,20000.0,217000,60,Education,Urban,Postgraduate,Male,Private,1
APP101689,8000,0,Self-Employed,35,Single,0.0,736.0,0,5.0,22300.0,9000.0,72000,240,Business,Rural,Graduate,Male,Private,1
APP101690,8000,0,Salaried,43,Married,2.0,669.0,1,9.2,2900.0,16000.0,51000,60,Personal,Urban,Postgraduate,Female,Self,0
APP101691,8000,0,Salaried,46,Married,0.0,687.0,0,18.6,72700.0,181000.0,165000,120,Home,Urban,Graduate,Male,Private,1
APP101692,8000,0,Salaried,35,Single,2.0,554.0,0,11.7,3000.0,67000.0,209000,240,Business,Urban,Undergraduate,Female,Private,0
APP101693,8000,3000,Salaried,23,Single,0.0,572.0,0,11.5,3300.0,265000.0,305000,240,Home,Semi-Urban,Graduate,Female,Private,1
APP101694,8000,0,Salaried,25,Married,2.0,783.0,2,38.7,1800.0,206000.0,167000,60,Home,Urban,Undergraduate,Male,Govt,0
APP101695,8000,0,Salaried,40,Married,0.0,827.0,0,79.0,8200.0,175000.0,203000,36,Home,Semi-Urban,Postgraduate,Female,Self,0
APP101696,8000,0,Salaried,47,Married,0.0,480.0,0,90.0,5900.0,140000.0,126000,12,Home,Urban,Postgraduate,Female,Private,0
APP101697,8000,0,Salaried,49,Single,2.0,706.0,2,8.0,7300.0,195000.0,216000,360,Home,Rural,Graduate,Male,Self,0
APP101698,8000,0,Business,39,Single,2.0,804.0,0,79.7,12200.0,252000.0,197000,36,Home,Urban,Postgraduate,Female,Private,0
APP101699,8000,0,Salaried,47,Married,1.0,633.0,2,30.9,21600.0,21000.0,107000,36,Education,Rural,Graduate,Male,Self,0
APP101700,8000,3000,Business,57,Married,3.0,808.0,1,27.3,2500.0,220000.0,224000,60,Home,Urban,Undergraduate,Male,Govt,1
APP101701,8000,3000,Salaried,49,Married,0.0,741.0,1,6.0,8300.0,95000.0,80000,120,Home,Urban,Graduate,Female,Self,1
APP101702,8000,0,Salaried,47,Married,0.0,720.0,0,5.0,19100.0,25000.0,76000,240,Personal,Urban,Graduate,Male,Self,1
APP101703,8000,3000,Salaried,29,Married,0.0,657.0,0,40.0,2700.0,304000.0,316000,60,Home,Urban,Postgraduate,Male,Private,0
APP101704,10200,0,Salaried,47,Married,0.0,688.0,0,5.0,128600.0,74000.0,64000,180,Home,Semi-Urban,Postgraduate,Male,Self,1
APP101705,8000,0,Salaried,42,Single,0.0,623.0,2,27.3,84200.0,49000.0,87000,36,Education,Rural,Graduate,Female,Self,0
APP101706,8000,0,Self-Employed,44,Single,1.0,682.0,3,5.0,7500.0,65000.0,75000,180,Home,Urban,Undergraduate,Female,Self,1
APP101707,8000,3000,Salaried,50,Single,0.0,694.0,1,35.1,2700.0,230000.0,250000,60,Home,Semi-Urban,Undergraduate,Male,Private,1
APP101708,8000,3000,Self-Employed,41,Married,0.0,632.0,1,12.1,3000.0,0.0,94000,60,Education,Urban,Postgraduate,Female,Private,0
APP101709,8000,0,Self-Employed,36,Married,1.0,480.0,3,5.7,10200.0,0.0,52000,120,Personal,Urban,Graduate,Female,Self,0
APP101710,9400,0,Salaried,27,Single,0.0,646.0,2,12.7,15400.0,28000.0,266000,240,Personal,Urban,Postgraduate,Male,Self,0
APP101711,8000,0,Salaried,35,Married,0.0,580.0,1,12.5,1300.0,49000.0,216000,240,Business,Rural,Graduate,Male,Private,0
APP101712,8000,0,Self-Employed,40,Single,0.0,579.0,0,14.0,3100.0,65000.0,117000,120,Personal,Urban,Graduate,Female,Self,0
APP101713,8000,3000,Salaried,40,Married,3.0,617.0,0,18.8,9300.0,10000.0,93000,36,Education,Rural,Undergraduate,Female,Govt,1
APP101714,8000,3000,Salaried,40,Married,0.0,754.0,0,32.3,2000.0,227000.0,245000,60,Home,Urban,Undergraduate,Female,Self,1
APP101715,8000,0,Business,47,Married,2.0,579.0,0,17.0,6000.0,88000.0,218000,180,Personal,Urban,Undergraduate,Male,Private,0
APP101716,8000,3000,Salaried,46,Married,1.0,600.0,0,6.6,12500.0,399000.0,323000,360,Home,Semi-Urban,Graduate,Male,Private,1
APP101717,8000,3000,Self-Employed,37,Single,0.0,719.0,3,5.0,6900.0,1000.0,100000,360,Education,Urban,Graduate,Male,Private,1
APP101718,8000,0,Business,29,Married,0.0,603.0,1,7.4,3900.0,51000.0,163000,240,Education,Urban,Graduate,Male,Private,0
APP101719,8000,0,Salaried,41,Married,1.0,570.0,1,13.7,8800.0,33000.0,131000,120,Personal,Urban,Graduate,Male,Private,0
APP101720,8000,0,Salaried,60,Married,3.0,752.0,0,5.0,13500.0,0.0,78000,240,Business,Urban,Graduate,Female,Private,0
APP101721,8000,3100,Salaried,41,Single,0.0,668.0,0,22.4,3200.0,95000.0,282000,120,Business,Rural,Graduate,Male,Private,1
APP101722,8000,0,Salaried,35,Married,0.0,685.0,0,9.8,11400.0,227000.0,198000,240,Home,Urban,Postgraduate,Female,Govt,1
APP101723,8000,3000,Salaried,43,Married,0.0,651.0,1,52.3,11200.0,402000.0,321000,60,Home,Semi-Urban,Undergraduate,Male,Self,0
APP101724,8000,3000,Self-Employed,43,Married,0.0,718.0,0,10.8,13600.0,0.0,89000,60,Business,Urban,Postgraduate,Male,Private,0
APP101725,9300,0,Salaried,43,Married,2.0,741.0,0,38.4,10500.0,25000.0,109000,36,Personal,Rural,Undergraduate,Male,Private,1
APP101726,8000,3000,Salaried,51,Married,1.0,668.0,0,20.2,9200.0,86000.0,284000,120,Education,Semi-Urban,Graduate,Male,Private,0
APP101727,8000,3000,Business,41,Single,0.0,545.0,0,7.7,6900.0,87000.0,170000,240,Personal,Urban,Graduate,Male,Self,1
APP101728,8000,0,Business,51,Married,3.0,706.0,0,7.7,6000.0,0.0,139000,240,Personal,Rural,Undergraduate,Female,Private,0
APP101729,8000,0,Self-Employed,40,Married,0.0,649.0,0,5.2,16700.0,0.0,165000,360,Business,Urban,Postgraduate,Female,Govt,0
APP101730,9000,0,Salaried,53,Single,1.0,741.0,2,5.0,7400.0,84000.0,142000,360,Personal,Semi-Urban,Postgraduate,Male,Self,1
APP101731,8000,3000,Self-Employed,50,Married,1.0,591.0,1,18.0,13800.0,0.0,75000,36,Education,Semi-Urban,Graduate,Male,Self,0
APP101732,8000,3900,Salaried,47,Married,0.0,643.0,1,12.0,13600.0,82000.0,244000,180,Personal,Urban,Graduate,Female,Private,1
APP101733,8000,3000,Salaried,45,Married,0.0,538.0,1,7.1,3200.0,19000.0,126000,180,Business,Rural,Postgraduate,Male,Self,0
APP101734,8000,0,Salaried,61,Married,0.0,742.0,1,8.0,5900.0,39000.0,234000,360,Personal,Rural,Undergraduate,Male,Private,1
APP101735,8000,3000,Business,48,Single,3.0,782.0,1,33.4,7700.0,38000.0,248000,60,Personal,Rural,Undergraduate,Male,Private,1
APP101736,8000,3000,Salaried,29,Single,2.0,612.0,3,86.7,8900.0,136000.0,288000,36,Business,Rural,Postgraduate,Female,Private,0
APP101737,8000,0,Salaried,40,Single,0.0,662.0,0,23.2,12400.0,85000.0,231000,120,Personal,Semi-Urban,Postgraduate,Male,Private,1
APP101738,8000,0,Salaried,35,Single,1.0,591.0,2,5.0,9700.0,0.0,60000,360,Education,Urban,Undergraduate,Male,Private,0
APP101739,8000,3100,Salaried,58,Married,1.0,583.0,4,5.0,8500.0,52000.0,106000,360,Personal,Rural,Postgraduate,Female,Govt,0
APP101740,8000,0,Business,50,Married,0.0,742.0,0,22.5,5200.0,0.0,203000,120,Personal,Urban,Postgraduate,Male,Govt,0
APP101741,9200,3000,Self-Employed,58,Married,1.0,634.0,0,8.5,23300.0,317000.0,332000,360,Home,Urban,Undergraduate,Male,Private,1
APP101742,8000,0,Self-Employed,30,Married,2.0,722.0,0,41.7,11500.0,0.0,50000,12,Education,Semi-Urban,Undergraduate,Male,Private,0
APP101743,8000,0,Salaried,49,Single,0.0,662.0,2,22.4,7200.0,89000.0,229000,120,Personal,Rural,Undergraduate,Female,Private,0
APP101744,8000,0,Salaried,24,Single,2.0,747.0,0,6.5,5500.0,0.0,135000,240,Education,Urban,Graduate,Male,Private,0
APP101745,8000,3000,Salaried,22,Married,1.0,636.0,1,33.3,10700.0,105000.0,188000,60,Personal,Rural,Postgraduate,Female,Self,1
APP101746,8000,3000,Salaried,34,Married,0.0,761.0,2,42.4,8300.0,76000.0,298000,60,Education,Semi-Urban,Undergraduate,Female,Private,1
APP101747,8000,0,Salaried,53,Married,2.0,848.0,0,5.0,1800.0,45000.0,104000,360,Business,Urban,Graduate,Male,Private,1
APP101748,8000,3000,Self-Employed,28,Married,0.0,526.0,0,6.7,3000.0,279000.0,220000,240,Home,Rural,Undergraduate,Female,Govt,0
APP101749,8000,0,Salaried,37,Married,2.0,639.0,4,5.0,29900.0,139000.0,112000,360,Home,Rural,Graduate,Male,Private,0
APP101750,8000,0,Salaried,49,Married,0.0,655.0,2,20.6,11700.0,20000.0,70000,36,Education,Urban,Undergraduate,Male,Govt,1
APP101751,8000,3000,Salaried,46,Single,1.0,607.0,1,14.1,4300.0,25000.0,161000,120,Personal,Urban,Postgraduate,Male,Private,1
APP101752,8000,0,Salaried,60,Single,2.0,716.0,0,9.2,5600.0,79000.0,81000,120,Home,Urban,Graduate,Male,Self,1
APP101753,8000,0,Salaried,38,Married,0.0,764.0,2,5.3,3400.0,159000.0,148000,360,Home,Rural,Graduate,Male,Govt,1
APP101754,8000,3000,Business,33,Married,0.0,,3,34.3,4800.0,71000.0,206000,60,Personal,Urban,Postgraduate,Male,Private,0
APP101755,8000,3000,Business,27,Married,1.0,487.0,1,15.3,22600.0,0.0,181000,120,Education,Urban,Postgraduate,Male,Govt,0
APP101756,8000,3000,Business,34,Single,1.0,829.0,0,31.1,6800.0,14000.0,112000,36,Personal,Semi-Urban,Graduate,Female,Self,1
APP101757,8000,0,Salaried,26,Single,0.0,650.0,1,5.0,18600.0,8000.0,71000,240,Personal,Semi-Urban,Undergraduate,Male,Self,1
APP101758,8000,3000,Salaried,21,Single,3.0,688.0,0,16.4,41300.0,16000.0,94000,60,Personal,Urban,Postgraduate,Female,Govt,1
APP101759,8000,0,Salaried,57,Married,,583.0,0,23.6,5500.0,41000.0,70000,36,Education,Rural,Postgraduate,Male,Private,0
APP101760,8000,3000,Salaried,38,Single,0.0,667.0,2,11.2,2200.0,0.0,144000,120,Personal,Rural,Graduate,Male,Self,0
APP101761,8000,3000,Business,63,Married,1.0,803.0,0,5.9,12500.0,0.0,66000,120,Education,Rural,Undergraduate,Male,Private,1
APP101762,8000,0,Salaried,29,Married,1.0,724.0,0,11.9,3600.0,2000.0,60000,60,Business,Urban,Graduate,Male,Private,1
APP101763,8000,3000,Salaried,33,Married,2.0,689.0,1,52.8,8100.0,95000.0,190000,36,Business,Rural,Postgraduate,Male,Private,1
APP101764,8000,0,Salaried,30,Married,0.0,520.0,0,5.0,9600.0,90000.0,83000,360,Home,Semi-Urban,Undergraduate,Female,Private,1
APP101765,8000,3000,Salaried,31,Single,0.0,746.0,0,33.9,51900.0,166000.0,136000,36,Home,Urban,Graduate,Female,Self,1
APP101766,8000,0,Self-Employed,46,Married,0.0,680.0,0,37.6,11200.0,114000.0,116000,36,Home,Semi-Urban,Postgraduate,Female,Self,0
APP101767,8000,0,Salaried,43,Married,3.0,617.0,1,10.0,5100.0,,56000,60,Education,Urban,Graduate,Male,Self,0
APP101768,8000,0,Salaried,46,Married,0.0,737.0,0,5.0,15200.0,0.0,90000,360,Personal,Semi-Urban,Undergraduate,Female,Private,0
APP101769,8000,3000,Salaried,51,Married,0.0,595.0,1,67.0,18300.0,89000.0,271000,36,Personal,Semi-Urban,Postgraduate,Male,Private,0
APP101770,8000,0,Salaried,49,Married,1.0,730.0,0,5.0,27000.0,112000.0,113000,360,Home,Rural,Undergraduate,Male,Private,1
APP101771,8000,0,Self-Employed,27,Married,0.0,,0,5.0,3200.0,8000.0,84000,360,Personal,Urban,Undergraduate,Female,Self,1
APP101772,8000,0,Business,32,Married,0.0,677.0,2,7.6,29500.0,37000.0,86000,120,Business,Semi-Urban,Postgraduate,Male,Private,1
APP101773,8000,3000,Business,39,Married,1.0,641.0,0,50.2,79700.0,178000.0,326000,60,Personal,Urban,Postgraduate,Male,Private,0
APP101774,8000,3000,Self-Employed,65,Single,0.0,620.0,1,5.0,28800.0,112000.0,105000,240,Home,Rural,Postgraduate,Male,Govt,1
APP101775,8000,0,Salaried,45,Married,1.0,706.0,1,10.2,34600.0,0.0,222000,240,Personal,Semi-Urban,Graduate,Male,Private,0
APP101776,8000,3000,Self-Employed,39,Married,0.0,641.0,0,5.0,5200.0,27000.0,87000,240,Personal,Urban,Postgraduate,Female,Self,1
APP101777,8000,3000,Salaried,44,Married,1.0,892.0,0,7.8,43900.0,90000.0,297000,360,Business,Urban,Undergraduate,Male,Private,1
APP101778,8000,0,Salaried,31,Single,0.0,536.0,2,26.9,5000.0,0.0,145000,60,Education,Semi-Urban,Graduate,Female,Govt,0
APP101779,8000,0,Business,40,Single,1.0,660.0,1,9.7,7800.0,98000.0,165000,240,Education,Semi-Urban,Graduate,Male,Govt,1
APP101780,8000,5400,Salaried,47,Married,0.0,704.0,0,30.4,5100.0,58000.0,159000,36,Personal,Semi-Urban,Graduate,Male,Private,0
APP101781,8000,0,Business,37,Married,0.0,677.0,2,16.8,4500.0,49000.0,221000,180,Personal,Urban,Graduate,Male,Self,1
APP101782,8000,3100,Salaried,30,Single,0.0,629.0,0,8.8,8100.0,0.0,223000,240,Personal,Semi-Urban,Graduate,Male,Self,0
APP101783,8000,0,Self-Employed,37,Single,1.0,774.0,2,32.0,2600.0,196000.0,178000,60,Home,Urban,Graduate,Male,Self,1
APP101784,8000,3000,Self-Employed,34,Single,0.0,740.0,0,45.1,4100.0,29000.0,213000,36,Personal,Semi-Urban,Graduate,Female,Private,0
APP101785,13500,3000,Business,24,Single,1.0,738.0,1,15.7,3100.0,188000.0,149000,60,Home,Rural,Postgraduate,Female,Private,1
APP101786,8000,0,Self-Employed,32,Single,1.0,603.0,2,23.2,37600.0,232000.0,209000,120,Home,Semi-Urban,Graduate,Female,Private,0
APP101787,8000,0,Self-Employed,24,Married,1.0,635.0,1,5.0,40900.0,0.0,83000,360,Personal,Urban,Postgraduate,Female,Private,0
APP101788,8000,3000,Salaried,25,Married,0.0,723.0,0,6.3,103300.0,124000.0,143000,180,Home,Rural,Undergraduate,Female,Private,1
APP101789,8000,3000,Salaried,26,Single,1.0,572.0,1,7.5,7600.0,242000.0,243000,240,Home,Urban,Undergraduate,Male,Private,0
APP101790,8000,0,Salaried,47,Single,3.0,723.0,2,11.7,8300.0,3000.0,66000,60,Personal,Semi-Urban,Postgraduate,Female,Private,1
APP101791,8000,3000,Self-Employed,52,Married,0.0,662.0,1,81.6,17500.0,121000.0,312000,36,Personal,Semi-Urban,Graduate,Male,Govt,0
APP101792,8000,3000,Salaried,22,Single,0.0,775.0,0,13.2,2300.0,115000.0,99000,60,Home,Urban,Undergraduate,Male,Private,1
APP101793,8000,0,Self-Employed,53,Married,0.0,641.0,0,16.8,3000.0,42000.0,176000,120,Personal,Urban,Postgraduate,Male,Self,0
APP101794,8000,3000,Salaried,26,Married,1.0,835.0,1,12.1,1600.0,246000.0,234000,180,Home,Urban,Graduate,Male,Self,1
APP101795,8000,0,Salaried,45,Single,0.0,700.0,2,6.1,18700.0,168000.0,182000,360,Home,Rural,Graduate,Male,Private,1
APP101796,8000,0,Self-Employed,40,Married,2.0,718.0,1,15.5,3400.0,69000.0,131000,120,Education,Rural,Graduate,Female,Govt,1
APP101797,8000,0,Salaried,44,Married,1.0,601.0,2,8.6,22100.0,122000.0,121000,180,Home,Semi-Urban,Graduate,Male,Self,0
APP101798,8000,0,Salaried,26,Married,0.0,686.0,2,90.0,5100.0,86000.0,236000,12,Business,Urban,Graduate,Male,Private,0
APP101799,8000,0,Salaried,21,Married,3.0,630.0,0,90.0,8100.0,180000.0,205000,12,Home,Rural,Undergraduate,Male,Private,0
APP101800,8000,3000,Business,29,Married,0.0,541.0,0,44.3,6800.0,11000.0,194000,36,Personal,Semi-Urban,Postgraduate,Male,Private,0
APP101801,8000,0,Self-Employed,42,Married,0.0,662.0,0,5.0,9800.0,5000.0,83000,240,Business,Semi-Urban,Postgraduate,Male,Private,1
APP101802,8000,0,Salaried,57,Married,0.0,776.0,1,13.7,5000.0,17000.0,219000,180,Business,Semi-Urban,Undergraduate,Male,Private,1
APP101803,8000,3200,Salaried,27,Single,0.0,674.0,0,34.8,22900.0,52000.0,242000,60,Education,Urban,Undergraduate,Male,Self,1
APP101804,8000,4000,Salaried,37,Single,2.0,645.0,1,5.0,6900.0,0.0,111000,180,Business,Semi-Urban,Undergraduate,Male,Govt,0
APP101805,8000,0,Self-Employed,30,Married,0.0,652.0,0,5.2,11700.0,27000.0,83000,180,Business,Semi-Urban,Undergraduate,Female,Govt,1
APP101806,8000,0,Self-Employed,37,Single,2.0,865.0,2,57.0,9000.0,169000.0,152000,36,Home,Semi-Urban,Graduate,Female,Govt,1
APP101807,8000,3000,Salaried,21,Married,2.0,710.0,3,8.5,2900.0,74000.0,199000,240,Education,Rural,Undergraduate,Male,Private,1
APP101808,8000,3000,Salaried,52,Married,0.0,536.0,0,5.3,31200.0,194000.0,174000,240,Home,Urban,Postgraduate,Male,Govt,1
APP101809,8000,0,Salaried,38,Married,1.0,623.0,1,22.6,4200.0,28000.0,130000,60,Personal,Semi-Urban,Graduate,Male,Private,0
APP101810,8000,3000,Self-Employed,47,Single,1.0,627.0,2,5.0,18200.0,0.0,111000,240,Personal,Urban,Postgraduate,Female,Govt,0
APP101811,8800,0,Self-Employed,35,Single,2.0,615.0,0,18.0,16800.0,132000.0,107000,60,Home,Rural,Postgraduate,Male,Private,1
APP101812,8000,3000,Salaried,39,Married,0.0,685.0,0,6.9,1800.0,0.0,196000,240,Personal,Urban,Undergraduate,Male,Private,0
APP101813,8000,3000,Salaried,49,Married,0.0,620.0,1,5.0,6800.0,72000.0,83000,360,Home,Urban,Graduate,Female,Govt,1
APP101814,8000,3000,Salaried,39,Married,2.0,625.0,1,13.8,14500.0,0.0,159000,120,Business,Rural,Postgraduate,Male,Private,0
APP101815,8000,0,Business,39,Married,0.0,685.0,1,15.9,6100.0,94000.0,88000,60,Home,Urban,Graduate,Male,Private,0
APP101816,8000,3000,Salaried,30,Married,,517.0,3,9.5,7100.0,0.0,112000,120,Personal,Semi-Urban,Graduate,Male,Govt,0
APP101817,8000,0,Self-Employed,32,Married,1.0,462.0,3,15.6,10100.0,99000.0,76000,60,Home,Rural,Graduate,Female,Private,0
APP101818,8000,0,Self-Employed,27,Single,0.0,775.0,2,87.0,5600.0,66000.0,75000,12,Home,Semi-Urban,Postgraduate,Female,Self,0
APP101819,8000,0,Salaried,30,Married,,755.0,0,5.0,11600.0,46000.0,79000,240,Personal,Urban,Undergraduate,Female,Self,1
APP101820,8000,0,Salaried,50,Single,2.0,713.0,0,90.0,8500.0,132000.0,120000,12,Home,Urban,Graduate,Male,Govt,0
APP101821,8800,0,Salaried,56,Single,1.0,691.0,2,11.8,6700.0,20000.0,74000,60,Personal,Rural,Postgraduate,Male,Self,1
APP101822,8000,0,Self-Employed,25,Married,1.0,654.0,1,10.6,3100.0,120000.0,220000,240,Business,Urban,Graduate,Female,Private,1
APP101823,8000,0,Self-Employed,41,Single,0.0,900.0,0,6.7,12200.0,133000.0,144000,240,Home,Semi-Urban,Graduate,Female,Govt,1
APP101824,8000,3000,Self-Employed,34,Single,,697.0,0,42.7,700.0,72000.0,199000,36,Business,Rural,Postgraduate,Male,Private,0
APP101825,8000,0,Salaried,51,Married,2.0,884.0,2,5.0,10500.0,83000.0,89000,240,Home,Semi-Urban,Graduate,Female,Private,1
APP101826,8500,0,Salaried,39,Married,0.0,865.0,0,8.0,8200.0,278000.0,228000,360,Home,Rural,Postgraduate,Male,Private,1
APP101827,8000,0,Business,37,Single,0.0,,3,61.6,3600.0,242000.0,207000,36,Home,Urban,Graduate,Male,Private,0
APP101828,8000,3000,Self-Employed,30,Married,2.0,653.0,1,6.3,2000.0,0.0,75000,120,Business,Semi-Urban,Graduate,Female,Private,0
APP101829,8000,0,Salaried,22,Married,0.0,665.0,2,9.0,12300.0,227000.0,189000,240,Home,Semi-Urban,Postgraduate,Male,Private,1
APP101830,8000,3000,Business,45,Married,1.0,643.0,0,5.0,6300.0,5000.0,115000,240,Business,Urban,Postgraduate,Female,Private,1
APP101831,8000,3000,Self-Employed,41,Single,0.0,713.0,1,38.6,9300.0,0.0,213000,60,Business,Urban,Graduate,Male,Private,0
APP101832,8000,0,Self-Employed,41,Single,0.0,732.0,1,39.3,1300.0,18000.0,215000,60,Education,Semi-Urban,Postgraduate,Male,Private,0
APP101833,8000,0,Self-Employed,32,Single,0.0,569.0,0,10.0,13100.0,0.0,227000,240,Personal,Semi-Urban,Undergraduate,Female,Self,0
APP101834,8000,3000,Business,36,Married,2.0,892.0,1,5.0,20700.0,61000.0,115000,360,Personal,Semi-Urban,Postgraduate,Female,Self,1
APP101835,8000,3000,Self-Employed,45,Married,1.0,601.0,1,13.9,7000.0,0.0,314000,240,Education,Rural,Graduate,Male,Self,0
APP101836,8000,3000,Salaried,47,Married,1.0,438.0,0,5.0,3300.0,90000.0,84000,360,Home,Semi-Urban,Postgraduate,Male,Private,0
APP101837,8000,0,Salaried,26,Single,0.0,656.0,2,12.2,12500.0,34000.0,223000,240,Education,Rural,Postgraduate,Male,Private,1
APP101838,8000,0,Business,31,Married,0.0,560.0,2,7.6,6100.0,25000.0,196000,360,Personal,Semi-Urban,Graduate,Male,Private,0
APP101839,8000,0,Salaried,24,Married,0.0,675.0,0,13.6,19200.0,0.0,223000,240,Personal,Urban,Undergraduate,Female,Private,0
APP101840,8000,0,Salaried,40,Married,0.0,670.0,2,5.0,8300.0,122000.0,118000,360,Home,Urban,Undergraduate,Female,Private,0
APP101841,8000,0,Salaried,46,Married,1.0,712.0,1,46.9,1000.0,257000.0,229000,60,Home,Semi-Urban,Undergraduate,Male,Self,0
APP101842,8000,3000,Salaried,35,Single,1.0,762.0,1,8.1,800.0,85000.0,282000,360,Business,Rural,Undergraduate,Male,Private,1
APP101843,8000,3000,Self-Employed,31,Single,0.0,589.0,0,20.4,,176000.0,153000,60,Home,Urban,Postgraduate,Male,Private,0
APP101844,8000,0,Business,34,Single,3.0,647.0,0,90.0,12700.0,0.0,113000,12,Personal,Semi-Urban,Postgraduate,Female,Self,0
APP101845,8000,0,Salaried,61,Married,0.0,733.0,1,8.6,5000.0,101000.0,117000,180,Home,Urban,Postgraduate,Male,Self,1
APP101846,8000,3000,Salaried,49,Single,2.0,620.0,0,18.1,13300.0,109000.0,221000,120,Business,Urban,Undergraduate,Male,Private,0
APP101847,8000,0,Salaried,45,Single,0.0,511.0,0,73.0,4200.0,21000.0,83000,12,Business,Semi-Urban,Postgraduate,Male,Private,0
APP101848,8000,3000,Business,41,Married,0.0,735.0,0,5.2,63700.0,197000.0,180000,360,Home,Urban,Graduate,Male,Govt,1
APP101849,8000,0,Self-Employed,37,Single,1.0,621.0,1,5.0,6700.0,70000.0,61000,240,Home,Semi-Urban,Graduate,Male,Private,1
APP101850,8000,3000,Salaried,28,Married,0.0,615.0,1,5.0,10600.0,42000.0,161000,360,Education,Rural,Undergraduate,Male,Govt,1
APP101851,8000,0,Business,27,Single,0.0,658.0,4,6.1,3100.0,217000.0,176000,360,Home,Rural,Graduate,Female,Govt,1
APP101852,8000,3000,Business,32,Single,0.0,680.0,0,16.0,5300.0,71000.0,222000,120,Education,Urban,Postgraduate,Female,Private,1
APP101853,8000,3000,Business,28,Single,0.0,769.0,0,27.1,13300.0,0.0,150000,60,Personal,Semi-Urban,Undergraduate,Female,Private,1
APP101854,8000,0,Business,31,Married,1.0,559.0,1,20.9,7700.0,89000.0,97000,60,Home,Rural,Postgraduate,Male,Private,0
APP101855,8000,0,Salaried,36,Married,1.0,883.0,0,7.0,500.0,9000.0,111000,180,Education,Urban,Undergraduate,Male,Self,1
APP101856,8000,3000,Self-Employed,37,Married,0.0,544.0,1,5.0,13300.0,11000.0,84000,240,Personal,Semi-Urban,Postgraduate,Male,Govt,1
APP101857,8000,3000,Salaried,31,Married,0.0,645.0,0,7.6,14900.0,73000.0,134000,180,Personal,Rural,Graduate,Male,Private,1
APP101858,8000,0,Business,42,Single,2.0,593.0,1,20.9,16800.0,203000.0,184000,120,Home,Urban,Undergraduate,Female,Private,0
APP101859,8000,3000,Self-Employed,36,Single,0.0,676.0,1,14.3,24300.0,0.0,113000,60,Personal,Rural,Graduate,Male,Govt,0
APP101860,8000,0,Self-Employed,40,Single,1.0,673.0,1,7.1,9700.0,0.0,75000,120,Personal,Semi-Urban,Graduate,Male,Private,0
APP101861,8000,0,Self-Employed,30,Married,3.0,694.0,0,68.9,88900.0,107000.0,210000,36,Personal,Urban,Graduate,Female,Private,0
APP101862,8000,3000,Salaried,44,Single,0.0,687.0,2,5.0,10200.0,131000.0,128000,360,Home,Semi-Urban,Graduate,Female,Private,1
APP101863,8000,3000,Salaried,32,Single,0.0,781.0,2,90.0,800.0,152000.0,132000,12,Home,Urban,Graduate,Male,Self,0
APP101864,8000,3000,Business,54,Single,3.0,694.0,0,13.2,10100.0,44000.0,188000,120,Business,Urban,Graduate,Male,Private,1
APP101865,8000,3000,Business,35,Married,0.0,788.0,2,39.3,24900.0,75000.0,191000,36,Business,Semi-Urban,Postgraduate,Male,Self,1
APP101866,8000,0,Salaried,37,Married,0.0,522.0,0,5.0,2000.0,9000.0,84000,240,Personal,Semi-Urban,Undergraduate,Male,Private,0
APP101867,8000,0,Salaried,43,Married,1.0,475.0,1,15.7,6200.0,199000.0,155000,120,Home,Semi-Urban,Graduate,Male,Govt,0
APP101868,8000,0,Salaried,46,Single,0.0,691.0,0,51.3,27300.0,107000.0,182000,36,Personal,Urban,Graduate,Male,Private,0
APP101869,8000,0,Self-Employed,47,Single,3.0,701.0,1,11.5,4600.0,0.0,141000,180,Business,Rural,Postgraduate,Female,Govt,0
APP101870,8000,0,Business,55,Single,0.0,631.0,0,8.1,6400.0,50000.0,220000,360,Education,Semi-Urban,Postgraduate,Male,Private,0
APP101871,8000,0,Salaried,44,Married,1.0,671.0,1,6.9,17700.0,237000.0,238000,360,Home,Rural,Undergraduate,Male,Private,1
APP101872,8000,3800,Salaried,37,Married,1.0,744.0,4,36.1,2200.0,127000.0,221000,60,Personal,Rural,Graduate,Male,Private,1
APP101873,8000,3000,Business,32,Single,1.0,724.0,2,11.8,8000.0,0.0,323000,240,Business,Urban,Undergraduate,Male,Govt,0
APP101874,8000,3000,Self-Employed,36,Single,1.0,634.0,2,90.0,3100.0,289000.0,237000,12,Home,Urban,Postgraduate,Female,Private,0
APP101875,8000,0,Salaried,52,Single,3.0,689.0,1,42.6,6200.0,26000.0,150000,36,Personal,Rural,Postgraduate,Male,Govt,0
APP101876,8000,0,Self-Employed,24,Single,2.0,748.0,0,16.4,10300.0,96000.0,215000,180,Personal,Rural,Graduate,Male,Private,1
APP101877,8000,0,Salaried,29,Married,0.0,569.0,0,57.9,23400.0,119000.0,234000,60,Personal,Urban,Graduate,Male,Self,0
APP101878,8000,3000,Salaried,35,Single,1.0,607.0,0,10.9,11100.0,116000.0,330000,240,Personal,Semi-Urban,Graduate,Female,Self,0
APP101879,8000,3800,Self-Employed,29,Single,0.0,755.0,1,6.5,4600.0,79000.0,286000,360,Personal,Urban,Graduate,Male,Govt,1
APP101880,8000,3000,Self-Employed,33,Married,1.0,516.0,1,90.0,26800.0,179000.0,194000,12,Home,Urban,Postgraduate,Female,Private,0
APP101881,8000,3000,Business,56,Married,0.0,581.0,0,22.4,15000.0,162000.0,144000,60,Home,Semi-Urban,Undergraduate,Male,Private,0
APP101882,8000,3000,Self-Employed,35,Married,2.0,562.0,1,18.5,1200.0,0.0,213000,120,Personal,Urban,Postgraduate,Male,Self,0
APP101883,8000,3000,Self-Employed,42,Married,0.0,762.0,0,11.7,18700.0,250000.0,271000,180,Home,Rural,Postgraduate,Male,Private,1
APP101884,8000,3000,Salaried,21,Single,2.0,582.0,0,5.0,8600.0,0.0,73000,360,Personal,Rural,Postgraduate,Female,Govt,1
APP101885,8000,3000,Salaried,26,Married,0.0,751.0,0,5.0,7800.0,74000.0,137000,360,Personal,Semi-Urban,Graduate,Female,Private,1
APP101886,8000,3000,Salaried,47,Married,3.0,640.0,1,5.4,26600.0,197000.0,160000,240,Home,Urban,Undergraduate,Male,Private,1
APP101887,8000,0,Salaried,54,Married,1.0,808.0,4,35.1,6600.0,54000.0,198000,60,Personal,Urban,Postgraduate,Male,Private,1
APP101888,8000,0,Self-Employed,40,Married,2.0,691.0,0,9.1,19800.0,93000.0,166000,240,Personal,Urban,Graduate,Male,Self,1
APP101889,8000,0,Business,34,Married,1.0,768.0,1,22.1,29100.0,157000.0,130000,60,Home,Semi-Urban,Graduate,Male,Govt,1
APP101890,8000,3000,Salaried,42,Single,3.0,705.0,2,8.5,8600.0,177000.0,309000,360,Education,Urban,Postgraduate,Male,Self,1
APP101891,8000,3000,Salaried,21,Married,2.0,639.0,0,90.0,12700.0,9000.0,208000,12,Business,Semi-Urban,Postgraduate,Female,Govt,0
APP101892,8000,3000,Business,40,Married,2.0,654.0,3,11.8,16200.0,123000.0,257000,180,Education,Semi-Urban,Graduate,Female,Self,0
APP101893,8000,3000,Salaried,27,Married,0.0,680.0,0,56.6,12900.0,47000.0,239000,36,Personal,Rural,Undergraduate,Male,Self,0
APP101894,8000,0,Self-Employed,45,Married,1.0,,3,21.1,19700.0,249000.0,213000,120,Home,Rural,Postgraduate,Male,Private,0
APP101895,8000,3000,Self-Employed,21,Married,0.0,759.0,0,9.2,2900.0,271000.0,280000,240,Home,Semi-Urban,Postgraduate,Female,Private,1
APP101896,8000,0,Self-Employed,31,Married,0.0,892.0,1,12.3,,304000.0,238000,240,Home,Semi-Urban,Graduate,Female,Govt,1
APP101897,8000,0,Salaried,37,Single,,674.0,2,7.3,2300.0,0.0,121000,240,Personal,Urban,Graduate,Male,Govt,0
APP101898,8000,0,Salaried,30,Single,0.0,744.0,0,5.5,43700.0,13000.0,80000,180,Education,Urban,Undergraduate,Male,Govt,1
APP101899,8000,0,Self-Employed,34,Married,0.0,,0,32.8,1500.0,251000.0,194000,60,Home,Rural,Undergraduate,Male,Govt,1
APP101900,8000,0,Self-Employed,47,Married,0.0,445.0,0,7.1,30400.0,0.0,216000,360,Personal,Semi-Urban,Graduate,Male,Private,0
APP101901,8000,0,Salaried,37,Single,0.0,724.0,0,5.0,13000.0,63000.0,58000,360,Home,Urban,Graduate,Male,Private,1
APP101902,8000,0,Self-Employed,28,Single,0.0,711.0,1,21.3,3400.0,94000.0,112000,60,Home,Semi-Urban,Graduate,Male,Self,1
APP101903,8000,0,Salaried,47,Married,0.0,551.0,2,6.5,2300.0,0.0,203000,360,Education,Rural,Graduate,Male,Private,0
APP101904,8000,3000,Self-Employed,40,Single,0.0,519.0,0,5.5,7800.0,233000.0,246000,360,Home,Urban,Postgraduate,Male,Private,1
APP101905,8000,3000,Salaried,40,Single,1.0,718.0,0,11.9,6500.0,97000.0,265000,240,Personal,Urban,Undergraduate,Male,Private,1
APP101906,8000,3000,Business,29,Single,0.0,828.0,0,32.0,12000.0,196000.0,209000,60,Home,Rural,Graduate,Male,Private,1
APP101907,8000,3000,Salaried,21,Married,3.0,646.0,0,6.4,900.0,0.0,167000,240,Education,Semi-Urban,Graduate,Female,Private,0
APP101908,8000,0,Salaried,28,Married,3.0,626.0,3,20.6,6700.0,108000.0,204000,120,Business,Semi-Urban,Undergraduate,Female,Private,0
APP101909,8000,3000,Salaried,27,Married,0.0,887.0,0,8.4,3400.0,59000.0,212000,240,Business,Urban,Graduate,Male,Self,1
APP101910,8000,3000,Salaried,31,Single,0.0,760.0,0,9.9,29000.0,0.0,202000,180,Business,Rural,Undergraduate,Male,Private,1
APP101911,8000,3000,Business,29,Single,0.0,570.0,0,7.1,12200.0,93000.0,260000,360,Business,Rural,Postgraduate,Female,Private,1
APP101912,8000,0,Business,39,Married,3.0,615.0,0,5.0,4900.0,44000.0,85000,240,Personal,Semi-Urban,Undergraduate,Male,Self,0
APP101913,8000,3000,Salaried,46,Single,1.0,876.0,0,27.2,33600.0,5000.0,221000,60,Personal,Urban,Graduate,Male,Govt,1
APP101914,8000,3000,Salaried,48,Single,1.0,620.0,0,5.7,5200.0,0.0,146000,240,Personal,Semi-Urban,Graduate,Male,Private,0
APP101915,8000,0,Self-Employed,46,Single,2.0,632.0,0,5.9,7300.0,0.0,52000,120,Personal,Urban,Graduate,Male,Private,0
APP101916,11200,0,Business,29,Single,3.0,724.0,2,42.6,10600.0,43000.0,268000,60,Personal,Urban,Graduate,Male,Private,1
APP101917,8000,0,Self-Employed,38,Single,2.0,648.0,1,13.9,20100.0,129000.0,139000,120,Home,Urban,Graduate,Female,Self,1
APP101918,8000,0,Salaried,53,Married,2.0,711.0,1,90.0,8200.0,43000.0,221000,12,Business,Urban,Undergraduate,Male,Self,0
APP101919,8000,0,Salaried,22,Single,2.0,705.0,0,5.0,33500.0,23000.0,144000,360,Personal,Rural,Undergraduate,Male,Private,1
APP101920,8000,3000,Self-Employed,51,Single,2.0,666.0,0,5.0,5400.0,0.0,69000,180,Business,Urban,Postgraduate,Female,Govt,0
APP101921,8000,3000,Salaried,28,Married,0.0,788.0,0,7.0,3000.0,183000.0,174000,240,Home,Semi-Urban,Graduate,Male,Self,1
APP101922,8000,0,Self-Employed,40,Married,3.0,565.0,0,15.6,39800.0,105000.0,81000,60,Home,Urban,Postgraduate,Male,Private,1
APP101923,8000,3000,Salaried,42,Single,2.0,690.0,0,11.9,5900.0,282000.0,309000,240,Home,Semi-Urban,Postgraduate,Male,Govt,1
APP101924,8000,3000,Self-Employed,39,Married,0.0,611.0,2,8.1,14700.0,27000.0,184000,180,Personal,Urban,Graduate,Male,Private,0
APP101925,8000,0,Salaried,60,Single,1.0,827.0,0,13.2,17500.0,164000.0,146000,120,Home,Semi-Urban,Undergraduate,Male,Private,1
APP101926,8000,0,Self-Employed,34,Married,1.0,664.0,0,5.0,65000.0,57000.0,118000,360,Education,Rural,Graduate,Male,Govt,0
APP101927,8000,0,Salaried,21,Married,0.0,845.0,1,10.0,6000.0,145000.0,148000,180,Home,Rural,Graduate,Male,Self,1
APP101928,8000,3000,Self-Employed,41,Married,2.0,634.0,1,5.0,13700.0,108000.0,88000,240,Home,Semi-Urban,Graduate,Female,Private,0
APP101929,8000,3000,Salaried,36,Married,0.0,681.0,1,90.0,3700.0,71000.0,187000,12,Personal,Urban,Undergraduate,Male,Private,0
APP101930,8000,0,Self-Employed,43,Single,3.0,777.0,0,17.8,5000.0,56000.0,175000,120,Business,Urban,Postgraduate,Male,Private,1
APP101931,8000,3000,Self-Employed,46,Married,0.0,585.0,1,5.0,3800.0,203000.0,164000,360,Home,Semi-Urban,Graduate,Male,Self,1
APP101932,8000,3000,Self-Employed,37,Married,0.0,799.0,2,5.8,18900.0,55000.0,170000,240,Personal,Urban,Graduate,Male,Govt,1
APP101933,8000,0,Self-Employed,42,Married,2.0,682.0,0,15.3,20300.0,209000.0,209000,180,Home,Semi-Urban,Graduate,Male,Private,1
APP101934,8000,0,Self-Employed,39,Married,0.0,685.0,4,6.1,11700.0,182000.0,151000,360,Home,Rural,Graduate,Female,Self,1
APP101935,8000,0,Business,55,Married,2.0,721.0,1,9.5,3700.0,0.0,161000,180,Personal,Rural,Graduate,Male,Private,0
APP101936,8000,0,Salaried,34,Single,0.0,665.0,1,6.2,4200.0,0.0,105000,180,Personal,Rural,Graduate,Male,Private,0
APP101937,8000,3000,Business,31,Married,3.0,599.0,1,17.4,4000.0,93000.0,194000,120,Business,Rural,Graduate,Female,Govt,1
APP101938,8000,0,Salaried,46,Married,0.0,672.0,2,5.0,11600.0,24000.0,58000,240,Education,Semi-Urban,Undergraduate,Male,Private,1
APP101939,8000,0,Salaried,28,Married,0.0,490.0,1,12.6,1700.0,0.0,131000,120,Business,Semi-Urban,Postgraduate,Male,Self,0
APP101940,8000,0,Salaried,41,Married,3.0,538.0,3,20.3,5400.0,176000.0,202000,120,Home,Urban,Postgraduate,Female,Govt,0
APP101941,8000,3000,Salaried,36,Married,0.0,667.0,0,5.0,2100.0,99000.0,109000,360,Home,Rural,Graduate,Female,Self,1
APP101942,8000,3000,Self-Employed,36,Married,3.0,,2,73.1,13400.0,216000.0,268000,36,Home,Urban,Graduate,Female,Self,0
APP101943,8000,3000,Self-Employed,62,Single,2.0,808.0,1,43.5,3000.0,24000.0,165000,36,Personal,Semi-Urban,Graduate,Male,Private,0
APP101944,8000,0,Self-Employed,50,Single,0.0,752.0,2,63.3,57400.0,46000.0,53000,12,Home,Urban,Graduate,Male,Private,0
APP101945,8000,3000,Salaried,48,Single,1.0,541.0,0,22.3,23000.0,349000.0,318000,120,Home,Urban,Graduate,Female,Govt,1
APP101946,8000,0,Salaried,43,Married,0.0,707.0,0,7.6,7400.0,0.0,83000,120,Personal,Semi-Urban,Undergraduate,Male,Self,1
APP101947,8000,3800,Salaried,31,Married,0.0,586.0,2,37.7,12300.0,151000.0,166000,36,Home,Urban,Undergraduate,Male,Private,0
APP101948,8000,3000,Salaried,40,Married,0.0,673.0,0,7.8,12900.0,167000.0,193000,180,Home,Semi-Urban,Graduate,Female,Private,1
APP101949,8000,0,Salaried,43,Single,1.0,,1,16.0,3100.0,246000.0,230000,180,Home,Semi-Urban,Graduate,Male,Private,1
APP101950,8000,0,Salaried,39,Single,3.0,707.0,4,7.9,27900.0,142000.0,160000,240,Home,Semi-Urban,Undergraduate,Female,Private,0
APP101951,8000,3000,Salaried,38,Married,0.0,795.0,0,6.6,7400.0,47000.0,305000,360,Personal,Urban,Graduate,Male,Self,1
APP101952,12400,0,Self-Employed,34,Married,0.0,553.0,0,9.4,3800.0,59000.0,242000,240,Personal,Semi-Urban,Postgraduate,Male,Private,1
APP101953,8000,0,Self-Employed,40,Single,1.0,587.0,0,26.5,13900.0,70000.0,87000,36,Home,Rural,Undergraduate,Male,Self,0
APP101954,8000,3000,Business,32,Single,0.0,815.0,0,58.8,2600.0,276000.0,215000,36,Home,Urban,Undergraduate,Female,Private,0
APP101955,8000,0,Business,45,Single,2.0,808.0,1,5.0,15600.0,0.0,67000,240,Business,Semi-Urban,Graduate,Male,Govt,0
APP101956,8000,3000,Self-Employed,21,Single,1.0,678.0,0,5.0,11400.0,0.0,97000,240,Personal,Semi-Urban,Graduate,Male,Self,0
APP101957,8000,0,Salaried,51,Single,3.0,669.0,1,14.2,4200.0,0.0,70000,60,Personal,Rural,Graduate,Female,Private,0
APP101958,8000,3000,Self-Employed,24,Married,1.0,753.0,4,10.4,21100.0,1000.0,69000,60,Education,Semi-Urban,Undergraduate,Female,Private,1
APP101959,8000,3000,Self-Employed,27,Single,0.0,727.0,0,5.0,16400.0,90000.0,106000,240,Home,Urban,Undergraduate,Female,Self,1
APP101960,8000,3000,Salaried,42,Single,2.0,718.0,2,8.4,5900.0,66000.0,159000,180,Business,Rural,Postgraduate,Male,Govt,1
APP101961,8000,3000,Salaried,43,Single,2.0,596.0,0,5.0,13900.0,0.0,85000,180,Personal,Rural,Undergraduate,Male,Private,0
APP101962,8000,3000,Business,58,Married,2.0,783.0,0,10.1,2100.0,86000.0,68000,60,Home,Rural,Postgraduate,Female,Private,1
APP101963,8000,0,Salaried,40,Married,0.0,662.0,0,5.0,13200.0,21000.0,70000,240,Education,Semi-Urban,Postgraduate,Male,Private,1
APP101964,8000,0,Self-Employed,37,Married,1.0,554.0,0,10.3,1900.0,265000.0,228000,240,Home,Rural,Undergraduate,Male,Self,1
APP101965,8000,3000,Self-Employed,39,Married,1.0,601.0,1,5.0,9200.0,183000.0,205000,360,Home,Semi-Urban,Postgraduate,Male,Self,0
APP101966,8000,5000,Salaried,53,Single,0.0,618.0,1,7.8,16100.0,21000.0,214000,240,Business,Semi-Urban,Postgraduate,Female,Private,1
APP101967,8000,4000,Salaried,62,Married,0.0,805.0,1,10.3,11400.0,0.0,212000,180,Business,Rural,Graduate,Male,Self,1
APP101968,8000,3000,Salaried,36,Married,2.0,617.0,0,7.8,38300.0,258000.0,212000,240,Home,Rural,Postgraduate,Female,Self,1
APP101969,8000,3000,Salaried,43,Single,0.0,706.0,1,5.2,3700.0,18000.0,94000,180,Education,Semi-Urban,Graduate,Male,Private,1
APP101970,8000,3000,Salaried,37,Married,0.0,490.0,0,39.6,12200.0,30000.0,220000,60,Personal,Rural,Graduate,Male,Private,0
APP101971,8000,0,Business,37,Married,0.0,756.0,1,8.5,1000.0,222000.0,208000,360,Home,Urban,Undergraduate,Male,Private,1
APP101972,8000,3000,Salaried,56,Married,0.0,608.0,0,9.1,4900.0,0.0,214000,180,Personal,Urban,Postgraduate,Male,Self,0
APP101973,8000,3000,Salaried,28,Single,0.0,715.0,0,14.1,6000.0,95000.0,299000,180,Personal,Semi-Urban,Undergraduate,Male,Self,1
APP101974,8000,3000,Salaried,21,Married,2.0,707.0,1,5.0,38800.0,0.0,102000,360,Personal,Semi-Urban,Graduate,Male,Private,0
APP101975,8000,4000,Business,41,Single,3.0,720.0,2,7.3,,0.0,310000,360,Personal,Urban,Postgraduate,Male,Self,0
APP101976,8000,3000,Salaried,50,Married,1.0,693.0,2,10.2,20200.0,0.0,241000,180,Personal,Semi-Urban,Graduate,Female,Private,0
APP101977,8000,0,Salaried,40,Single,0.0,844.0,1,90.0,3300.0,0.0,164000,12,Business,Urban,Undergraduate,Female,Private,0
APP101978,8000,0,Business,43,Married,2.0,682.0,2,18.7,5800.0,129000.0,161000,120,Home,Semi-Urban,Graduate,Female,Self,0
APP101979,8000,3000,Business,45,Married,0.0,874.0,1,5.0,3500.0,9000.0,97000,360,Business,Rural,Postgraduate,Male,Govt,1
APP101980,8000,0,Salaried,39,Married,0.0,729.0,1,32.1,3000.0,203000.0,171000,60,Home,Semi-Urban,Undergraduate,Male,Govt,1
APP101981,8000,3000,Business,43,Married,0.0,696.0,1,5.0,3200.0,160000.0,171000,360,Home,Urban,Graduate,Male,Private,1
APP101982,8000,3000,Salaried,43,Married,1.0,744.0,2,20.8,4400.0,76000.0,83000,36,Home,Rural,Undergraduate,Female,Private,0
APP101983,8000,3000,Salaried,21,Married,2.0,689.0,1,7.0,62500.0,0.0,120000,180,Personal,Semi-Urban,Undergraduate,Female,Private,0
APP101984,8000,0,Salaried,39,Married,3.0,696.0,3,9.8,7600.0,113000.0,133000,180,Home,Rural,Graduate,Female,Private,1
APP101985,8000,0,Salaried,22,Married,1.0,711.0,0,51.9,2100.0,104000.0,239000,60,Business,Semi-Urban,Graduate,Male,Self,0
APP101986,8000,0,Self-Employed,37,Married,1.0,678.0,3,5.0,4800.0,48000.0,131000,360,Personal,Rural,Graduate,Male,Self,1
APP101987,8000,3000,Salaried,33,Married,0.0,870.0,0,5.0,22400.0,102000.0,106000,240,Home,Rural,Graduate,Male,Private,1
APP101988,8000,0,Salaried,48,Single,1.0,876.0,1,42.0,4000.0,15000.0,221000,60,Personal,Semi-Urban,Undergraduate,Male,Private,1
APP101989,8000,3000,Self-Employed,40,Single,3.0,693.0,2,6.6,35900.0,27000.0,75000,120,Business,Urban,Undergraduate,Male,Private,1
APP101990,8000,0,Self-Employed,42,Married,0.0,777.0,2,5.0,22700.0,24000.0,72000,240,Personal,Semi-Urban,Graduate,Female,Private,1
APP101991,8000,3000,Salaried,36,Married,0.0,788.0,0,29.3,6700.0,175000.0,191000,60,Home,Semi-Urban,Graduate,Male,Private,1
APP101992,8000,3000,Self-Employed,48,Single,0.0,746.0,4,5.0,4200.0,47000.0,90000,360,Business,Semi-Urban,Postgraduate,Male,Private,1
APP101993,8000,3000,Salaried,22,Married,1.0,729.0,0,30.1,3100.0,3000.0,217000,60,Personal,Urban,Graduate,Male,Private,0
APP101994,8000,3000,Self-Employed,29,Single,1.0,739.0,0,18.6,9800.0,64000.0,108000,60,Education,Semi-Urban,Graduate,Female,Private,1
APP101995,8000,0,Self-Employed,50,Married,1.0,715.0,2,71.1,12300.0,213000.0,173000,36,Home,Semi-Urban,Graduate,Male,Private,0
APP101996,8000,3000,Business,33,Single,2.0,599.0,2,22.4,30900.0,0.0,97000,36,Education,Rural,Postgraduate,Female,Private,0
APP101997,8000,0,Salaried,21,Married,1.0,666.0,1,17.0,11600.0,18000.0,204000,120,Business,Rural,Postgraduate,Female,Private,0
APP101998,8000,0,Salaried,52,Single,1.0,556.0,2,6.6,5700.0,197000.0,189000,360,Home,Urban,Postgraduate,Male,Self,0
APP101999,8000,0,Salaried,48,Married,2.0,731.0,0,81.4,32000.0,257000.0,226000,36,Home,Urban,Graduate,Male,Private,0
APP102000,8000,0,Salaried,45,Single,,718.0,0,10.5,18400.0,5000.0,61000,60,Business,Urban,Undergraduate,Male,Self,1
APP102001,8000,3000,Salaried,38,Married,0.0,718.0,3,34.5,4100.0,207000.0,213000,60,Home,Urban,Postgraduate,Male,Govt,1
APP102002,8000,3000,Business,54,Married,1.0,602.0,1,8.8,7500.0,33000.0,253000,240,Business,Urban,Undergraduate,Female,Private,0
APP102003,8000,3000,Salaried,50,Single,2.0,742.0,3,13.6,15700.0,319000.0,304000,240,Home,Rural,Graduate,Female,Self,1
APP102004,8000,3000,Salaried,53,Married,0.0,698.0,3,8.1,11000.0,0.0,193000,240,Personal,Rural,Undergraduate,Male,Private,0
APP102005,8000,0,Self-Employed,44,Single,2.0,872.0,1,90.0,3000.0,279000.0,231000,12,Home,Urban,Undergraduate,Male,Private,0
APP102006,8000,0,Salaried,39,Married,0.0,744.0,1,5.0,9700.0,41000.0,72000,240,Business,Semi-Urban,Graduate,Male,Private,1
APP102007,8000,0,Self-Employed,34,Single,2.0,626.0,0,6.1,4100.0,0.0,131000,240,Personal,Semi-Urban,Graduate,Male,Self,0
APP102008,8000,3000,Salaried,25,Married,0.0,558.0,0,7.5,8600.0,61000.0,133000,180,Business,Rural,Undergraduate,Male,Private,1
APP102009,8000,0,Salaried,43,Single,2.0,691.0,1,8.6,2200.0,20000.0,78000,120,Personal,Rural,Postgraduate,Male,Self,0
APP102010,8000,3000,Salaried,43,Single,0.0,571.0,2,5.5,3300.0,163000.0,142000,240,Home,Urban,Undergraduate,Male,Self,0
APP102011,8000,3000,Salaried,34,Married,0.0,605.0,1,21.4,66100.0,234000.0,241000,120,Home,Urban,Undergraduate,Female,Private,1
APP102012,8000,0,Business,44,Single,0.0,593.0,0,30.6,5300.0,,141000,60,Education,Urban,Postgraduate,Male,Private,0
APP102013,8900,3000,Salaried,34,Single,0.0,627.0,0,9.8,24700.0,74000.0,123000,120,Personal,Semi-Urban,Graduate,Male,Govt,1
APP102014,8000,0,Salaried,46,Married,3.0,811.0,0,6.4,7100.0,19000.0,54000,120,Business,Semi-Urban,Graduate,Male,Private,1
APP102015,8000,0,Salaried,29,Single,0.0,584.0,1,50.1,2400.0,114000.0,225000,60,Education,Urban,Undergraduate,Female,Private,0
APP102016,8000,0,Salaried,27,Married,1.0,633.0,1,5.6,2800.0,0.0,108000,240,Personal,Rural,Graduate,Male,Self,0
APP102017,8000,3200,Business,35,Single,1.0,543.0,1,5.0,3700.0,0.0,101000,360,Business,Semi-Urban,Graduate,Male,Private,0
APP102018,8000,0,Salaried,46,Married,0.0,518.0,1,5.0,69300.0,64000.0,76000,180,Home,Rural,Postgraduate,Male,Self,0
APP102019,8000,3000,Self-Employed,26,Married,0.0,654.0,0,10.2,6400.0,0.0,133000,120,Business,Urban,Postgraduate,Female,Private,0
APP102020,8000,3000,Business,48,Married,0.0,682.0,2,5.0,9700.0,58000.0,127000,240,Education,Urban,Graduate,Male,Private,1
APP102021,8000,3000,Self-Employed,21,Married,1.0,576.0,0,5.0,16000.0,50000.0,140000,240,Personal,Urban,Graduate,Female,Private,1
APP102022,8000,3000,Business,35,Single,3.0,535.0,1,11.3,13400.0,119000.0,126000,120,Home,Urban,Graduate,Female,Private,0
APP102023,8000,0,Salaried,23,Single,2.0,511.0,0,7.8,19200.0,131000.0,131000,240,Home,Rural,Graduate,Female,Self,0
APP102024,8000,0,Salaried,21,Married,3.0,693.0,0,9.9,4800.0,192000.0,195000,240,Home,Urban,Undergraduate,Male,Private,1
APP102025,8000,0,Salaried,41,Married,1.0,764.0,0,12.7,2500.0,29000.0,53000,60,Business,Semi-Urban,Graduate,Male,Govt,1
APP102026,8000,3000,Self-Employed,36,Single,3.0,527.0,3,7.2,3200.0,0.0,116000,120,Business,Urban,Undergraduate,Male,Private,0
APP102027,8000,0,Business,24,Married,0.0,621.0,0,53.9,1800.0,181000.0,185000,36,Home,Urban,Undergraduate,Female,Private,0
APP102028,8000,3000,Salaried,32,Married,1.0,777.0,0,5.0,4800.0,53000.0,105000,360,Business,Rural,Postgraduate,Male,Self,1
APP102029,8000,3000,Self-Employed,42,Married,0.0,660.0,0,71.2,200.0,0.0,262000,36,Personal,Rural,Graduate,Male,Self,0
APP102030,8000,0,Salaried,34,Married,0.0,654.0,2,33.9,16700.0,51000.0,147000,60,Business,Semi-Urban,Postgraduate,Female,Govt,1
APP102031,8000,0,Self-Employed,36,Married,2.0,,0,17.1,14400.0,234000.0,217000,180,Home,Rural,Graduate,Male,Private,1
APP102032,8000,3000,Salaried,34,Single,0.0,640.0,0,5.0,3100.0,35000.0,69000,360,Education,Semi-Urban,Graduate,Male,Private,1
APP102033,8000,0,Business,32,Married,2.0,610.0,0,22.5,2000.0,80000.0,199000,120,Personal,Semi-Urban,Undergraduate,Male,Self,0
APP102034,8000,0,Self-Employed,32,Single,1.0,675.0,4,7.8,37300.0,127000.0,158000,240,Home,Rural,Graduate,Male,Self,1
APP102035,8000,3000,Salaried,31,Married,0.0,523.0,4,8.1,21300.0,48000.0,190000,240,Education,Urban,Undergraduate,Female,Private,0
APP102036,8000,0,Salaried,30,Married,0.0,526.0,1,5.0,6300.0,28000.0,76000,240,Education,Urban,Graduate,Male,Private,1
APP102037,8000,0,Salaried,27,Single,0.0,601.0,2,5.0,4100.0,116000.0,93000,360,Home,Semi-Urban,Graduate,Male,Govt,1
APP102038,8000,0,Salaried,34,Married,3.0,744.0,0,90.0,8400.0,163000.0,199000,12,Home,Urban,Undergraduate,Male,Private,0
APP102039,8000,3000,Salaried,31,Married,1.0,784.0,0,5.0,1900.0,0.0,105000,360,Business,Urban,Postgraduate,Female,Private,1
APP102040,8000,0,Business,27,Single,1.0,629.0,1,5.1,10900.0,160000.0,149000,360,Home,Urban,Postgraduate,Female,Private,0
APP102041,8000,3000,Self-Employed,45,Married,0.0,754.0,0,5.0,2400.0,98000.0,121000,360,Home,Rural,Postgraduate,Male,Private,1
APP102042,8000,0,Salaried,50,Single,0.0,804.0,0,8.0,700.0,3000.0,142000,240,Personal,Semi-Urban,Graduate,Male,Private,1
APP102043,8000,3500,Salaried,37,Married,0.0,659.0,3,5.0,3600.0,0.0,139000,360,Personal,Semi-Urban,Postgraduate,Male,Private,0
APP102044,8000,3000,Business,38,Single,2.0,737.0,0,21.3,2900.0,2000.0,159000,60,Personal,Rural,Graduate,Female,Private,0
APP102045,8000,0,Self-Employed,31,Married,0.0,847.0,0,24.8,49400.0,33000.0,202000,120,Personal,Semi-Urban,Postgraduate,Male,Govt,1
APP102046,8000,3000,Salaried,48,Married,1.0,600.0,2,6.4,43200.0,65000.0,76000,120,Home,Semi-Urban,Postgraduate,Female,Govt,1
APP102047,8000,0,Self-Employed,55,Single,1.0,658.0,0,66.9,2700.0,100000.0,225000,36,Education,Rural,Undergraduate,Male,Govt,0
APP102048,8000,0,Salaried,36,Single,0.0,816.0,1,5.3,7300.0,39000.0,109000,240,Personal,Rural,Postgraduate,Male,Self,1
APP102049,8000,3000,Salaried,32,Married,1.0,595.0,0,50.7,4200.0,0.0,223000,36,Business,Semi-Urban,Graduate,Male,Govt,0
APP102050,8600,3000,Salaried,41,Married,2.0,693.0,0,27.1,50900.0,0.0,131000,36,Personal,Semi-Urban,Postgraduate,Female,Self,0
APP102051,8000,0,Salaried,39,Married,0.0,615.0,1,6.4,1300.0,,117000,240,Home,Semi-Urban,Graduate,Male,Private,1
APP102052,8000,0,Salaried,32,Single,1.0,802.0,0,5.0,12900.0,11000.0,136000,360,Education,Semi-Urban,Graduate,Female,Private,1
APP102053,8000,3000,Business,42,Single,2.0,565.0,1,9.8,29100.0,267000.0,248000,240,Home,Urban,Graduate,Male,Self,1
APP102054,14200,3000,Business,47,Single,0.0,649.0,3,8.5,4700.0,258000.0,464000,360,Personal,Semi-Urban,Postgraduate,Male,Private,1
APP102055,8000,0,Self-Employed,30,Married,0.0,585.0,0,14.0,8300.0,222000.0,214000,180,Home,Urban,Graduate,Male,Private,1
APP102056,8000,0,Salaried,63,Single,0.0,540.0,1,5.0,23200.0,133000.0,113000,360,Home,Urban,Graduate,Female,Private,0
APP102057,8000,0,Salaried,22,Married,3.0,509.0,0,5.0,2700.0,35000.0,65000,180,Education,Semi-Urban,Undergraduate,Male,Self,0
APP102058,8000,0,Self-Employed,29,Married,0.0,649.0,2,8.5,15300.0,11000.0,226000,360,Education,Rural,Postgraduate,Female,Private,1
APP102059,8000,0,Salaried,40,Married,0.0,707.0,2,21.8,1700.0,6000.0,54000,36,Education,Urban,Graduate,Female,Private,1
APP102060,8000,3000,Salaried,60,Single,0.0,673.0,1,8.3,1600.0,0.0,299000,360,Education,Urban,Graduate,Female,Private,0
APP102061,8000,3600,Salaried,32,Single,0.0,701.0,0,5.0,19000.0,40000.0,77000,240,Personal,Semi-Urban,Postgraduate,Male,Private,1
APP102062,8000,3000,Business,27,Married,0.0,640.0,0,15.4,3100.0,1000.0,324000,180,Education,Semi-Urban,Undergraduate,Female,Private,0
APP102063,8000,0,Salaried,43,Single,1.0,768.0,0,5.0,9700.0,0.0,50000,240,Personal,Urban,Graduate,Female,Private,1
APP102064,8000,0,Salaried,35,Single,0.0,713.0,4,5.0,2500.0,53000.0,51000,360,Home,Urban,Undergraduate,Male,Private,1
APP102065,8000,3800,Self-Employed,44,Married,2.0,683.0,1,5.5,10700.0,82000.0,215000,360,Education,Semi-Urban,Postgraduate,Male,Private,1
APP102066,8000,0,Salaried,37,Married,2.0,698.0,0,43.6,1500.0,59000.0,176000,60,Personal,Rural,Postgraduate,Male,Self,0
APP102067,8000,3200,Salaried,29,Single,1.0,638.0,0,24.1,29600.0,90000.0,162000,60,Education,Urban,Undergraduate,Male,Self,1
APP102068,8000,0,Salaried,61,Single,2.0,855.0,0,90.0,18300.0,0.0,164000,12,Personal,Urban,Postgraduate,Male,Self,0
APP102069,8000,3000,Salaried,21,Married,1.0,744.0,1,61.5,4400.0,81000.0,289000,36,Personal,Semi-Urban,Undergraduate,Male,Govt,0
APP102070,8000,0,Self-Employed,56,Married,,662.0,1,36.1,1300.0,51000.0,201000,60,Business,Urban,Graduate,Male,Private,0
APP102071,8000,4000,Salaried,47,Married,0.0,664.0,0,10.1,6600.0,0.0,327000,240,Education,Urban,Postgraduate,Male,Self,0
APP102072,8000,0,Salaried,30,Married,0.0,644.0,0,5.0,5700.0,15000.0,79000,180,Education,Semi-Urban,Postgraduate,Male,Govt,1
APP102073,8000,3000,Business,56,Single,0.0,653.0,0,5.0,4700.0,50000.0,125000,240,Personal,Rural,Graduate,Male,Govt,1
APP102074,8000,3600,Business,24,Married,0.0,702.0,0,13.2,23200.0,288000.0,233000,180,Home,Urban,Postgraduate,Male,Self,1
APP102075,8000,0,Business,48,Single,2.0,,4,13.8,27300.0,24000.0,187000,180,Education,Semi-Urban,Graduate,Male,Private,0
APP102076,8000,0,Salaried,21,Married,0.0,641.0,2,23.3,12400.0,25000.0,69000,36,Personal,Urban,Graduate,Male,Private,1
APP102077,8000,3000,Salaried,26,Married,,644.0,3,5.0,36000.0,134000.0,112000,240,Home,Rural,Graduate,Male,Private,1
APP102078,8000,0,Business,26,Married,3.0,679.0,0,10.1,500.0,130000.0,225000,240,Education,Urban,Postgraduate,Male,Self,1
APP102079,8300,0,Self-Employed,30,Single,1.0,679.0,2,5.0,6000.0,31000.0,55000,120,Personal,Semi-Urban,Undergraduate,Female,Private,0
APP102080,8000,3000,Salaried,38,Married,1.0,682.0,0,11.8,5700.0,21000.0,172000,120,Business,Rural,Graduate,Male,Self,1
APP102081,8100,0,Salaried,29,Single,0.0,708.0,1,17.1,18800.0,31000.0,90000,60,Business,Rural,Postgraduate,Female,Private,1
APP102082,8000,0,Salaried,21,Married,2.0,667.0,0,5.8,5900.0,162000.0,197000,360,Home,Semi-Urban,Graduate,Male,Private,1
APP102083,8000,3000,Business,42,Married,0.0,752.0,2,12.0,14100.0,0.0,294000,240,Personal,Urban,Undergraduate,Male,Private,0
APP102084,8000,0,Salaried,38,Married,1.0,731.0,1,5.8,5000.0,90000.0,95000,240,Home,Semi-Urban,Postgraduate,Male,Private,1
APP102085,8000,0,Salaried,42,Married,1.0,874.0,1,29.2,4100.0,208000.0,161000,60,Home,Urban,Undergraduate,Male,Private,1
APP102086,8000,0,Salaried,39,Single,1.0,727.0,2,49.7,18100.0,5000.0,210000,60,Personal,Semi-Urban,Undergraduate,Female,Private,0
APP102087,8000,3000,Self-Employed,47,Married,3.0,604.0,1,52.0,8100.0,181000.0,224000,36,Home,Semi-Urban,Graduate,Male,Self,0
APP102088,8000,0,Business,37,Single,0.0,641.0,3,90.0,11000.0,181000.0,163000,12,Home,Rural,Postgraduate,Male,Private,0
APP102089,8000,0,Salaried,48,Married,2.0,634.0,0,22.1,2300.0,0.0,127000,60,Business,Semi-Urban,Undergraduate,Male,Private,0
APP102090,8000,3000,Self-Employed,30,Married,1.0,672.0,1,53.8,16000.0,0.0,238000,36,Business,Semi-Urban,Graduate,Male,Private,0
APP102091,8000,0,Business,30,Married,1.0,770.0,1,13.9,2800.0,64000.0,232000,180,Personal,Rural,Postgraduate,Female,Self,1
APP102092,8000,3000,Salaried,51,Married,3.0,642.0,1,9.5,44900.0,86000.0,145000,120,Business,Rural,Undergraduate,Female,Private,1
APP102093,8000,3000,Salaried,51,Single,1.0,628.0,0,10.6,6300.0,0.0,119000,120,Personal,Semi-Urban,Graduate,Male,Private,0
APP102094,8000,0,Salaried,43,Single,2.0,726.0,0,15.2,5400.0,,232000,180,Home,Semi-Urban,Undergraduate,Male,Self,1
APP102095,8000,4400,Self-Employed,29,Married,0.0,590.0,2,5.0,19800.0,37000.0,92000,240,Personal,Semi-Urban,Undergraduate,Male,Private,1
APP102096,8100,3000,Self-Employed,28,Married,2.0,593.0,1,9.5,7700.0,83000.0,290000,240,Education,Urban,Postgraduate,Female,Private,0
APP102097,8000,3000,Self-Employed,51,Single,2.0,706.0,1,49.6,16600.0,270000.0,306000,60,Home,Urban,Graduate,Male,Private,1
APP102098,9700,3000,Self-Employed,50,Single,3.0,,0,5.0,6000.0,,143000,360,Business,Semi-Urban,Graduate,Male,Private,0
APP102099,8000,0,Salaried,37,Single,3.0,636.0,0,5.4,16500.0,13000.0,130000,360,Education,Urban,Graduate,Female,Private,1
APP102100,8000,0,Business,61,Married,0.0,757.0,0,7.9,7500.0,64000.0,72000,120,Home,Semi-Urban,Undergraduate,Male,Govt,1
APP102101,8000,3000,Salaried,42,Married,1.0,506.0,1,90.0,19300.0,152000.0,163000,12,Home,Semi-Urban,Undergraduate,Male,Self,0
APP102102,8000,0,Salaried,26,Single,,521.0,0,5.0,25600.0,160000.0,136000,360,Home,Semi-Urban,Postgraduate,Female,Govt,1
APP102103,8000,3000,Self-Employed,35,Single,1.0,534.0,2,5.0,1700.0,35000.0,201000,360,Business,Urban,Graduate,Male,Private,0
APP102104,8600,3000,Self-Employed,38,Married,1.0,410.0,3,28.7,11600.0,48000.0,104000,36,Personal,Urban,Graduate,Male,Govt,0
APP102105,8000,0,Salaried,38,Single,0.0,842.0,1,90.0,50500.0,0.0,125000,12,Personal,Urban,Undergraduate,Male,Private,0
APP102106,8000,0,Business,50,Single,0.0,690.0,0,6.5,15000.0,26000.0,168000,360,Personal,Urban,Postgraduate,Male,Govt,1
APP102107,8000,3000,Business,28,Married,1.0,619.0,0,13.9,92800.0,0.0,198000,120,Personal,Rural,Undergraduate,Male,Private,0
APP102108,8000,0,Salaried,24,Married,2.0,555.0,1,6.9,3200.0,0.0,210000,360,Personal,Urban,Postgraduate,Female,Private,0
APP102109,8000,3000,Business,44,Married,1.0,878.0,0,53.5,10500.0,0.0,317000,60,Personal,Urban,Undergraduate,Male,Govt,0
APP102110,8000,0,Salaried,32,Married,0.0,730.0,1,7.7,13200.0,35000.0,205000,360,Business,Urban,Postgraduate,Female,Private,1
APP102111,8000,3000,Salaried,62,Single,1.0,644.0,3,21.1,4800.0,46000.0,79000,36,Business,Semi-Urban,Postgraduate,Female,Self,0
APP102112,8000,0,Salaried,47,Married,3.0,789.0,0,18.9,2400.0,30000.0,89000,60,Business,Semi-Urban,Graduate,Male,Private,1
APP102113,8000,3000,Business,32,Single,1.0,706.0,1,5.0,71000.0,24000.0,89000,360,Personal,Urban,Undergraduate,Male,Self,1
APP102114,8000,0,Self-Employed,50,Single,3.0,610.0,3,29.9,24900.0,0.0,131000,60,Business,Rural,Postgraduate,Male,Self,0
APP102115,8000,0,Salaried,45,Married,0.0,625.0,0,61.3,14200.0,0.0,187000,36,Education,Rural,Graduate,Female,Self,0
APP102116,8000,3000,Salaried,44,Married,2.0,610.0,2,5.0,8500.0,21000.0,75000,360,Business,Urban,Graduate,Female,Self,0
APP102117,8000,3000,Self-Employed,36,Single,2.0,572.0,2,30.3,9300.0,0.0,137000,36,Business,Semi-Urban,Graduate,Male,Private,0
APP102118,8000,0,Salaried,42,Single,3.0,756.0,3,23.7,15200.0,24000.0,66000,36,Business,Semi-Urban,Postgraduate,Female,Self,1
APP102119,8000,3000,Business,21,Single,2.0,617.0,2,12.4,34300.0,4000.0,174000,120,Business,Urban,Graduate,Male,Self,1
APP102120,8000,0,Business,51,Married,0.0,793.0,1,13.3,4000.0,133000.0,226000,240,Education,Rural,Graduate,Female,Self,1
APP102121,8000,0,Salaried,21,Married,3.0,597.0,1,6.7,9000.0,149000.0,127000,240,Home,Urban,Postgraduate,Male,Govt,0
APP102122,8000,3000,Business,33,Married,1.0,626.0,0,6.2,5600.0,228000.0,234000,360,Home,Semi-Urban,Graduate,Male,Self,0
APP102123,8000,0,Salaried,22,Single,0.0,631.0,1,7.1,2800.0,47000.0,122000,180,Personal,Semi-Urban,Undergraduate,Female,Self,0
APP102124,8000,3000,Business,32,Married,0.0,599.0,0,19.6,4400.0,308000.0,259000,120,Home,Semi-Urban,Graduate,Male,Self,0
APP102125,8000,0,Self-Employed,37,Single,0.0,627.0,0,22.1,,41000.0,191000,120,Education,Rural,Postgraduate,Male,Govt,0
APP102126,8000,3000,Self-Employed,26,Married,2.0,721.0,1,5.0,6000.0,15000.0,102000,360,Personal,Urban,Graduate,Male,Private,1
APP102127,8000,0,Salaried,21,Single,1.0,780.0,1,9.8,8300.0,18000.0,173000,240,Personal,Urban,Graduate,Male,Self,1
APP102128,8000,3000,Business,40,Single,1.0,706.0,0,5.0,16700.0,54000.0,168000,360,Business,Semi-Urban,Graduate,Male,Private,1
APP102129,8000,0,Salaried,58,Married,0.0,572.0,0,6.7,25700.0,0.0,213000,360,Personal,Urban,Undergraduate,Female,Private,0
APP102130,8000,3000,Salaried,34,Single,1.0,618.0,1,7.8,115100.0,57000.0,108000,120,Personal,Urban,Undergraduate,Male,Self,1
APP102131,8000,3000,Salaried,47,Married,0.0,627.0,0,15.7,17500.0,5000.0,303000,180,Personal,Semi-Urban,Graduate,Male,Govt,0
APP102132,8000,3000,Self-Employed,53,Married,1.0,833.0,0,6.1,4400.0,0.0,201000,240,Business,Urban,Postgraduate,Female,Private,1
APP102133,8000,0,Salaried,21,Married,3.0,768.0,0,23.5,24400.0,87000.0,97000,60,Home,Urban,Graduate,Male,Private,1
APP102134,8000,3000,Self-Employed,33,Married,2.0,781.0,1,36.5,5900.0,137000.0,154000,36,Home,Urban,Undergraduate,Male,Private,1
APP102135,8000,3000,Business,25,Married,0.0,608.0,1,5.0,4000.0,,67000,360,Business,Urban,Undergraduate,Female,Private,0
APP102136,8000,0,Salaried,29,Single,1.0,565.0,0,16.2,15100.0,0.0,230000,180,Personal,Semi-Urban,Postgraduate,Female,Private,0
APP102137,8000,3000,Self-Employed,55,Single,1.0,707.0,3,6.7,33300.0,0.0,125000,180,Personal,Urban,Postgraduate,Male,Govt,0
APP102138,8000,0,Salaried,40,Married,0.0,630.0,1,17.1,4400.0,61000.0,223000,180,Education,Rural,Undergraduate,Female,Private,0
APP102139,8000,3000,Business,45,Single,3.0,698.0,1,10.1,11100.0,135000.0,291000,240,Education,Urban,Postgraduate,Male,Self,1
APP102140,8000,3000,Business,37,Single,1.0,717.0,0,41.6,12800.0,39000.0,158000,36,Personal,Semi-Urban,Postgraduate,Female,Private,0
APP102141,8000,3000,Salaried,25,Single,1.0,628.0,2,5.1,3100.0,119000.0,122000,240,Home,Rural,Undergraduate,Male,Private,1
APP102142,8000,0,Self-Employed,44,Single,1.0,770.0,0,10.0,1900.0,50000.0,130000,180,Education,Urban,Postgraduate,Female,Govt,1
APP102143,8000,3000,Salaried,50,Married,0.0,540.0,1,7.6,2000.0,68000.0,312000,360,Education,Semi-Urban,Postgraduate,Male,Self,1
APP102144,8000,0,Salaried,41,Married,0.0,689.0,0,16.1,29100.0,15000.0,212000,180,Personal,Rural,Undergraduate,Female,Self,1
APP102145,8000,0,Business,42,Single,0.0,741.0,0,5.0,5100.0,0.0,142000,360,Personal,Urban,Postgraduate,Female,Private,1
APP102146,8000,3000,Salaried,25,Married,0.0,809.0,3,13.5,4300.0,0.0,210000,120,Business,Rural,Postgraduate,Female,Private,0
APP102147,8500,3000,Salaried,45,Married,0.0,684.0,1,5.0,11100.0,87000.0,182000,360,Personal,Urban,Graduate,Male,Private,1
APP102148,8000,3000,Salaried,51,Married,3.0,793.0,0,8.0,29800.0,0.0,315000,360,Business,Urban,Graduate,Male,Self,0
APP102149,8000,0,Business,42,Married,2.0,771.0,2,15.8,2500.0,,238000,180,Personal,Rural,Graduate,Male,Private,1
APP102150,8000,3000,Salaried,21,Married,2.0,858.0,4,9.6,1200.0,37000.0,142000,120,Personal,Urban,Postgraduate,Female,Private,1
APP102151,8000,0,Salaried,54,Married,,,0,22.9,35400.0,215000.0,230000,120,Home,Semi-Urban,Graduate,Male,Private,1
APP102152,8000,0,Self-Employed,28,Married,2.0,864.0,0,11.6,13500.0,287000.0,230000,240,Home,Rural,Undergraduate,Female,Self,1
APP102153,8000,0,Business,41,Single,0.0,736.0,2,9.9,2800.0,41000.0,139000,180,Personal,Rural,Postgraduate,Female,Govt,1
APP102154,8000,3000,Salaried,47,Married,1.0,533.0,1,11.0,5200.0,46000.0,176000,120,Education,Semi-Urban,Undergraduate,Male,Self,0
APP102155,8000,3000,Salaried,48,Married,0.0,666.0,2,13.0,3000.0,42000.0,295000,240,Personal,Rural,Graduate,Female,Private,0
APP102156,8000,3000,Salaried,21,Married,0.0,589.0,1,11.3,15400.0,0.0,315000,240,Personal,Semi-Urban,Undergraduate,Male,Private,0
APP102157,8000,0,Salaried,39,Married,1.0,809.0,1,90.0,22500.0,0.0,125000,12,Business,Urban,Postgraduate,Male,Private,0
APP102158,8000,0,Salaried,38,Married,1.0,695.0,0,45.8,15800.0,18000.0,143000,36,Business,Semi-Urban,Postgraduate,Male,Private,0
APP102159,8000,0,Self-Employed,52,Married,0.0,561.0,0,43.0,9600.0,125000.0,112000,36,Home,Semi-Urban,Graduate,Male,Private,0
APP102160,8000,0,Self-Employed,42,Married,0.0,743.0,2,18.0,11800.0,20000.0,88000,60,Education,Semi-Urban,Postgraduate,Female,Private,0
APP102161,8000,3000,Self-Employed,52,Single,0.0,798.0,0,23.1,3900.0,0.0,329000,120,Personal,Semi-Urban,Postgraduate,Male,Govt,1
APP102162,8000,3000,Salaried,43,Married,2.0,635.0,1,5.0,5200.0,141000.0,116000,360,Home,Semi-Urban,Postgraduate,Male,Private,1
APP102163,8000,0,Business,37,Married,3.0,639.0,0,24.4,8200.0,222000.0,204000,120,Home,Semi-Urban,Undergraduate,Female,Private,1
APP102164,8000,0,Salaried,39,Married,2.0,690.0,1,90.0,6100.0,57000.0,129000,12,Business,Rural,Undergraduate,Female,Private,0
APP102165,8000,0,Business,53,Single,,517.0,0,5.0,8100.0,35000.0,64000,180,Business,Semi-Urban,Undergraduate,Male,Self,0
APP102166,8000,4500,Self-Employed,25,Single,1.0,735.0,1,5.0,1600.0,0.0,172000,360,Personal,Urban,Postgraduate,Female,Private,0
APP102167,8000,0,Salaried,47,Single,0.0,824.0,1,5.4,19600.0,14000.0,64000,120,Personal,Rural,Undergraduate,Male,Private,1
APP102168,8000,0,Self-Employed,31,Married,2.0,613.0,1,9.7,2800.0,68000.0,237000,360,Education,Urban,Undergraduate,Male,Govt,0
APP102169,8000,3000,Salaried,29,Married,0.0,845.0,0,30.7,1000.0,67000.0,136000,36,Personal,Rural,Graduate,Male,Private,1
APP102170,8000,3000,Self-Employed,48,Married,0.0,769.0,0,46.4,4000.0,15000.0,263000,60,Education,Urban,Graduate,Male,Private,1
APP102171,8000,0,Salaried,29,Single,2.0,673.0,0,7.2,6500.0,0.0,130000,240,Personal,Urban,Graduate,Female,Private,0
APP102172,8000,0,Salaried,41,Married,3.0,721.0,2,12.4,60900.0,211000.0,178000,180,Home,Urban,Graduate,Male,Private,1
APP102173,8000,3000,Business,33,Single,1.0,807.0,2,5.6,5000.0,41000.0,133000,240,Business,Urban,Graduate,Female,Govt,1
APP102174,8000,0,Salaried,21,Single,3.0,684.0,1,5.0,10000.0,37000.0,66000,360,Personal,Semi-Urban,Graduate,Male,Self,1
APP102175,8000,3000,Business,42,Single,1.0,715.0,0,46.3,11200.0,27000.0,279000,60,Personal,Urban,Postgraduate,Male,Private,0
APP102176,8000,0,Salaried,39,Married,0.0,623.0,1,11.1,1800.0,29000.0,186000,240,Business,Rural,Graduate,Female,Private,0
APP102177,8000,3000,Self-Employed,21,Single,,661.0,1,5.0,7300.0,77000.0,95000,240,Home,Semi-Urban,Graduate,Female,Govt,0
APP102178,8000,3000,Self-Employed,31,Married,2.0,735.0,1,6.3,6200.0,223000.0,259000,360,Home,Urban,Undergraduate,Male,Self,1
APP102179,8000,0,Salaried,21,Married,1.0,663.0,0,19.7,,58000.0,163000,120,Business,Semi-Urban,Undergraduate,Male,Govt,1
APP102180,8000,3000,Salaried,45,Married,2.0,618.0,2,31.4,12400.0,16000.0,111000,36,Business,Semi-Urban,Undergraduate,Male,Self,0
APP102181,8000,3000,Salaried,51,Single,1.0,783.0,0,11.6,19000.0,0.0,284000,180,Personal,Rural,Postgraduate,Male,Private,0
APP102182,8000,0,Salaried,46,Married,1.0,723.0,0,6.7,3400.0,190000.0,182000,360,Home,Semi-Urban,Graduate,Female,Private,1
APP102183,8000,0,Salaried,47,Married,0.0,636.0,0,90.0,13100.0,56000.0,145000,12,Personal,Urban,Graduate,Female,Private,0
APP102184,8000,0,Self-Employed,32,Married,0.0,821.0,2,18.3,3900.0,101000.0,82000,60,Home,Semi-Urban,Graduate,Male,Self,1
APP102185,8000,3000,Business,43,Single,0.0,862.0,1,16.2,3300.0,0.0,209000,120,Personal,Urban,Graduate,Female,Private,0
APP102186,8000,3000,Business,37,Single,1.0,771.0,0,5.0,46800.0,94000.0,109000,240,Home,Semi-Urban,Graduate,Male,Private,1
APP102187,8000,3000,Self-Employed,39,Single,2.0,556.0,2,10.3,1300.0,0.0,115000,120,Business,Rural,Undergraduate,Male,Private,0
APP102188,8000,3000,Self-Employed,47,Married,2.0,708.0,1,20.7,4800.0,7000.0,130000,60,Education,Urban,Graduate,Male,Self,0
APP102189,8000,3000,Self-Employed,49,Married,0.0,732.0,0,7.6,10100.0,40000.0,239000,240,Business,Semi-Urban,Graduate,Male,Private,1
APP102190,8000,3000,Salaried,34,Married,1.0,505.0,4,90.0,4400.0,213000.0,245000,12,Home,Urban,Graduate,Male,Private,0
APP102191,8000,0,Business,23,Married,1.0,787.0,0,13.0,9400.0,35000.0,62000,60,Education,Urban,Postgraduate,Male,Govt,1
APP102192,8000,0,Self-Employed,36,Single,1.0,698.0,0,15.5,2100.0,0.0,173000,120,Business,Semi-Urban,Graduate,Male,Private,0
APP102193,8000,0,Self-Employed,35,Married,1.0,773.0,1,5.1,1300.0,58000.0,55000,120,Home,Semi-Urban,Graduate,Male,Private,1
APP102194,8000,0,Salaried,40,Married,0.0,636.0,2,27.4,3400.0,0.0,222000,120,Personal,Semi-Urban,Graduate,Female,Private,0
APP102195,8000,3000,Salaried,46,Married,3.0,723.0,0,66.9,9400.0,59000.0,272000,36,Education,Urban,Graduate,Male,Private,0
APP102196,8000,0,Salaried,21,Single,3.0,711.0,2,18.9,6800.0,72000.0,187000,120,Personal,Rural,Graduate,Male,Govt,1
APP102197,8000,0,Business,31,Married,0.0,680.0,2,5.0,15300.0,83000.0,94000,240,Home,Urban,Postgraduate,Female,Private,0
APP102198,8000,3000,Salaried,28,Married,2.0,700.0,3,26.8,1900.0,0.0,327000,120,Education,Urban,Graduate,Female,Private,0
APP102199,8000,0,Salaried,50,Single,0.0,667.0,0,14.8,4600.0,124000.0,225000,180,Personal,Rural,Undergraduate,Female,Private,1
APP102200,8000,0,Business,35,Married,0.0,565.0,1,28.6,7500.0,47000.0,142000,60,Education,Rural,Postgraduate,Male,Govt,0
APP102201,8000,3000,Salaried,32,Single,3.0,496.0,0,20.8,3100.0,96000.0,75000,36,Home,Semi-Urban,Postgraduate,Male,Govt,0
APP102202,8000,3000,Salaried,43,Married,1.0,624.0,0,5.0,9300.0,66000.0,201000,360,Personal,Rural,Graduate,Male,Govt,1
APP102203,8000,3000,Salaried,32,Single,0.0,751.0,0,8.8,6100.0,,107000,120,Personal,Urban,Graduate,Male,Self,0
APP102204,8000,0,Self-Employed,37,Married,1.0,586.0,0,20.0,13200.0,135000.0,162000,120,Home,Urban,Graduate,Female,Private,0
APP102205,8000,3000,Business,56,Married,2.0,775.0,0,9.8,10800.0,0.0,326000,360,Personal,Rural,Postgraduate,Male,Govt,0
APP102206,8000,0,Salaried,55,Single,2.0,805.0,0,9.8,,3000.0,193000,240,Business,Rural,Postgraduate,Male,Private,1
APP102207,8000,3000,Business,33,Married,0.0,722.0,0,5.1,35300.0,123000.0,151000,240,Home,Urban,Graduate,Male,Private,1
APP102208,8000,3000,Salaried,36,Married,2.0,657.0,1,5.8,900.0,0.0,170000,240,Personal,Urban,Postgraduate,Male,Private,0
APP102209,8000,3800,Business,31,Married,2.0,772.0,0,89.7,1700.0,0.0,338000,36,Personal,Urban,Undergraduate,Female,Private,0
APP102210,8000,3000,Self-Employed,21,Single,1.0,776.0,1,5.0,7500.0,97000.0,95000,360,Home,Urban,Undergraduate,Male,Private,1
APP102211,8000,3000,Business,48,Married,1.0,651.0,1,6.2,10900.0,258000.0,301000,360,Home,Rural,Graduate,Male,Private,1
APP102212,8000,0,Salaried,62,Single,0.0,687.0,0,13.9,6100.0,0.0,62000,60,Education,Semi-Urban,Postgraduate,Male,Govt,0
APP102213,8000,3000,Business,33,Single,0.0,606.0,0,5.1,4700.0,0.0,175000,360,Personal,Semi-Urban,Graduate,Male,Private,0
APP102214,8000,0,Self-Employed,29,Single,1.0,689.0,2,17.8,7500.0,203000.0,191000,120,Home,Semi-Urban,Postgraduate,Male,Self,1
APP102215,8000,0,Salaried,35,Married,2.0,485.0,1,5.3,13700.0,0.0,124000,240,Business,Rural,Graduate,Male,Self,0
APP102216,8000,3000,Business,38,Married,2.0,653.0,0,38.1,2600.0,0.0,217000,60,Personal,Urban,Graduate,Male,Govt,0
APP102217,8000,0,Salaried,26,Single,1.0,571.0,4,9.3,2700.0,162000.0,142000,180,Home,Semi-Urban,Undergraduate,Female,Private,0
APP102218,8000,0,Business,33,Married,2.0,664.0,1,58.1,3400.0,0.0,164000,36,Personal,Rural,Postgraduate,Female,Private,0
APP102219,8000,0,Salaried,48,Married,2.0,608.0,0,6.4,30300.0,9000.0,81000,180,Business,Urban,Graduate,Female,Self,1
APP102220,8000,3000,Self-Employed,39,Married,1.0,491.0,2,29.9,11800.0,263000.0,219000,60,Home,Rural,Graduate,Female,Private,0
APP102221,8000,3000,Salaried,50,Married,0.0,605.0,2,17.2,14400.0,16000.0,327000,180,Education,Semi-Urban,Postgraduate,Male,Private,1
APP102222,8000,0,Salaried,41,Married,0.0,629.0,1,5.3,39800.0,38000.0,85000,240,Personal,Urban,Undergraduate,Male,Govt,1
APP102223,8000,3000,Salaried,27,Married,0.0,759.0,2,5.0,17800.0,90000.0,84000,360,Home,Urban,Postgraduate,Male,Private,1
APP102224,8000,3000,Salaried,32,Single,0.0,622.0,0,24.6,9500.0,180000.0,169000,60,Home,Semi-Urban,Undergraduate,Female,Private,1
APP102225,8000,3000,Salaried,40,Married,0.0,579.0,3,5.0,38500.0,201000.0,165000,360,Home,Semi-Urban,Graduate,Female,Self,1
APP102226,8000,3000,Salaried,26,Married,2.0,572.0,0,6.1,3100.0,94000.0,99000,120,Home,Semi-Urban,Postgraduate,Female,Self,0
APP102227,8000,3000,Self-Employed,25,Married,0.0,774.0,1,5.0,6200.0,245000.0,217000,360,Home,Urban,Undergraduate,Male,Private,1
APP102228,8000,3000,Salaried,26,Married,0.0,659.0,0,10.1,25800.0,22000.0,182000,180,Business,Semi-Urban,Postgraduate,Female,Private,1
APP102229,8400,3000,Salaried,43,Married,3.0,704.0,0,6.5,900.0,171000.0,297000,360,Business,Urban,Graduate,Male,Govt,1
APP102230,8000,3000,Self-Employed,34,Single,2.0,517.0,3,5.7,3700.0,181000.0,178000,240,Home,Urban,Postgraduate,Male,Private,0
APP102231,8000,3000,Salaried,49,Single,2.0,522.0,0,15.1,17800.0,55000.0,326000,180,Education,Urban,Postgraduate,Male,Private,0
APP102232,8000,0,Business,29,Married,0.0,582.0,2,17.9,9000.0,248000.0,198000,120,Home,Semi-Urban,Postgraduate,Male,Govt,1
APP102233,8000,0,Business,21,Married,1.0,826.0,0,5.0,13500.0,167000.0,142000,360,Home,Urban,Undergraduate,Male,Self,1
APP102234,8000,3000,Self-Employed,36,Married,1.0,573.0,1,5.0,1200.0,171000.0,212000,360,Home,Urban,Undergraduate,Male,Govt,0
APP102235,8000,3000,Self-Employed,54,Single,1.0,623.0,0,25.4,3500.0,24000.0,295000,120,Education,Urban,Postgraduate,Male,Private,0
APP102236,8000,3000,Business,38,Single,1.0,673.0,1,45.5,15500.0,111000.0,270000,60,Business,Urban,Graduate,Male,Self,0
APP102237,8000,0,Salaried,24,Single,1.0,607.0,2,8.4,3300.0,30000.0,174000,240,Education,Urban,Graduate,Female,Self,1
APP102238,8000,0,Salaried,21,Married,3.0,715.0,1,5.0,18500.0,22000.0,99000,360,Education,Semi-Urban,Undergraduate,Female,Self,1
APP102239,8000,3000,Salaried,49,Single,0.0,605.0,0,30.1,10800.0,225000.0,174000,60,Home,Semi-Urban,Undergraduate,Male,Govt,1
APP102240,8000,0,Self-Employed,29,Married,0.0,580.0,0,8.1,2500.0,251000.0,199000,360,Home,Semi-Urban,Graduate,Female,Self,0
APP102241,8000,3000,Salaried,53,Married,1.0,900.0,0,49.0,11400.0,73000.0,232000,36,Business,Semi-Urban,Postgraduate,Female,Private,1
APP102242,8000,3000,Self-Employed,44,Single,1.0,579.0,2,8.8,17100.0,257000.0,319000,360,Home,Urban,Graduate,Male,Self,0
APP102243,8000,3000,Business,30,Single,0.0,743.0,1,9.6,11600.0,0.0,296000,240,Business,Rural,Graduate,Male,Private,0
APP102244,8000,3000,Business,49,Married,2.0,587.0,1,11.0,13900.0,196000.0,179000,120,Home,Urban,Postgraduate,Male,Self,0
APP102245,8000,0,Salaried,28,Married,1.0,541.0,0,9.0,1400.0,26000.0,104000,120,Personal,Semi-Urban,Postgraduate,Male,Govt,0
APP102246,8000,0,Salaried,23,Married,1.0,671.0,0,5.0,77300.0,1000.0,72000,240,Business,Rural,Graduate,Female,Private,1
APP102247,8000,0,Business,29,Married,1.0,551.0,1,8.3,136100.0,139000.0,126000,180,Home,Semi-Urban,Undergraduate,Female,Self,1
APP102248,8000,0,Self-Employed,45,Married,2.0,644.0,0,5.0,33800.0,16000.0,92000,360,Education,Urban,Undergraduate,Male,Self,1
APP102249,8000,3000,Salaried,49,Single,3.0,608.0,0,5.0,9100.0,36000.0,70000,240,Personal,Urban,Undergraduate,Female,Govt,1
APP102250,8000,0,Salaried,34,Single,0.0,792.0,0,5.2,5400.0,67000.0,75000,180,Home,Urban,Graduate,Female,Self,1
APP102251,8000,3000,Business,21,Single,0.0,533.0,1,5.2,5500.0,0.0,186000,360,Personal,Semi-Urban,Postgraduate,Female,Govt,0
APP102252,8000,3000,Self-Employed,22,Single,0.0,732.0,1,16.2,17700.0,253000.0,302000,180,Home,Semi-Urban,Graduate,Male,Private,1
APP102253,8000,0,Business,27,Married,2.0,705.0,0,5.0,23600.0,89000.0,110000,360,Home,Semi-Urban,Graduate,Female,Private,1
APP102254,8000,0,Business,25,Single,1.0,659.0,0,5.0,4200.0,121000.0,133000,360,Home,Urban,Postgraduate,Male,Govt,1
APP102255,8000,3000,Self-Employed,40,Married,2.0,611.0,0,5.0,7900.0,45000.0,167000,360,Business,Rural,Undergraduate,Male,Govt,1
APP102256,8000,3000,Salaried,57,Married,,695.0,0,46.6,28500.0,180000.0,163000,36,Home,Semi-Urban,Graduate,Male,Self,0
APP102257,8000,3000,Salaried,45,Married,1.0,692.0,1,11.8,7300.0,321000.0,257000,180,Home,Urban,Undergraduate,Male,Private,1
APP102258,8000,0,Salaried,26,Married,0.0,715.0,0,8.9,9100.0,0.0,145000,180,Personal,Urban,Undergraduate,Female,Govt,0
APP102259,8000,0,Salaried,31,Single,0.0,647.0,1,9.6,32100.0,123000.0,126000,180,Home,Semi-Urban,Undergraduate,Male,Self,1
APP102260,8000,0,Self-Employed,33,Single,0.0,568.0,1,13.2,27300.0,82000.0,229000,180,Education,Semi-Urban,Undergraduate,Male,Self,1
APP102261,8000,3000,Self-Employed,41,Married,2.0,743.0,2,5.0,18100.0,139000.0,139000,360,Home,Urban,Graduate,Male,Private,1
APP102262,8000,0,Business,53,Single,0.0,679.0,0,21.1,2800.0,38000.0,208000,120,Personal,Urban,Undergraduate,Female,Govt,1
APP102263,8000,3000,Salaried,33,Married,1.0,624.0,0,10.0,2800.0,2000.0,202000,180,Personal,Rural,Graduate,Male,Govt,0
APP102264,8000,3000,Self-Employed,53,Single,0.0,589.0,0,23.9,3900.0,24000.0,183000,60,Education,Urban,Undergraduate,Female,Private,0
APP102265,8000,0,Self-Employed,59,Married,0.0,763.0,0,10.2,4800.0,,60000,60,Home,Urban,Graduate,Male,Private,1
APP102266,8000,0,Self-Employed,34,Married,0.0,796.0,1,11.0,10100.0,91000.0,213000,240,Personal,Rural,Graduate,Male,Private,1
APP102267,8000,0,Self-Employed,34,Married,1.0,723.0,1,32.7,7400.0,0.0,100000,36,Personal,Semi-Urban,Postgraduate,Male,Self,0
APP102268,8000,0,Salaried,34,Single,0.0,737.0,0,33.9,6900.0,195000.0,178000,60,Home,Semi-Urban,Graduate,Male,Private,1
APP102269,8000,0,Salaried,38,Married,1.0,785.0,0,13.6,6300.0,194000.0,216000,180,Home,Semi-Urban,Graduate,Male,Govt,1
APP102270,8000,0,Salaried,34,Single,1.0,647.0,0,90.0,3400.0,154000.0,151000,12,Home,Semi-Urban,Graduate,Male,Self,0
APP102271,8000,0,Salaried,46,Married,3.0,872.0,0,48.0,5100.0,37000.0,171000,36,Personal,Semi-Urban,Undergraduate,Female,Private,1
APP102272,8000,3000,Salaried,22,Single,2.0,568.0,2,5.0,92400.0,94000.0,156000,360,Business,Rural,Postgraduate,Male,Private,1
APP102273,8000,3000,Self-Employed,32,Single,1.0,658.0,0,6.1,16300.0,278000.0,258000,360,Home,Urban,Graduate,Male,Self,1
APP102274,8000,3000,Business,41,Married,2.0,594.0,2,18.0,8300.0,299000.0,239000,120,Home,Urban,Graduate,Male,Self,0
APP102275,8000,0,Self-Employed,46,Married,0.0,685.0,0,14.9,1800.0,151000.0,133000,120,Home,Urban,Graduate,Female,Private,0
APP102276,8000,0,Self-Employed,59,Single,1.0,819.0,2,5.4,3000.0,171000.0,170000,360,Home,Semi-Urban,Postgraduate,Male,Private,1
APP102277,8000,3000,Salaried,25,Single,1.0,650.0,1,90.0,7800.0,81000.0,135000,12,Education,Semi-Urban,Postgraduate,Male,Self,0
APP102278,8200,0,Self-Employed,31,Single,0.0,717.0,0,11.6,31600.0,18000.0,179000,180,Business,Urban,Graduate,Female,Private,1
APP102279,8000,3000,Salaried,21,Married,2.0,418.0,0,13.7,10200.0,299000.0,244000,180,Home,Urban,Graduate,Male,Private,0
APP102280,8000,3500,Salaried,26,Married,0.0,710.0,1,6.9,,45000.0,192000,240,Personal,Urban,Graduate,Male,Private,1
APP102281,8000,0,Salaried,21,Single,0.0,769.0,0,5.0,24600.0,22000.0,96000,360,Education,Urban,Graduate,Male,Private,1
APP102282,8000,3600,Salaried,32,Married,0.0,675.0,2,20.5,3100.0,111000.0,293000,120,Business,Rural,Graduate,Male,Self,0
APP102283,8000,3000,Salaried,35,Married,2.0,576.0,1,17.1,33100.0,0.0,265000,120,Personal,Semi-Urban,Undergraduate,Male,Private,0
APP102284,8000,0,Salaried,42,Married,0.0,555.0,2,5.0,5500.0,53000.0,59000,240,Home,Urban,Graduate,Male,Self,0
APP102285,8000,3000,Salaried,35,Single,0.0,622.0,1,5.0,25800.0,39000.0,196000,360,Business,Urban,Postgraduate,Male,Self,1
APP102286,8000,0,Business,42,Single,2.0,563.0,1,5.0,43100.0,,66000,360,Home,Urban,Postgraduate,Male,Self,1
APP102287,11700,3000,Salaried,39,Married,0.0,813.0,1,5.0,3300.0,116000.0,201000,240,Personal,Semi-Urban,Graduate,Male,Private,1
APP102288,8000,0,Salaried,27,Married,3.0,722.0,0,5.0,8100.0,7000.0,129000,360,Business,Semi-Urban,Postgraduate,Female,Self,1
APP102289,8000,0,Salaried,21,Married,2.0,802.0,1,30.0,17800.0,74000.0,82000,36,Home,Rural,Postgraduate,Female,Private,1
APP102290,8000,0,Self-Employed,43,Married,1.0,637.0,2,12.2,6100.0,8000.0,138000,120,Personal,Semi-Urban,Graduate,Female,Govt,0
APP102291,8000,3000,Salaried,54,Married,1.0,595.0,2,90.0,6300.0,9000.0,252000,12,Business,Semi-Urban,Undergraduate,Male,Self,0
APP102292,8000,3000,Salaried,63,Single,3.0,616.0,0,31.3,5400.0,0.0,181000,60,Business,Rural,Graduate,Male,Private,0
APP102293,8000,0,Salaried,47,Married,1.0,622.0,2,5.0,1300.0,0.0,93000,240,Personal,Semi-Urban,Undergraduate,Male,Govt,0
APP102294,19600,3000,Salaried,52,Married,0.0,635.0,0,5.0,23300.0,441000.0,361000,360,Home,Urban,Postgraduate,Male,Govt,1
APP102295,8000,3000,Salaried,42,Single,2.0,789.0,0,9.4,3000.0,32000.0,222000,240,Personal,Semi-Urban,Postgraduate,Female,Govt,1
APP102296,8000,0,Salaried,41,Married,0.0,762.0,0,13.1,800.0,44000.0,228000,240,Personal,Semi-Urban,Undergraduate,Male,Self,1
APP102297,8000,3000,Salaried,39,Married,0.0,,0,47.3,23100.0,0.0,198000,36,Personal,Semi-Urban,Undergraduate,Male,Private,0
APP102298,8000,0,Salaried,36,Married,2.0,,2,10.5,13200.0,20000.0,218000,240,Business,Urban,Postgraduate,Male,Private,0
APP102299,8000,3000,Salaried,44,Married,0.0,698.0,1,17.5,2200.0,307000.0,326000,180,Home,Urban,Undergraduate,Male,Self,1
APP102300,8000,3000,Business,32,Single,2.0,652.0,0,7.7,24000.0,235000.0,214000,240,Home,Urban,Graduate,Male,Private,1
APP102301,8000,3000,Self-Employed,36,Married,1.0,806.0,0,8.6,15800.0,47000.0,105000,120,Personal,Urban,Postgraduate,Male,Self,1
APP102302,8000,3000,Salaried,26,Married,2.0,760.0,0,12.8,8100.0,64000.0,297000,180,Business,Rural,Graduate,Male,Private,1
APP102303,8000,3000,Salaried,42,Single,0.0,684.0,1,23.8,5700.0,2000.0,294000,120,Education,Semi-Urban,Graduate,Female,Private,1
APP102304,8000,0,Business,28,Single,1.0,483.0,1,16.6,7200.0,49000.0,215000,180,Business,Semi-Urban,Undergraduate,Male,Private,0
APP102305,8000,0,Salaried,38,Married,0.0,659.0,1,90.0,10000.0,0.0,231000,36,Business,Semi-Urban,Graduate,Female,Private,0
APP102306,8000,0,Salaried,43,Married,0.0,597.0,3,10.3,3700.0,0.0,101000,120,Business,Semi-Urban,Graduate,Female,Self,0
APP102307,8000,3000,Self-Employed,43,Single,0.0,716.0,0,11.9,24800.0,0.0,154000,120,Business,Rural,Undergraduate,Male,Govt,0
APP102308,8000,0,Salaried,45,Married,0.0,569.0,1,8.6,14100.0,38000.0,180000,240,Business,Urban,Graduate,Female,Self,1
APP102309,8000,0,Salaried,35,Single,3.0,679.0,3,7.0,7100.0,66000.0,156000,240,Business,Semi-Urban,Graduate,Male,Private,1
APP102310,8000,3000,Salaried,42,Single,1.0,472.0,1,6.5,46300.0,0.0,295000,360,Personal,Urban,Postgraduate,Female,Private,0
APP102311,8000,3000,Business,33,Single,1.0,555.0,0,5.7,6000.0,112000.0,133000,240,Home,Rural,Postgraduate,Male,Private,0
APP102312,8000,0,Salaried,21,Married,,600.0,0,18.4,38200.0,158000.0,174000,120,Home,Rural,Undergraduate,Male,Govt,1
APP102313,8000,0,Self-Employed,43,Married,3.0,614.0,2,11.3,10900.0,240000.0,229000,240,Home,Rural,Postgraduate,Male,Private,0
APP102314,8000,0,Business,40,Single,1.0,707.0,1,7.1,17300.0,114000.0,89000,180,Home,Urban,Postgraduate,Male,Self,1
APP102315,8000,0,Salaried,48,Married,2.0,523.0,1,18.8,5600.0,138000.0,107000,60,Home,Urban,Postgraduate,Female,Private,0
APP102316,8000,3000,Salaried,37,Married,0.0,614.0,1,6.8,1200.0,35000.0,174000,240,Business,Urban,Graduate,Male,Private,0
APP102317,12300,0,Salaried,21,Married,1.0,600.0,3,25.2,13100.0,0.0,100000,36,Personal,Semi-Urban,Postgraduate,Female,Private,0
APP102318,8000,0,Salaried,37,Married,0.0,725.0,2,14.5,2500.0,88000.0,82000,60,Home,Semi-Urban,Undergraduate,Male,Private,1
APP102319,8000,3000,Salaried,46,Single,1.0,646.0,2,5.4,,53000.0,167000,240,Personal,Urban,Graduate,Female,Private,0
APP102320,8000,0,Business,42,Married,0.0,584.0,1,5.0,8700.0,0.0,62000,240,Education,Semi-Urban,Graduate,Male,Private,0
APP102321,8000,0,Self-Employed,36,Single,2.0,574.0,1,7.2,4300.0,136000.0,118000,240,Home,Urban,Graduate,Male,Self,0
APP102322,8000,0,Self-Employed,21,Married,0.0,606.0,3,21.3,7900.0,0.0,95000,60,Business,Rural,Postgraduate,Male,Govt,0
APP102323,8000,0,Salaried,27,Married,1.0,515.0,2,6.2,9900.0,260000.0,214000,360,Home,Urban,Graduate,Female,Private,0
APP102324,8000,3000,Business,42,Married,1.0,810.0,2,9.2,1900.0,0.0,227000,240,Personal,Urban,Postgraduate,Male,Private,0
APP102325,8000,3000,Business,21,Single,0.0,671.0,1,7.0,10700.0,349000.0,303000,360,Home,Semi-Urban,Undergraduate,Male,Private,1
APP102326,8000,3000,Business,34,Single,0.0,597.0,0,5.0,4400.0,33000.0,120000,240,Personal,Semi-Urban,Postgraduate,Male,Private,0
APP102327,8000,0,Salaried,38,Married,0.0,577.0,1,5.3,2800.0,0.0,64000,180,Business,Urban,Graduate,Female,Private,0
APP102328,8000,0,Self-Employed,49,Single,1.0,571.0,0,35.1,1100.0,122000.0,116000,36,Home,Rural,Undergraduate,Male,Govt,0
APP102329,8000,0,Salaried,44,Married,1.0,713.0,0,5.0,1700.0,7000.0,59000,240,Business,Semi-Urban,Graduate,Male,Self,1
APP102330,8000,0,Salaried,47,Single,1.0,531.0,0,13.1,8300.0,252000.0,218000,240,Home,Rural,Postgraduate,Male,Self,0
APP102331,8000,0,Salaried,41,Single,1.0,655.0,1,8.9,8500.0,18000.0,84000,120,Personal,Rural,Postgraduate,Female,Govt,1
APP102332,8000,0,Self-Employed,29,Single,1.0,715.0,2,5.0,13600.0,24000.0,75000,240,Business,Semi-Urban,Graduate,Female,Private,1
APP102333,8000,0,Self-Employed,31,Single,1.0,627.0,0,11.7,45100.0,0.0,199000,180,Business,Rural,Undergraduate,Male,Self,0
APP102334,8000,3000,Salaried,28,Married,0.0,588.0,0,15.2,31400.0,220000.0,254000,180,Home,Rural,Graduate,Male,Self,0
APP102335,8000,0,Salaried,43,Married,1.0,739.0,2,5.1,21900.0,74000.0,59000,120,Home,Rural,Undergraduate,Male,Self,1
APP102336,8000,3000,Salaried,31,Married,0.0,570.0,1,50.3,26500.0,,201000,36,Personal,Rural,Graduate,Male,Self,0
APP102337,8000,0,Salaried,34,Married,1.0,647.0,1,31.9,9700.0,,134000,60,Home,Rural,Graduate,Male,Govt,0
APP102338,8000,0,Salaried,38,Single,2.0,682.0,1,6.5,9500.0,55000.0,122000,240,Education,Semi-Urban,Graduate,Female,Self,1
APP102339,8000,0,Salaried,54,Married,1.0,625.0,0,15.5,37700.0,0.0,72000,60,Personal,Urban,Graduate,Male,Self,0
APP102340,8000,3000,Self-Employed,44,Single,0.0,572.0,0,90.0,10100.0,0.0,274000,12,Personal,Rural,Postgraduate,Female,Private,0
APP102341,8000,3000,Salaried,30,Married,0.0,605.0,3,5.0,10300.0,144000.0,129000,360,Home,Semi-Urban,Postgraduate,Male,Private,0
APP102342,8000,3000,Salaried,39,Married,0.0,702.0,1,25.3,26000.0,111000.0,187000,60,Education,Urban,Undergraduate,Female,Private,1
APP102343,8000,0,Salaried,54,Single,1.0,,0,12.9,6100.0,88000.0,217000,240,Business,Urban,Graduate,Male,Private,1
APP102344,8000,0,Business,44,Married,1.0,720.0,0,5.0,7100.0,46000.0,109000,360,Personal,Semi-Urban,Graduate,Male,Private,1
APP102345,8000,3000,Self-Employed,22,Single,0.0,649.0,1,5.0,2100.0,4000.0,75000,180,Personal,Semi-Urban,Postgraduate,Male,Govt,1
APP102346,8000,3000,Self-Employed,28,Married,2.0,625.0,0,12.5,5100.0,349000.0,301000,240,Home,Urban,Graduate,Male,Govt,1
APP102347,8000,0,Salaried,28,Single,0.0,614.0,0,5.0,5800.0,140000.0,143000,360,Home,Urban,Postgraduate,Male,Private,1
APP102348,8000,3000,Self-Employed,52,Married,1.0,700.0,0,5.5,6200.0,188000.0,197000,360,Home,Semi-Urban,Postgraduate,Female,Private,1
APP102349,8000,0,Salaried,50,Married,1.0,781.0,0,10.6,18200.0,43000.0,154000,180,Personal,Urban,Graduate,Female,Self,1
APP102350,8000,0,Self-Employed,31,Single,1.0,682.0,1,7.3,3000.0,90000.0,83000,120,Home,Semi-Urban,Undergraduate,Male,Govt,1
APP102351,8000,0,Business,31,Single,3.0,569.0,3,14.9,35900.0,33000.0,185000,180,Personal,Rural,Postgraduate,Male,Self,0
APP102352,8000,3000,Self-Employed,38,Married,0.0,778.0,0,5.0,1000.0,59000.0,127000,360,Personal,Rural,Postgraduate,Male,Self,1
APP102353,8000,3000,Business,38,Married,0.0,600.0,0,5.0,14700.0,22000.0,146000,360,Personal,Urban,Graduate,Male,Self,1
APP102354,8000,3000,Self-Employed,28,Married,2.0,835.0,0,6.0,18300.0,205000.0,233000,360,Home,Urban,Graduate,Male,Private,1
APP102355,8000,0,Salaried,35,Married,0.0,641.0,3,12.4,16200.0,0.0,192000,180,Personal,Semi-Urban,Graduate,Female,Govt,0
APP102356,8000,3000,Business,23,Single,3.0,592.0,1,14.2,24200.0,143000.0,259000,180,Personal,Semi-Urban,Graduate,Female,Private,1
APP102357,8000,0,Salaried,50,Single,,722.0,1,7.0,6600.0,62000.0,64000,120,Home,Urban,Graduate,Female,Govt,1
APP102358,8000,0,Salaried,21,Married,0.0,635.0,2,90.0,28400.0,241000.0,193000,12,Home,Urban,Undergraduate,Male,Self,0
APP102359,8000,0,Salaried,21,Married,1.0,711.0,1,8.2,4100.0,0.0,175000,240,Personal,Rural,Postgraduate,Female,Private,0
APP102360,8100,3000,Salaried,42,Single,0.0,680.0,1,37.0,4400.0,39000.0,228000,60,Education,Rural,Postgraduate,Female,Private,1
APP102361,8000,3000,Salaried,25,Married,0.0,531.0,3,26.0,64200.0,265000.0,321000,120,Home,Semi-Urban,Graduate,Male,Self,0
APP102362,8000,3000,Salaried,32,Single,3.0,665.0,1,5.0,9700.0,166000.0,158000,360,Home,Urban,Undergraduate,Male,Self,1
APP102363,8000,0,Salaried,38,Married,,725.0,0,61.6,21000.0,219000.0,179000,36,Home,Urban,Graduate,Female,Self,1
APP102364,8000,3500,Self-Employed,44,Single,1.0,682.0,1,5.4,13300.0,0.0,227000,360,Business,Urban,Undergraduate,Male,Private,0
APP102365,8000,3000,Salaried,35,Married,0.0,761.0,4,90.0,16700.0,0.0,168000,12,Personal,Urban,Undergraduate,Male,Private,0
APP102366,8000,0,Salaried,55,Single,0.0,684.0,3,7.2,1100.0,26000.0,199000,360,Personal,Semi-Urban,Postgraduate,Male,Private,0
APP102367,8000,5800,Self-Employed,37,Married,0.0,642.0,2,7.9,11800.0,105000.0,216000,180,Business,Semi-Urban,Undergraduate,Male,Govt,1
APP102368,8000,0,Salaried,49,Married,0.0,690.0,1,52.9,8200.0,37000.0,155000,36,Personal,Urban,Postgraduate,Male,Self,0
APP102369,8000,3000,Self-Employed,40,Single,0.0,619.0,2,6.7,21400.0,0.0,214000,240,Personal,Rural,Graduate,Female,Private,0
APP102370,8800,0,Self-Employed,59,Married,3.0,712.0,0,5.3,3700.0,192000.0,161000,360,Home,Semi-Urban,Graduate,Female,Govt,1
APP102371,8000,3300,Business,48,Married,1.0,704.0,1,16.1,26700.0,94000.0,192000,120,Personal,Semi-Urban,Graduate,Male,Self,1
APP102372,8000,0,Self-Employed,38,Married,2.0,568.0,0,5.0,2400.0,76000.0,80000,240,Home,Rural,Graduate,Male,Private,0
APP102373,8000,3000,Salaried,44,Married,0.0,741.0,1,5.0,5200.0,25000.0,130000,360,Education,Semi-Urban,Postgraduate,Male,Self,1
APP102374,8000,0,Self-Employed,35,Single,0.0,881.0,0,16.0,1700.0,58000.0,72000,60,Home,Rural,Graduate,Male,Self,1
APP102375,8000,3000,Salaried,35,Single,1.0,713.0,2,5.7,2800.0,313000.0,257000,360,Home,Urban,Undergraduate,Male,Self,1
APP102376,8000,0,Salaried,24,Married,2.0,497.0,0,32.9,8200.0,245000.0,191000,60,Home,Urban,Graduate,Male,Govt,0
APP102377,8000,0,Self-Employed,29,Single,0.0,641.0,0,20.3,31800.0,25000.0,171000,120,Education,Semi-Urban,Graduate,Male,Private,1
APP102378,8000,3000,Salaried,58,Married,0.0,556.0,1,53.1,8400.0,171000.0,308000,60,Business,Semi-Urban,Undergraduate,Male,Self,0
APP102379,8000,3000,Self-Employed,25,Single,0.0,653.0,0,10.5,2200.0,82000.0,136000,120,Education,Urban,Graduate,Male,Self,0
APP102380,8000,3000,Business,31,Married,0.0,733.0,1,90.0,1000.0,101000.0,283000,12,Business,Semi-Urban,Postgraduate,Male,Private,0
APP102381,8000,0,Business,37,Married,2.0,599.0,2,9.9,15900.0,47000.0,84000,120,Personal,Urban,Undergraduate,Male,Private,0
APP102382,8000,3000,Business,37,Married,0.0,849.0,0,5.7,4200.0,39000.0,84000,120,Personal,Semi-Urban,Graduate,Female,Govt,1
APP102383,8000,0,Salaried,41,Married,0.0,,1,5.0,4800.0,59000.0,50000,240,Home,Semi-Urban,Postgraduate,Male,Self,0
APP102384,8000,3400,Salaried,33,Married,1.0,633.0,3,8.0,23800.0,93000.0,227000,240,Business,Semi-Urban,Graduate,Female,Private,1
APP102385,8000,0,Self-Employed,42,Married,0.0,698.0,2,11.3,7100.0,241000.0,198000,180,Home,Semi-Urban,Undergraduate,Male,Govt,1
APP102386,8000,0,Salaried,49,Single,2.0,538.0,4,48.4,6000.0,92000.0,206000,60,Personal,Rural,Postgraduate,Male,Private,0
APP102387,8000,3000,Self-Employed,50,Married,2.0,566.0,2,5.0,9500.0,,190000,360,Personal,Urban,Graduate,Female,Private,1
APP102388,8000,0,Self-Employed,35,Single,0.0,748.0,0,5.7,35700.0,18000.0,59000,120,Education,Rural,Undergraduate,Male,Self,1
APP102389,8000,0,Self-Employed,44,Married,1.0,853.0,0,11.2,10400.0,56000.0,55000,60,Home,Urban,Graduate,Male,Govt,1
APP102390,8000,0,Salaried,26,Single,1.0,864.0,0,18.0,,,224000,180,Education,Semi-Urban,Undergraduate,Male,Govt,1
APP102391,8000,0,Salaried,30,Single,0.0,648.0,0,5.0,3600.0,0.0,66000,240,Business,Semi-Urban,Undergraduate,Male,Private,0
APP102392,8000,0,Salaried,26,Single,1.0,801.0,0,90.0,6100.0,25000.0,199000,12,Business,Rural,Undergraduate,Female,Private,0
APP102393,8000,0,Salaried,37,Single,1.0,649.0,3,14.2,19200.0,35000.0,61000,60,Business,Rural,Undergraduate,Male,Govt,1
APP102394,8000,3000,Business,29,Single,1.0,754.0,1,5.0,2300.0,117000.0,114000,360,Home,Rural,Graduate,Male,Private,1
APP102395,8000,3200,Salaried,22,Married,2.0,661.0,0,6.3,9400.0,0.0,111000,180,Education,Urban,Undergraduate,Male,Private,0
APP102396,8000,3000,Salaried,34,Single,0.0,561.0,2,9.7,7500.0,144000.0,139000,120,Home,Rural,Graduate,Male,Self,1
APP102397,8000,3000,Salaried,21,Married,1.0,824.0,0,5.0,22400.0,66000.0,173000,360,Business,Urban,Postgraduate,Female,Govt,1
APP102398,8000,0,Self-Employed,51,Married,2.0,847.0,0,20.4,3000.0,87000.0,72000,36,Home,Urban,Graduate,Female,Self,1
APP102399,8000,0,Self-Employed,32,Married,,642.0,0,13.9,9600.0,99000.0,235000,240,Education,Urban,Undergraduate,Male,Private,1
APP102400,8000,0,Salaried,47,Single,3.0,756.0,1,5.0,37500.0,25000.0,50000,120,Business,Semi-Urban,Postgraduate,Male,Govt,1
APP102401,8000,0,Salaried,33,Married,0.0,650.0,2,57.6,19900.0,0.0,196000,36,Personal,Semi-Urban,Undergraduate,Female,Govt,0
APP102402,8000,3000,Salaried,26,Married,2.0,876.0,0,30.9,14800.0,0.0,205000,60,Personal,Urban,Graduate,Male,Private,1
APP102403,8000,3000,Salaried,49,Married,2.0,537.0,1,5.0,5900.0,113000.0,89000,240,Home,Urban,Undergraduate,Male,Private,0
APP102404,8000,0,Self-Employed,38,Single,1.0,663.0,0,65.4,9400.0,22000.0,71000,12,Education,Semi-Urban,Undergraduate,Male,Private,0
APP102405,8000,3000,Self-Employed,56,Married,0.0,549.0,0,10.0,7200.0,0.0,222000,180,Business,Rural,Postgraduate,Male,Private,0
APP102406,8000,0,Salaried,33,Married,0.0,537.0,0,5.0,19100.0,43000.0,109000,360,Personal,Semi-Urban,Graduate,Female,Private,1
APP102407,8000,3000,Salaried,33,Married,0.0,669.0,0,7.9,13700.0,226000.0,185000,240,Home,Semi-Urban,Graduate,Female,Private,1
APP102408,9900,0,Business,48,Single,1.0,631.0,1,17.6,4300.0,188000.0,190000,120,Home,Semi-Urban,Graduate,Male,Govt,0
APP102409,8000,0,Salaried,48,Single,0.0,580.0,1,49.8,46400.0,181000.0,158000,36,Home,Rural,Graduate,Male,Private,0
APP102410,8000,0,Self-Employed,39,Single,1.0,755.0,0,10.0,27000.0,88000.0,160000,180,Personal,Rural,Graduate,Male,Self,1
APP102411,8000,4300,Salaried,65,Single,0.0,796.0,0,7.4,3400.0,79000.0,94000,120,Home,Semi-Urban,Graduate,Male,Govt,1
APP102412,8000,3000,Salaried,35,Married,0.0,702.0,3,6.9,5700.0,113000.0,261000,360,Personal,Semi-Urban,Graduate,Male,Self,1
APP102413,8000,3000,Salaried,25,Single,0.0,511.0,0,5.0,6900.0,0.0,143000,360,Personal,Rural,Graduate,Female,Private,0
APP102414,8000,0,Salaried,27,Married,1.0,694.0,2,6.2,18300.0,0.0,70000,120,Personal,Rural,Graduate,Male,Self,0
APP102415,8000,3000,Business,35,Married,2.0,701.0,1,19.4,3600.0,79000.0,93000,36,Home,Urban,Undergraduate,Male,Govt,1
APP102416,8000,3000,Salaried,53,Married,0.0,604.0,0,5.0,4100.0,0.0,129000,360,Personal,Semi-Urban,Postgraduate,Male,Self,0
APP102417,8000,0,Salaried,36,Married,0.0,711.0,0,9.6,19500.0,76000.0,169000,240,Personal,Rural,Graduate,Male,Private,1
APP102418,8000,3000,Salaried,53,Single,3.0,634.0,0,9.2,14200.0,0.0,191000,180,Education,Semi-Urban,Postgraduate,Male,Private,0
APP102419,8000,0,Salaried,42,Married,0.0,598.0,1,8.5,1200.0,14000.0,69000,120,Business,Semi-Urban,Postgraduate,Female,Private,1
APP102420,8000,3000,Salaried,48,Single,2.0,573.0,0,5.3,15600.0,78000.0,75000,120,Home,Semi-Urban,Undergraduate,Male,Govt,1
APP102421,8000,3000,Salaried,41,Married,1.0,747.0,1,5.0,1900.0,0.0,73000,360,Personal,Urban,Graduate,Female,Self,1
APP102422,8000,0,Self-Employed,41,Married,0.0,780.0,2,23.4,4300.0,123000.0,129000,60,Home,Urban,Graduate,Male,Private,1
APP102423,8000,3000,Salaried,45,Married,,659.0,1,6.9,5600.0,50000.0,274000,360,Personal,Rural,Undergraduate,Male,Govt,1
APP102424,8000,0,Salaried,32,Single,3.0,736.0,4,90.0,5100.0,20000.0,158000,12,Personal,Semi-Urban,Graduate,Male,Govt,0
APP102425,8000,3000,Business,32,Single,2.0,809.0,1,8.2,4200.0,280000.0,280000,360,Home,Rural,Graduate,Male,Govt,1
APP102426,8000,3000,Salaried,41,Married,1.0,691.0,0,6.6,2900.0,0.0,150000,180,Personal,Rural,Graduate,Male,Private,0
APP102427,8000,3000,Business,57,Married,1.0,665.0,1,17.2,13500.0,0.0,103000,60,Personal,Semi-Urban,Graduate,Male,Private,0
APP102428,8000,3000,Salaried,22,Married,0.0,706.0,2,90.0,1600.0,0.0,278000,12,Personal,Rural,Undergraduate,Female,Private,0
APP102429,8000,0,Business,21,Single,0.0,604.0,0,11.3,4800.0,191000.0,188000,180,Home,Urban,Graduate,Female,Private,1
APP102430,8000,3000,Self-Employed,35,Single,0.0,721.0,1,30.9,17900.0,263000.0,222000,60,Home,Semi-Urban,Undergraduate,Male,Private,0
APP102431,8000,3000,Business,48,Married,3.0,693.0,0,9.4,12100.0,63000.0,300000,240,Personal,Semi-Urban,Undergraduate,Male,Private,0
APP102432,8000,3000,Business,38,Single,0.0,538.0,3,29.2,2000.0,202000.0,232000,60,Home,Semi-Urban,Postgraduate,Male,Govt,0
APP102433,8000,3000,Salaried,26,Married,0.0,555.0,1,50.6,1200.0,91000.0,205000,36,Personal,Urban,Graduate,Male,Private,0
APP102434,8000,3000,Business,38,Married,1.0,591.0,0,10.0,2700.0,166000.0,199000,180,Home,Urban,Graduate,Male,Govt,0
APP102435,8000,0,Salaried,21,Single,1.0,710.0,2,9.4,900.0,212000.0,167000,180,Home,Urban,Graduate,Female,Self,0
APP102436,8000,0,Salaried,44,Married,0.0,649.0,0,12.1,8900.0,6000.0,147000,180,Business,Semi-Urban,Graduate,Male,Private,1
APP102437,8000,3000,Salaried,34,Married,0.0,677.0,0,6.9,5100.0,28000.0,138000,180,Personal,Rural,Postgraduate,Male,Self,1
APP102438,8000,3000,Salaried,37,Married,1.0,794.0,1,17.9,5500.0,7000.0,318000,180,Personal,Rural,Graduate,Male,Private,1
APP102439,8000,0,Salaried,42,Married,2.0,695.0,3,17.0,13500.0,69000.0,232000,180,Business,Urban,Undergraduate,Male,Self,1
APP102440,8000,3000,Self-Employed,40,Single,1.0,622.0,0,29.1,19400.0,54000.0,110000,36,Personal,Urban,Postgraduate,Male,Private,0
APP102441,8000,3000,Salaried,32,Single,0.0,575.0,2,28.8,10300.0,0.0,206000,60,Personal,Urban,Postgraduate,Male,Private,0
APP102442,8000,0,Self-Employed,48,Single,1.0,707.0,0,80.2,,57000.0,200000,36,Business,Urban,Undergraduate,Male,Private,0
APP102443,8000,0,Business,45,Married,1.0,592.0,0,5.0,4000.0,0.0,59000,240,Personal,Rural,Graduate,Male,Private,0
APP102444,8000,3000,Salaried,21,Married,0.0,792.0,0,5.9,5700.0,0.0,99000,180,Personal,Rural,Graduate,Male,Self,0
APP102445,8000,3000,Salaried,35,Married,0.0,694.0,1,13.0,10000.0,117000.0,210000,120,Education,Urban,Graduate,Female,Private,1
APP102446,8000,0,Salaried,27,Married,2.0,691.0,0,5.0,20400.0,20000.0,53000,240,Business,Urban,Graduate,Male,Govt,1
APP102447,8000,0,Salaried,25,Single,1.0,594.0,0,23.6,2000.0,243000.0,208000,120,Home,Urban,Postgraduate,Male,Private,0
APP102448,8000,0,Salaried,43,Single,0.0,703.0,4,15.7,2600.0,241000.0,216000,180,Home,Urban,Graduate,Female,Self,1
APP102449,8000,0,Salaried,33,Married,0.0,781.0,0,71.3,8100.0,164000.0,189000,36,Home,Rural,Graduate,Male,Private,0
APP102450,8000,3000,Salaried,36,Single,2.0,659.0,1,11.3,1000.0,312000.0,283000,240,Home,Semi-Urban,Undergraduate,Male,Private,1
APP102451,8000,3000,Business,31,Single,1.0,755.0,1,9.3,10800.0,297000.0,243000,240,Home,Rural,Graduate,Male,Private,1
APP102452,8000,3000,Self-Employed,41,Married,3.0,643.0,0,5.0,23300.0,5000.0,103000,360,Business,Semi-Urban,Postgraduate,Male,Private,0
APP102453,8000,0,Salaried,44,Single,1.0,674.0,0,5.0,85700.0,0.0,54000,360,Personal,Urban,Graduate,Male,Self,0
APP102454,8000,0,Self-Employed,59,Married,0.0,859.0,1,11.0,8800.0,225000.0,211000,240,Home,Urban,Graduate,Female,Self,1
APP102455,12100,0,Salaried,36,Married,2.0,638.0,1,5.4,19100.0,0.0,278000,360,Personal,Urban,Postgraduate,Female,Private,0
APP102456,8000,0,Salaried,23,Married,0.0,712.0,2,11.4,8300.0,26000.0,125000,120,Personal,Rural,Undergraduate,Male,Private,1
APP102457,8000,0,Self-Employed,32,Married,0.0,644.0,0,22.3,40900.0,0.0,201000,120,Personal,Rural,Graduate,Male,Self,0
APP102458,8000,0,Salaried,46,Married,0.0,689.0,2,5.0,5300.0,17000.0,58000,360,Education,Rural,Graduate,Male,Private,1
APP102459,8000,0,Salaried,30,Married,0.0,734.0,1,5.0,11300.0,0.0,109000,360,Business,Urban,Graduate,Male,Self,0
APP102460,8000,3000,Business,23,Married,2.0,590.0,1,8.8,,148000.0,156000,180,Home,Rural,Graduate,Male,Private,1
APP102461,8000,0,Business,30,Single,1.0,616.0,0,6.5,12000.0,75000.0,68000,120,Home,Urban,Graduate,Male,Self,1
APP102462,8000,0,Self-Employed,32,Single,0.0,723.0,1,7.6,3700.0,238000.0,190000,360,Home,Urban,Postgraduate,Female,Self,1
APP102463,8000,3000,Self-Employed,27,Single,1.0,686.0,1,23.7,2100.0,146000.0,271000,120,Personal,Semi-Urban,Graduate,Male,Private,1
APP102464,8000,3000,Self-Employed,40,Married,1.0,769.0,2,37.8,22500.0,,220000,60,Personal,Semi-Urban,Graduate,Male,Self,1
APP102465,8000,0,Salaried,37,Married,2.0,696.0,1,6.2,10400.0,160000.0,128000,240,Home,Rural,Postgraduate,Male,Govt,1
APP102466,8000,3000,Salaried,45,Married,2.0,839.0,1,90.0,8700.0,268000.0,226000,12,Home,Semi-Urban,Graduate,Female,Self,0
APP102467,8000,3000,Salaried,33,Married,0.0,734.0,1,22.5,19800.0,78000.0,303000,120,Personal,Urban,Graduate,Female,Self,1
APP102468,8000,3100,Salaried,43,Married,2.0,833.0,2,5.0,18900.0,0.0,162000,360,Personal,Urban,Undergraduate,Male,Private,1
APP102469,8000,0,Salaried,33,Single,0.0,832.0,0,22.5,11600.0,17000.0,112000,60,Education,Urban,Graduate,Male,Private,1
APP102470,8000,3000,Salaried,26,Single,0.0,622.0,0,5.0,15300.0,71000.0,230000,360,Business,Urban,Undergraduate,Female,Private,1
APP102471,8000,0,Business,32,Single,0.0,797.0,2,5.0,4800.0,90000.0,179000,360,Business,Urban,Graduate,Male,Self,1
APP102472,8000,0,Business,21,Married,0.0,740.0,3,5.2,13800.0,164000.0,136000,360,Home,Semi-Urban,Graduate,Female,Self,1
APP102473,8000,0,Self-Employed,55,Married,,758.0,0,8.7,1700.0,65000.0,213000,360,Personal,Urban,Graduate,Male,Private,1
APP102474,8000,0,Salaried,39,Single,1.0,754.0,4,7.2,8300.0,137000.0,116000,180,Home,Rural,Graduate,Male,Self,1
APP102475,8000,0,Business,30,Married,1.0,652.0,0,12.1,17100.0,0.0,171000,180,Personal,Semi-Urban,Graduate,Male,Private,0
APP102476,8000,3000,Salaried,34,Married,3.0,709.0,0,5.6,3900.0,30000.0,242000,360,Education,Urban,Graduate,Female,Private,1
APP102477,8000,3000,Self-Employed,21,Married,0.0,634.0,1,7.2,9300.0,164000.0,144000,180,Home,Semi-Urban,Undergraduate,Male,Private,1
APP102478,18100,0,Salaried,52,Married,0.0,871.0,2,5.0,11000.0,0.0,117000,120,Personal,Semi-Urban,Postgraduate,Female,Private,1
APP102479,8000,3200,Self-Employed,51,Married,1.0,604.0,1,11.7,,160000.0,289000,240,Business,Semi-Urban,Graduate,Male,Govt,0
APP102480,8000,0,Salaried,39,Single,2.0,564.0,0,7.4,25100.0,165000.0,141000,240,Home,Urban,Postgraduate,Male,Private,1
APP102481,8000,3000,Business,41,Single,3.0,606.0,0,5.0,11200.0,116000.0,91000,240,Home,Rural,Undergraduate,Male,Private,1
APP102482,8000,3000,Business,25,Married,0.0,667.0,1,12.9,1500.0,383000.0,319000,240,Home,Urban,Postgraduate,Male,Self,0
APP102483,8000,0,Salaried,26,Married,2.0,658.0,2,5.5,8900.0,61000.0,105000,240,Personal,Rural,Graduate,Male,Govt,1
APP102484,8000,0,Salaried,21,Single,2.0,760.0,0,7.0,34700.0,0.0,139000,240,Personal,Urban,Undergraduate,Male,Private,1
APP102485,8000,0,Business,36,Married,0.0,674.0,1,9.9,8100.0,34000.0,141000,180,Personal,Rural,Graduate,Female,Private,0
APP102486,8000,3000,Salaried,48,Married,1.0,611.0,3,48.9,4200.0,15000.0,164000,36,Personal,Semi-Urban,Graduate,Male,Self,0
APP102487,8000,3300,Business,34,Married,0.0,715.0,1,5.0,4700.0,15000.0,109000,240,Personal,Semi-Urban,Postgraduate,Female,Private,1
APP102488,8000,3000,Self-Employed,41,Married,1.0,784.0,0,90.0,6900.0,0.0,252000,12,Personal,Urban,Undergraduate,Male,Self,0
APP102489,8000,3000,Salaried,47,Single,2.0,674.0,3,5.0,2400.0,0.0,118000,360,Personal,Urban,Undergraduate,Female,Self,0
APP102490,8000,0,Salaried,21,Single,2.0,750.0,1,5.5,32900.0,68000.0,179000,360,Personal,Rural,Undergraduate,Male,Private,1
APP102491,8000,3000,Salaried,56,Married,1.0,687.0,0,12.5,20400.0,131000.0,278000,240,Business,Rural,Graduate,Male,Private,1
APP102492,8000,3000,Self-Employed,49,Married,2.0,656.0,0,5.0,23800.0,62000.0,72000,360,Home,Semi-Urban,Undergraduate,Male,Self,1
APP102493,8000,0,Salaried,43,Married,0.0,734.0,1,9.3,1800.0,228000.0,189000,240,Home,Urban,Graduate,Male,Private,1
APP102494,8000,3000,Salaried,47,Married,0.0,684.0,2,56.8,9200.0,,234000,36,Home,Urban,Graduate,Female,Private,0
APP102495,8000,0,Salaried,47,Single,0.0,762.0,1,5.5,23800.0,48000.0,86000,180,Business,Semi-Urban,Postgraduate,Male,Private,1
APP102496,8000,0,Self-Employed,40,Single,2.0,810.0,1,31.0,3100.0,60000.0,167000,60,Education,Urban,Graduate,Male,Self,1
APP102497,8000,3000,Business,52,Married,2.0,661.0,1,11.1,7500.0,156000.0,177000,120,Home,Urban,Postgraduate,Female,Self,1
APP102498,8000,0,Business,33,Single,1.0,738.0,0,5.0,2700.0,14000.0,64000,180,Business,Semi-Urban,Graduate,Male,Self,1
APP102499,8000,0,Salaried,42,Single,3.0,768.0,1,7.8,18700.0,,149000,240,Business,Semi-Urban,Undergraduate,Female,Private,0
APP102500,8000,0,Business,51,Single,2.0,716.0,0,16.5,6500.0,138000.0,235000,180,Business,Urban,Graduate,Male,Private,0
APP102501,8000,3000,Self-Employed,21,Married,1.0,725.0,0,13.2,7400.0,260000.0,237000,180,Home,Urban,Graduate,Female,Govt,1
APP102502,8000,3000,Self-Employed,42,Married,1.0,676.0,2,9.7,2600.0,0.0,153000,120,Business,Semi-Urban,Undergraduate,Male,Private,0
APP102503,8000,3000,Business,45,Single,2.0,702.0,0,10.9,38100.0,202000.0,215000,180,Home,Urban,Graduate,Male,Self,1
APP102504,8000,0,Salaried,21,Married,0.0,726.0,0,46.3,8500.0,179000.0,190000,60,Home,Rural,Postgraduate,Male,Private,1
APP102505,8000,3000,Salaried,40,Single,0.0,625.0,0,18.5,17900.0,31000.0,107000,60,Education,Urban,Postgraduate,Female,Private,1
APP102506,8000,0,Business,30,Single,0.0,527.0,0,7.9,11900.0,0.0,150000,240,Personal,Urban,Postgraduate,Male,Private,0
APP102507,8000,0,Salaried,41,Single,2.0,672.0,0,12.9,3300.0,121000.0,145000,120,Home,Rural,Postgraduate,Male,Self,0
APP102508,8000,0,Business,37,Married,3.0,656.0,1,35.9,1600.0,3000.0,120000,36,Personal,Semi-Urban,Graduate,Male,Govt,0
APP102509,8000,3000,Business,28,Single,0.0,801.0,3,19.7,6700.0,0.0,263000,120,Business,Urban,Undergraduate,Female,Private,0
APP102510,8000,3000,Salaried,49,Married,3.0,690.0,2,8.5,24500.0,34000.0,215000,240,Education,Semi-Urban,Graduate,Female,Private,1
APP102511,8000,0,Business,33,Single,1.0,730.0,0,7.5,1100.0,46000.0,182000,360,Education,Urban,Graduate,Female,Private,1
APP102512,8000,3000,Salaried,40,Married,1.0,642.0,0,6.4,56900.0,283000.0,223000,360,Home,Semi-Urban,Graduate,Male,Self,1
APP102513,8000,0,Salaried,51,Married,2.0,626.0,0,10.0,18700.0,78000.0,198000,240,Business,Urban,Postgraduate,Male,Self,1
APP102514,8000,3000,Self-Employed,28,Single,1.0,604.0,0,16.6,9800.0,209000.0,233000,120,Home,Semi-Urban,Postgraduate,Male,Private,0
APP102515,8000,0,Business,38,Married,1.0,566.0,0,29.9,7200.0,88000.0,178000,60,Education,Semi-Urban,Undergraduate,Female,Self,0
APP102516,8000,0,Salaried,33,Married,0.0,721.0,3,25.4,19100.0,110000.0,91000,36,Home,Semi-Urban,Postgraduate,Male,Private,1
APP102517,8000,3000,Salaried,35,Single,0.0,707.0,0,10.8,2400.0,3000.0,289000,240,Business,Rural,Postgraduate,Male,Self,1
APP102518,8000,0,Self-Employed,59,Married,1.0,812.0,0,5.0,12600.0,76000.0,78000,180,Home,Semi-Urban,Undergraduate,Female,Private,1
APP102519,8000,0,Self-Employed,42,Single,0.0,721.0,1,5.1,11000.0,3000.0,113000,240,Education,Semi-Urban,Graduate,Male,Self,1
APP102520,8000,3000,Self-Employed,41,Married,2.0,693.0,1,54.4,48800.0,0.0,301000,60,Education,Urban,Postgraduate,Male,Private,0
APP102521,8000,3000,Salaried,43,Single,1.0,485.0,2,7.8,5600.0,34000.0,95000,120,Business,Urban,Postgraduate,Male,Govt,0
APP102522,8000,0,Salaried,42,Single,1.0,827.0,3,43.7,8500.0,224000.0,214000,60,Home,Rural,Graduate,Male,Private,0
APP102523,8000,0,Salaried,21,Married,2.0,683.0,0,8.3,7600.0,71000.0,139000,240,Personal,Rural,Undergraduate,Female,Private,1
APP102524,8200,3000,Business,60,Married,3.0,492.0,0,15.2,4800.0,118000.0,117000,60,Home,Urban,Graduate,Male,Private,0
APP102525,8000,3700,Salaried,23,Married,0.0,700.0,0,9.4,35500.0,89000.0,277000,240,Business,Rural,Postgraduate,Male,Govt,1
APP102526,8000,3000,Salaried,55,Married,1.0,607.0,0,32.7,3100.0,49000.0,141000,36,Personal,Semi-Urban,Postgraduate,Male,Private,0
APP102527,8000,3000,Business,44,Married,2.0,587.0,2,14.8,1800.0,58000.0,245000,180,Personal,Semi-Urban,Undergraduate,Male,Private,0
APP102528,8000,3000,Salaried,39,Single,0.0,703.0,0,80.6,10300.0,87000.0,275000,36,Education,Urban,Undergraduate,Male,Private,0
APP102529,8000,6500,Business,34,Married,0.0,611.0,2,33.1,3900.0,329000.0,285000,60,Home,Urban,Postgraduate,Male,Self,0
APP102530,8000,0,Self-Employed,64,Married,1.0,772.0,0,67.0,10400.0,165000.0,199000,36,Home,Semi-Urban,Postgraduate,Male,Govt,0
APP102531,8000,0,Business,44,Single,1.0,661.0,1,28.5,15300.0,20000.0,228000,120,Personal,Urban,Graduate,Male,Private,0
APP102532,8000,0,Salaried,38,Married,0.0,699.0,2,14.2,9400.0,3000.0,154000,120,Business,Semi-Urban,Graduate,Male,Self,1
APP102533,8000,3000,Salaried,32,Married,1.0,714.0,2,5.0,8300.0,59000.0,106000,360,Education,Rural,Undergraduate,Male,Private,1
APP102534,8000,0,Self-Employed,31,Married,1.0,694.0,1,41.6,1000.0,35000.0,184000,60,Business,Semi-Urban,Undergraduate,Female,Private,0
APP102535,8000,0,Business,38,Married,1.0,699.0,0,47.7,14200.0,163000.0,127000,36,Home,Semi-Urban,Undergraduate,Female,Private,0
APP102536,8000,0,Self-Employed,28,Single,2.0,676.0,2,8.0,9900.0,29000.0,150000,240,Business,Semi-Urban,Graduate,Female,Private,1
APP102537,8000,0,Salaried,44,Single,,,0,10.3,52800.0,0.0,168000,240,Education,Urban,Undergraduate,Male,Private,1
APP102538,8000,3000,Self-Employed,31,Married,1.0,755.0,0,34.7,25300.0,0.0,255000,60,Education,Rural,Undergraduate,Male,Self,0
APP102539,8000,0,Self-Employed,48,Married,1.0,601.0,2,9.1,1800.0,11000.0,171000,240,Education,Rural,Graduate,Male,Govt,0
APP102540,8000,3000,Self-Employed,47,Married,2.0,579.0,0,5.4,23400.0,0.0,127000,240,Personal,Semi-Urban,Postgraduate,Male,Self,0
APP102541,8000,0,Self-Employed,37,Married,1.0,600.0,1,17.9,2200.0,20000.0,192000,120,Personal,Urban,Undergraduate,Male,Private,0
APP102542,8000,0,Business,43,Single,2.0,694.0,3,16.2,18700.0,0.0,203000,180,Education,Urban,Postgraduate,Male,Private,0
APP102543,8000,0,Self-Employed,44,Married,1.0,580.0,0,20.2,34700.0,20000.0,55000,36,Personal,Urban,Undergraduate,Female,Self,1
APP102544,8000,0,Salaried,23,Married,1.0,613.0,1,90.0,52400.0,109000.0,107000,12,Home,Semi-Urban,Graduate,Male,Self,0
APP102545,8000,3000,Salaried,55,Married,0.0,551.0,1,8.7,5500.0,287000.0,324000,360,Home,Urban,Postgraduate,Male,Self,0
APP102546,8000,0,Salaried,35,Single,2.0,747.0,2,20.0,16400.0,98000.0,82000,60,Home,Semi-Urban,Undergraduate,Female,Self,1
APP102547,8000,0,Salaried,44,Single,1.0,739.0,0,20.7,22200.0,32000.0,83000,60,Personal,Semi-Urban,Graduate,Male,Private,1
APP102548,8000,3000,Salaried,45,Single,,759.0,0,5.1,13000.0,100000.0,222000,360,Personal,Urban,Undergraduate,Female,Private,1
APP102549,8000,0,Salaried,21,Single,1.0,629.0,1,6.8,1500.0,0.0,113000,240,Personal,Semi-Urban,Postgraduate,Female,Private,0
APP102550,8000,0,Salaried,31,Married,0.0,521.0,0,9.9,9500.0,56000.0,174000,180,Personal,Urban,Graduate,Female,Private,1
APP102551,8000,3000,Salaried,46,Married,1.0,596.0,1,5.0,14300.0,170000.0,135000,240,Home,Rural,Graduate,Male,Private,1
APP102552,8000,3000,Business,38,Married,0.0,558.0,0,7.0,8100.0,65000.0,178000,240,Personal,Urban,Graduate,Female,Private,0
APP102553,8000,0,Business,44,Single,0.0,,0,12.4,3400.0,298000.0,240000,240,Home,Urban,Postgraduate,Male,Private,1
APP102554,8000,3000,Salaried,38,Single,0.0,766.0,2,41.1,6600.0,0.0,165000,36,Personal,Urban,Undergraduate,Male,Self,0
APP102555,8000,3000,Business,50,Married,0.0,657.0,0,6.0,20000.0,101000.0,89000,120,Home,Rural,Graduate,Male,Private,1
APP102556,8000,3000,Salaried,39,Single,0.0,706.0,0,41.2,12000.0,0.0,262000,60,Personal,Semi-Urban,Graduate,Male,Govt,0
APP102557,8000,0,Salaried,52,Single,2.0,779.0,0,45.1,12900.0,0.0,161000,36,Personal,Semi-Urban,Graduate,Male,Private,0
APP102558,8000,0,Salaried,28,Single,2.0,588.0,0,13.5,6300.0,13000.0,133000,120,Education,Urban,Postgraduate,Male,Private,1
APP102559,8000,3000,Salaried,36,Married,0.0,711.0,3,11.0,12400.0,24000.0,306000,240,Personal,Semi-Urban,Undergraduate,Female,Private,1
APP102560,8000,0,Self-Employed,32,Single,1.0,517.0,4,13.9,1000.0,95000.0,76000,60,Home,Urban,Postgraduate,Female,Self,0
APP102561,8000,3000,Self-Employed,41,Married,1.0,686.0,2,14.8,7800.0,195000.0,195000,120,Home,Rural,Postgraduate,Female,Private,1
APP102562,8000,0,Salaried,35,Single,0.0,768.0,1,5.0,5500.0,22000.0,85000,240,Personal,Rural,Postgraduate,Male,Self,1
APP102563,8000,3000,Salaried,35,Single,0.0,561.0,2,5.0,8300.0,0.0,88000,180,Business,Semi-Urban,Graduate,Female,Private,0
APP102564,8000,0,Salaried,30,Married,0.0,738.0,2,5.0,2500.0,25000.0,133000,360,Education,Rural,Postgraduate,Male,Private,1
APP102565,8100,0,Salaried,33,Single,2.0,700.0,0,10.7,11700.0,252000.0,233000,240,Home,Urban,Postgraduate,Female,Self,1
APP102566,8000,3000,Salaried,37,Single,,631.0,1,5.7,55400.0,51000.0,257000,360,Personal,Urban,Postgraduate,Female,Govt,1
APP102567,8000,3000,Salaried,21,Married,1.0,547.0,3,6.7,8800.0,3000.0,128000,180,Personal,Urban,Undergraduate,Male,Govt,0
APP102568,8000,0,Business,21,Married,2.0,701.0,0,6.8,8500.0,8000.0,137000,240,Education,Urban,Undergraduate,Female,Govt,1
APP102569,8000,3000,Business,38,Married,1.0,716.0,1,6.5,99500.0,0.0,277000,360,Business,Rural,Undergraduate,Male,Private,0
APP102570,8000,3000,Salaried,21,Single,0.0,643.0,1,5.0,3100.0,23000.0,118000,360,Personal,Urban,Undergraduate,Male,Private,1
APP102571,8000,0,Business,36,Single,2.0,583.0,1,5.0,13300.0,,87000,240,Home,Rural,Undergraduate,Male,Self,0
APP102572,8000,0,Salaried,34,Married,0.0,740.0,1,5.1,39400.0,89000.0,83000,180,Home,Rural,Postgraduate,Male,Private,1
APP102573,8000,3000,Salaried,43,Married,2.0,778.0,1,32.6,5500.0,128000.0,226000,60,Education,Urban,Graduate,Female,Private,1
APP102574,8000,0,Salaried,31,Married,1.0,757.0,1,5.0,19000.0,15000.0,54000,360,Personal,Urban,Graduate,Male,Private,1
APP102575,8000,3000,Self-Employed,53,Married,1.0,823.0,0,8.0,9600.0,224000.0,221000,240,Home,Urban,Undergraduate,Male,Private,1
APP102576,8000,0,Business,46,Married,1.0,605.0,2,7.0,2800.0,105000.0,206000,360,Business,Urban,Graduate,Male,Private,1
APP102577,8000,3000,Self-Employed,22,Married,2.0,544.0,1,72.8,6900.0,318000.0,273000,36,Home,Semi-Urban,Graduate,Female,Private,0
APP102578,8000,3000,Salaried,35,Married,0.0,684.0,4,16.1,7800.0,0.0,242000,120,Personal,Semi-Urban,Graduate,Female,Private,0
APP102579,8000,0,Self-Employed,53,Married,0.0,643.0,0,10.7,4300.0,117000.0,90000,120,Home,Semi-Urban,Postgraduate,Female,Private,1
APP102580,8100,0,Salaried,31,Single,2.0,768.0,0,6.6,1600.0,98000.0,207000,360,Business,Rural,Postgraduate,Female,Private,1
APP102581,8000,0,Business,37,Single,2.0,586.0,0,8.7,5400.0,45000.0,232000,360,Personal,Urban,Graduate,Male,Self,1
APP102582,8000,3000,Salaried,52,Single,2.0,585.0,1,16.0,1800.0,149000.0,115000,60,Home,Urban,Graduate,Male,Govt,0
APP102583,8000,3000,Salaried,32,Single,1.0,686.0,0,12.3,13900.0,,306000,240,Business,Rural,Postgraduate,Male,Self,1
APP102584,8000,0,Self-Employed,49,Married,1.0,687.0,1,67.0,14000.0,189000.0,212000,36,Home,Urban,Graduate,Male,Private,0
APP102585,8000,0,Self-Employed,28,Married,1.0,732.0,1,27.0,2300.0,0.0,236000,120,Personal,Urban,Graduate,Female,Private,0
APP102586,8000,0,Salaried,21,Married,0.0,671.0,0,6.4,8800.0,0.0,109000,180,Business,Rural,Postgraduate,Male,Private,0
APP102587,8000,3000,Self-Employed,50,Single,2.0,491.0,2,10.9,2100.0,0.0,313000,240,Personal,Rural,Postgraduate,Female,Private,0
APP102588,8000,0,Salaried,42,Single,2.0,876.0,3,5.0,5600.0,0.0,82000,360,Business,Rural,Graduate,Male,Private,0
APP102589,8000,0,Self-Employed,43,Single,3.0,683.0,0,9.0,4200.0,0.0,82000,120,Business,Urban,Postgraduate,Male,Self,0
APP102590,8000,3000,Business,27,Single,1.0,884.0,2,5.0,13100.0,16000.0,94000,180,Business,Semi-Urban,Graduate,Male,Private,1
APP102591,8000,0,Business,27,Single,1.0,668.0,0,6.3,1600.0,132000.0,130000,240,Home,Urban,Undergraduate,Female,Self,0
APP102592,8000,0,Self-Employed,49,Married,2.0,577.0,1,5.0,,42000.0,50000,120,Home,Rural,Graduate,Female,Private,0
APP102593,8000,4000,Salaried,40,Married,2.0,643.0,1,5.0,27700.0,0.0,182000,360,Personal,Urban,Graduate,Female,Private,0
APP102594,8000,0,Salaried,36,Married,2.0,779.0,0,7.0,7000.0,0.0,168000,360,Personal,Urban,Undergraduate,Male,Private,1
APP102595,8000,0,Self-Employed,40,Married,1.0,719.0,2,12.0,2100.0,0.0,63000,60,Personal,Rural,Postgraduate,Female,Govt,0
APP102596,8000,0,Salaried,53,Single,2.0,707.0,0,14.1,1000.0,232000.0,205000,180,Home,Rural,Graduate,Male,Self,1
APP102597,8000,3000,Salaried,45,Married,0.0,642.0,4,21.7,24200.0,2000.0,143000,60,Business,Semi-Urban,Graduate,Male,Self,0
APP102598,8000,0,Salaried,33,Married,1.0,691.0,0,5.0,58900.0,30000.0,57000,180,Business,Urban,Undergraduate,Female,Private,1
APP102599,8000,3000,Salaried,23,Married,0.0,666.0,0,6.7,8500.0,43000.0,165000,240,Education,Semi-Urban,Undergraduate,Male,Private,1
APP102600,8000,0,Self-Employed,43,Married,2.0,,0,26.2,2500.0,86000.0,75000,36,Home,Rural,Graduate,Female,Private,1
APP102601,8000,3000,Salaried,28,Married,1.0,746.0,2,7.0,2700.0,322000.0,276000,360,Home,Semi-Urban,Postgraduate,Male,Self,1
APP102602,8000,3000,Self-Employed,26,Married,0.0,,1,6.4,26400.0,130000.0,154000,180,Home,Urban,Graduate,Male,Private,1
APP102603,8000,3500,Salaried,51,Married,1.0,523.0,3,5.0,9600.0,0.0,101000,360,Personal,Urban,Postgraduate,Female,Self,0
APP102604,8000,0,Salaried,46,Single,0.0,561.0,1,90.0,3100.0,0.0,135000,12,Business,Rural,Graduate,Male,Private,0
APP102605,8000,0,Salaried,41,Married,0.0,647.0,0,5.5,80800.0,118000.0,135000,360,Home,Semi-Urban,Graduate,Female,Self,1
APP102606,8000,0,Salaried,25,Single,0.0,683.0,2,5.0,23000.0,60000.0,101000,240,Personal,Semi-Urban,Graduate,Male,Self,1
APP102607,8000,0,Salaried,55,Single,1.0,675.0,0,39.2,14000.0,0.0,111000,36,Personal,Urban,Graduate,Male,Self,0
APP102608,8000,0,Self-Employed,48,Single,0.0,736.0,0,16.9,4600.0,231000.0,196000,120,Home,Semi-Urban,Graduate,Male,Private,1
APP102609,8000,3000,Salaried,34,Single,0.0,678.0,0,6.6,28000.0,88000.0,235000,360,Personal,Rural,Graduate,Male,Private,1
APP102610,8000,0,Business,32,Married,0.0,823.0,0,5.1,19600.0,0.0,89000,180,Personal,Urban,Graduate,Male,Private,0
APP102611,8000,3000,Salaried,38,Married,0.0,725.0,0,24.4,7300.0,72000.0,316000,120,Business,Semi-Urban,Graduate,Male,Private,1
APP102612,8000,3000,Salaried,33,Married,0.0,681.0,0,5.0,24100.0,65000.0,146000,360,Education,Urban,Undergraduate,Female,Self,1
APP102613,9100,3000,Self-Employed,60,Married,1.0,544.0,0,43.9,23100.0,0.0,228000,36,Personal,Urban,Graduate,Male,Govt,0
APP102614,8000,0,Salaried,34,Single,1.0,703.0,1,11.4,10700.0,135000.0,158000,180,Home,Rural,Postgraduate,Male,Private,1
APP102615,8000,0,Salaried,27,Single,3.0,724.0,0,5.5,2600.0,95000.0,89000,240,Home,Rural,Graduate,Male,Private,1
APP102616,8000,0,Salaried,53,Married,0.0,607.0,1,5.0,2900.0,89000.0,104000,240,Home,Semi-Urban,Graduate,Male,Self,0
APP102617,8000,3000,Salaried,32,Married,2.0,575.0,0,31.4,1700.0,0.0,193000,60,Education,Urban,Postgraduate,Female,Govt,0
APP102618,8000,0,Business,45,Married,0.0,754.0,3,6.1,30500.0,82000.0,97000,180,Home,Urban,Undergraduate,Female,Private,1
APP102619,8000,0,Salaried,44,Single,0.0,592.0,0,5.1,1900.0,109000.0,107000,240,Home,Rural,Graduate,Male,Private,0
APP102620,8000,3000,Self-Employed,37,Single,0.0,670.0,3,11.7,8400.0,0.0,228000,180,Personal,Urban,Graduate,Female,Private,0
APP102621,8000,3000,Business,28,Single,0.0,674.0,1,11.5,1700.0,133000.0,260000,240,Personal,Rural,Postgraduate,Male,Self,0
APP102622,8000,3000,Salaried,37,Single,1.0,712.0,1,37.4,43600.0,,277000,60,Home,Urban,Undergraduate,Male,Private,0
APP102623,8000,0,Business,26,Married,2.0,593.0,0,5.0,2500.0,59000.0,71000,360,Home,Rural,Undergraduate,Female,Govt,1
APP102624,8000,3000,Salaried,37,Married,2.0,669.0,0,16.5,11200.0,137000.0,261000,120,Personal,Rural,Graduate,Male,Govt,1
APP102625,8000,3000,Business,45,Married,3.0,568.0,3,9.3,1700.0,364000.0,313000,360,Home,Urban,Graduate,Female,Private,0
APP102626,8000,3000,Salaried,55,Married,2.0,686.0,0,90.0,19400.0,122000.0,219000,12,Education,Rural,Postgraduate,Female,Private,0
APP102627,8000,0,Self-Employed,27,Single,,717.0,1,14.8,24000.0,94000.0,164000,120,Personal,Urban,Postgraduate,Male,Private,1
APP102628,8000,3000,Salaried,35,Married,1.0,728.0,4,57.4,8200.0,274000.0,318000,60,Home,Urban,Postgraduate,Female,Private,0
APP102629,8000,0,Salaried,32,Single,2.0,814.0,0,13.5,7600.0,218000.0,215000,180,Home,Semi-Urban,Undergraduate,Female,Govt,1
APP102630,8000,3000,Self-Employed,40,Married,2.0,656.0,0,25.9,18200.0,188000.0,213000,60,Home,Semi-Urban,Postgraduate,Male,Self,1
APP102631,8000,3000,Self-Employed,22,Married,0.0,646.0,1,11.7,4400.0,251000.0,268000,240,Home,Urban,Graduate,Male,Self,1
APP102632,8000,0,Salaried,28,Married,1.0,786.0,1,5.0,24100.0,37000.0,83000,360,Business,Semi-Urban,Graduate,Male,Self,1
APP102633,8000,0,Salaried,21,Married,,715.0,2,29.0,10900.0,0.0,127000,60,Education,Urban,Postgraduate,Female,Self,0
APP102634,8000,0,Self-Employed,23,Single,1.0,767.0,3,45.3,1700.0,0.0,185000,60,Personal,Urban,Graduate,Female,Private,0
APP102635,8000,3000,Self-Employed,31,Married,2.0,855.0,0,5.0,51400.0,53000.0,142000,360,Personal,Semi-Urban,Graduate,Male,Private,1
APP102636,8000,3000,Business,54,Single,1.0,596.0,1,14.9,9700.0,175000.0,186000,120,Home,Semi-Urban,Graduate,Male,Private,0
APP102637,8000,0,Self-Employed,41,Single,3.0,752.0,0,9.3,5800.0,71000.0,81000,120,Home,Semi-Urban,Graduate,Male,Govt,1
APP102638,8000,3000,Business,38,Married,2.0,610.0,2,54.6,9600.0,13000.0,303000,60,Business,Semi-Urban,Graduate,Male,Private,0
APP102639,8000,0,Self-Employed,51,Single,0.0,820.0,0,26.6,4000.0,80000.0,220000,120,Business,Rural,Undergraduate,Male,Govt,1
APP102640,8000,3000,Salaried,41,Married,0.0,,1,24.0,7000.0,0.0,192000,60,Education,Semi-Urban,Graduate,Male,Private,0
APP102641,8000,0,Salaried,42,Single,0.0,762.0,0,5.0,17800.0,18000.0,85000,240,Education,Urban,Postgraduate,Male,Private,1
APP102642,8000,0,Self-Employed,33,Single,2.0,622.0,1,12.9,16100.0,10000.0,178000,180,Personal,Semi-Urban,Graduate,Male,Private,0
APP102643,8000,3000,Self-Employed,31,Single,0.0,729.0,0,5.3,15100.0,115000.0,122000,240,Home,Semi-Urban,Graduate,Male,Govt,1
APP102644,8000,0,Salaried,24,Married,1.0,770.0,3,8.7,4400.0,99000.0,92000,120,Home,Semi-Urban,Undergraduate,Male,Private,1
APP102645,8000,3000,Salaried,31,Married,1.0,614.0,1,13.1,3400.0,372000.0,323000,180,Home,Semi-Urban,Undergraduate,Female,Govt,0
APP102646,8000,3000,Business,35,Married,2.0,539.0,1,12.2,11900.0,24000.0,92000,60,Education,Urban,Graduate,Male,Self,0
APP102647,8000,0,Salaried,41,Married,0.0,624.0,4,5.0,17500.0,115000.0,121000,360,Home,Urban,Postgraduate,Male,Private,0
APP102648,8000,0,Salaried,37,Single,0.0,637.0,1,8.9,3900.0,8000.0,155000,180,Education,Semi-Urban,Graduate,Male,Private,1
APP102649,8000,0,Salaried,34,Single,0.0,556.0,1,11.7,6500.0,6000.0,69000,60,Personal,Urban,Undergraduate,Male,Private,0
APP102650,8000,0,Salaried,28,Married,1.0,499.0,0,11.0,12000.0,0.0,55000,60,Personal,Semi-Urban,Graduate,Male,Govt,0
APP102651,8000,0,Salaried,41,Married,0.0,781.0,1,55.9,7400.0,167000.0,152000,36,Home,Semi-Urban,Graduate,Male,Private,1
APP102652,8000,3000,Salaried,33,Married,2.0,814.0,0,78.8,25800.0,14000.0,96000,12,Education,Semi-Urban,Postgraduate,Male,Private,1
APP102653,8000,0,Salaried,41,Married,0.0,609.0,2,6.8,2200.0,36000.0,96000,180,Personal,Semi-Urban,Undergraduate,Female,Self,1
APP102654,8000,3000,Self-Employed,21,Married,1.0,637.0,2,14.5,1900.0,252000.0,197000,120,Home,Urban,Graduate,Female,Private,1
APP102655,8000,0,Salaried,41,Married,3.0,,0,5.0,24200.0,122000.0,115000,360,Home,Rural,Postgraduate,Female,Govt,1
APP102656,8000,0,Business,45,Single,1.0,738.0,2,34.7,15000.0,0.0,184000,60,Education,Semi-Urban,Graduate,Female,Private,0
APP102657,8000,0,Business,44,Married,0.0,832.0,1,13.0,8900.0,221000.0,233000,240,Home,Semi-Urban,Undergraduate,Female,Private,1
APP102658,8000,3000,Salaried,36,Married,2.0,727.0,1,19.7,5800.0,30000.0,265000,120,Business,Urban,Graduate,Male,Govt,1
APP102659,9300,0,Self-Employed,47,Single,0.0,587.0,0,45.3,13000.0,0.0,279000,60,Personal,Urban,Undergraduate,Male,Private,0
APP102660,8000,0,Salaried,25,Married,0.0,743.0,1,5.0,9800.0,151000.0,123000,360,Home,Semi-Urban,Graduate,Male,Self,1
APP102661,8000,3000,Business,37,Single,0.0,593.0,3,5.0,10900.0,0.0,147000,360,Personal,Urban,Graduate,Male,Private,0
APP102662,8000,3000,Salaried,36,Single,0.0,650.0,3,5.2,7600.0,62000.0,122000,240,Education,Urban,Undergraduate,Female,Private,0
APP102663,8000,0,Self-Employed,48,Single,1.0,780.0,0,13.1,13800.0,204000.0,218000,240,Home,Urban,Undergraduate,Male,Private,1
APP102664,8000,0,Self-Employed,21,Married,1.0,590.0,1,5.0,20300.0,134000.0,123000,360,Home,Semi-Urban,Postgraduate,Male,Self,1
APP102665,8000,3000,Salaried,27,Married,1.0,673.0,0,13.9,,35000.0,254000,180,Personal,Semi-Urban,Graduate,Male,Private,1
APP102666,8000,3000,Salaried,55,Single,0.0,569.0,0,50.9,12800.0,272000.0,244000,36,Home,Semi-Urban,Postgraduate,Male,Self,0
APP102667,8000,3000,Self-Employed,21,Single,1.0,583.0,1,23.6,8100.0,104000.0,81000,36,Home,Rural,Postgraduate,Female,Self,0
APP102668,8000,0,Self-Employed,46,Married,0.0,630.0,0,13.1,12600.0,247000.0,217000,240,Home,Urban,Postgraduate,Female,Govt,0
APP102669,8000,0,Salaried,30,Married,0.0,818.0,1,6.3,26800.0,152000.0,141000,240,Home,Semi-Urban,Postgraduate,Male,Private,1
APP102670,8000,0,Self-Employed,40,Married,0.0,675.0,1,5.3,6900.0,44000.0,91000,240,Personal,Urban,Graduate,Female,Self,0
APP102671,8000,3000,Salaried,52,Married,1.0,892.0,1,80.9,6200.0,178000.0,324000,36,Business,Semi-Urban,Postgraduate,Male,Self,0
APP102672,8000,3000,Self-Employed,40,Married,1.0,765.0,0,7.2,13300.0,24000.0,265000,360,Personal,Semi-Urban,Postgraduate,Female,Private,1
APP102673,8000,0,Salaried,52,Married,0.0,752.0,2,11.4,17000.0,,166000,180,Personal,Urban,Graduate,Male,Private,1
APP102674,8000,0,Business,33,Married,3.0,581.0,0,10.3,7300.0,4000.0,238000,240,Business,Urban,Postgraduate,Male,Private,0
APP102675,8000,3000,Salaried,34,Single,0.0,658.0,1,90.0,12700.0,251000.0,266000,12,Home,Rural,Postgraduate,Male,Private,0
APP102676,8000,0,Salaried,45,Married,2.0,577.0,0,5.0,3500.0,71000.0,71000,360,Home,Urban,Postgraduate,Female,Private,1
APP102677,8000,3000,Salaried,33,Single,0.0,644.0,1,15.6,8000.0,0.0,328000,180,Education,Semi-Urban,Graduate,Female,Private,0
APP102678,8000,3000,Salaried,43,Single,1.0,638.0,0,13.5,38300.0,108000.0,224000,180,Education,Rural,Postgraduate,Male,Private,1
APP102679,8000,0,Salaried,49,Married,1.0,676.0,0,5.0,14900.0,41000.0,105000,360,Education,Semi-Urban,Graduate,Male,Self,1
APP102680,8000,0,Salaried,46,Single,1.0,754.0,0,8.0,4200.0,238000.0,205000,360,Home,Semi-Urban,Postgraduate,Female,Self,1
APP102681,8000,0,Business,22,Single,0.0,656.0,0,10.3,4900.0,72000.0,57000,60,Home,Rural,Undergraduate,Male,Govt,1
APP102682,9200,0,Salaried,34,Married,1.0,731.0,3,6.8,2300.0,56000.0,200000,360,Personal,Urban,Postgraduate,Male,Self,1
APP102683,8000,0,Salaried,40,Married,2.0,540.0,1,5.0,41100.0,8000.0,79000,240,Business,Urban,Graduate,Male,Private,0
APP102684,8000,3000,Salaried,35,Married,2.0,712.0,1,67.7,3000.0,49000.0,89000,12,Education,Rural,Postgraduate,Male,Private,0
APP102685,8000,0,Salaried,38,Single,0.0,616.0,3,28.7,600.0,145000.0,116000,60,Home,Rural,Undergraduate,Female,Self,0
APP102686,8000,0,Salaried,40,Single,0.0,702.0,0,13.9,2000.0,17000.0,116000,120,Personal,Urban,Graduate,Female,Private,1
APP102687,8000,0,Salaried,32,Married,0.0,733.0,3,10.6,8500.0,199000.0,163000,180,Home,Urban,Undergraduate,Male,Govt,1
APP102688,8000,0,Salaried,36,Single,0.0,542.0,1,9.6,4000.0,146000.0,157000,240,Home,Urban,Postgraduate,Male,Govt,0
APP102689,8000,0,Salaried,26,Married,0.0,796.0,2,31.5,9200.0,178000.0,180000,60,Home,Rural,Undergraduate,Female,Private,1
APP102690,8000,0,Salaried,33,Married,0.0,662.0,0,5.0,11400.0,38000.0,81000,360,Personal,Semi-Urban,Graduate,Male,Self,1
APP102691,8000,0,Self-Employed,22,Single,2.0,847.0,0,7.6,4300.0,7000.0,215000,360,Business,Rural,Graduate,Female,Self,1
APP102692,8000,0,Salaried,39,Married,1.0,686.0,0,12.3,3200.0,52000.0,213000,240,Personal,Rural,Undergraduate,Male,Self,1
APP102693,8000,0,Salaried,36,Single,2.0,790.0,1,5.0,20100.0,85000.0,90000,360,Home,Rural,Graduate,Male,Self,1
APP102694,8000,0,Business,28,Single,2.0,685.0,0,5.0,10900.0,136000.0,139000,360,Home,Semi-Urban,Graduate,Female,Private,1
APP102695,11500,0,Salaried,55,Single,1.0,688.0,2,33.6,600.0,217000.0,204000,60,Home,Urban,Postgraduate,Female,Self,1
APP102696,8000,0,Self-Employed,35,Married,1.0,690.0,0,14.0,1700.0,5000.0,225000,240,Business,Urban,Graduate,Male,Govt,0
APP102697,8000,0,Salaried,40,Single,,660.0,0,8.3,1300.0,28000.0,222000,360,Personal,Semi-Urban,Undergraduate,Female,Self,1
APP102698,8000,0,Self-Employed,31,Single,1.0,656.0,0,25.2,6900.0,66000.0,61000,36,Home,Urban,Postgraduate,Male,Private,0
APP102699,8000,0,Self-Employed,33,Married,1.0,692.0,1,9.1,9900.0,27000.0,232000,360,Personal,Urban,Undergraduate,Male,Self,1
APP102700,8000,0,Salaried,41,Married,2.0,705.0,3,57.2,6800.0,0.0,61000,12,Education,Semi-Urban,Undergraduate,Female,Govt,0
APP102701,8000,0,Business,34,Married,0.0,677.0,3,9.0,4300.0,34000.0,154000,180,Business,Semi-Urban,Graduate,Female,Private,1
APP102702,8000,3000,Salaried,38,Single,1.0,726.0,0,6.3,22500.0,17000.0,148000,240,Business,Rural,Graduate,Male,Private,1
APP102703,8000,3000,Salaried,46,Single,0.0,543.0,0,6.8,11200.0,175000.0,169000,240,Home,Urban,Undergraduate,Male,Self,1
APP102704,8000,3000,Self-Employed,32,Married,2.0,753.0,1,9.8,3300.0,0.0,231000,240,Personal,Urban,Graduate,Male,Self,0
APP102705,8000,3000,Business,24,Single,2.0,605.0,1,12.1,3500.0,0.0,220000,180,Education,Semi-Urban,Undergraduate,Male,Private,0
APP102706,8200,3100,Salaried,22,Married,1.0,531.0,0,5.0,3800.0,95000.0,113000,240,Home,Rural,Postgraduate,Male,Private,1
APP102707,8000,3000,Salaried,52,Single,1.0,830.0,2,14.3,5700.0,171000.0,322000,240,Personal,Rural,Graduate,Female,Private,1
APP102708,8000,0,Salaried,47,Married,2.0,,0,5.0,8400.0,30000.0,54000,180,Personal,Urban,Undergraduate,Male,Govt,1
APP102709,8000,0,Salaried,44,Married,1.0,671.0,1,6.4,12300.0,124000.0,114000,180,Home,Urban,Graduate,Female,Private,1
APP102710,8000,0,Self-Employed,33,Married,3.0,776.0,0,7.6,3600.0,77000.0,202000,360,Personal,Rural,Graduate,Male,Private,1
APP102711,10100,3000,Salaried,24,Married,1.0,642.0,1,22.4,2100.0,0.0,346000,120,Personal,Urban,Postgraduate,Male,Private,0
APP102712,8000,3000,Salaried,35,Single,2.0,637.0,0,11.9,12000.0,295000.0,276000,180,Home,Urban,Undergraduate,Male,Self,1
APP102713,8000,0,Salaried,37,Married,1.0,594.0,4,90.0,18600.0,98000.0,120000,12,Home,Urban,Postgraduate,Male,Self,0
APP102714,8000,3000,Salaried,26,Married,1.0,614.0,1,9.3,44800.0,24000.0,244000,240,Personal,Semi-Urban,Graduate,Male,Govt,0
APP102715,8000,3000,Salaried,23,Married,0.0,624.0,4,40.1,12100.0,280000.0,268000,60,Home,Semi-Urban,Graduate,Female,Govt,0
APP102716,8000,3000,Self-Employed,21,Married,0.0,615.0,0,10.8,3900.0,26000.0,219000,180,Business,Urban,Graduate,Male,Private,0
APP102717,8000,0,Business,44,Single,2.0,,2,39.0,14900.0,171000.0,178000,60,Home,Semi-Urban,Graduate,Female,Private,0
APP102718,8000,3000,Business,25,Single,1.0,655.0,1,90.0,7000.0,172000.0,212000,12,Home,Urban,Graduate,Male,Govt,0
APP102719,8000,3000,Salaried,41,Married,1.0,576.0,2,5.0,2100.0,96000.0,81000,180,Home,Semi-Urban,Postgraduate,Female,Private,1
APP102720,8000,0,Business,34,Married,1.0,698.0,1,11.5,7700.0,4000.0,100000,120,Personal,Semi-Urban,Undergraduate,Male,Private,1
APP102721,8000,0,Self-Employed,43,Married,0.0,650.0,1,21.6,10700.0,72000.0,183000,120,Personal,Semi-Urban,Graduate,Female,Private,0
APP102722,8000,3000,Self-Employed,41,Single,1.0,729.0,1,20.3,34000.0,0.0,130000,60,Education,Urban,Graduate,Male,Private,0
APP102723,8000,3000,Salaried,35,Single,0.0,649.0,4,5.0,8700.0,199000.0,186000,360,Home,Semi-Urban,Undergraduate,Female,Private,1
APP102724,14700,0,Salaried,39,Single,3.0,566.0,0,90.0,3600.0,0.0,277000,12,Business,Semi-Urban,Postgraduate,Female,Private,0
APP102725,8000,3000,Salaried,36,Single,1.0,566.0,0,5.0,1200.0,275000.0,243000,360,Home,Semi-Urban,Undergraduate,Male,Self,0
APP102726,8000,0,Salaried,31,Single,2.0,560.0,1,5.3,2400.0,97000.0,98000,240,Home,Semi-Urban,Graduate,Male,Private,0
APP102727,8000,3000,Salaried,47,Single,1.0,602.0,0,40.2,3100.0,185000.0,223000,60,Home,Semi-Urban,Graduate,Male,Govt,0
APP102728,8000,3000,Salaried,33,Married,0.0,608.0,1,12.7,42900.0,245000.0,223000,180,Home,Urban,Postgraduate,Female,Private,1
APP102729,8000,3000,Salaried,37,Married,2.0,762.0,0,7.3,6700.0,138000.0,289000,360,Education,Urban,Postgraduate,Male,Govt,1
APP102730,8000,3000,Self-Employed,23,Married,0.0,696.0,0,8.7,7400.0,225000.0,212000,240,Home,Urban,Graduate,Male,Private,1
APP102731,8000,0,Salaried,40,Married,1.0,496.0,2,40.0,24400.0,97000.0,105000,36,Home,Semi-Urban,Postgraduate,Male,Govt,0
APP102732,8000,0,Salaried,31,Single,0.0,601.0,0,10.7,14800.0,45000.0,148000,180,Business,Semi-Urban,Graduate,Male,Private,1
APP102733,8000,0,Business,33,Married,1.0,676.0,0,5.5,6200.0,74000.0,69000,180,Home,Rural,Graduate,Female,Private,1
APP102734,8000,0,Business,29,Married,0.0,589.0,0,5.3,25500.0,0.0,165000,360,Personal,Semi-Urban,Postgraduate,Male,Private,0
APP102735,8000,0,Self-Employed,36,Married,2.0,687.0,0,8.3,4100.0,45000.0,224000,360,Personal,Rural,Graduate,Male,Govt,1
APP102736,8000,3000,Business,21,Married,3.0,580.0,3,43.0,10800.0,176000.0,206000,36,Home,Urban,Postgraduate,Female,Private,0
APP102737,8000,0,Salaried,44,Married,2.0,659.0,1,9.3,2300.0,28000.0,104000,120,Personal,Urban,Graduate,Male,Govt,1
APP102738,8000,0,Business,37,Single,0.0,612.0,2,30.8,10500.0,0.0,126000,60,Education,Rural,Graduate,Female,Govt,0
APP102739,8000,3000,Salaried,33,Single,1.0,682.0,1,7.8,22400.0,365000.0,304000,360,Home,Urban,Graduate,Male,Self,1
APP102740,8000,3000,Salaried,22,Single,2.0,777.0,4,15.6,,112000.0,281000,180,Business,Semi-Urban,Graduate,Male,Private,1
APP102741,8000,3000,Salaried,42,Married,0.0,752.0,1,8.1,20000.0,0.0,278000,360,Personal,Urban,Graduate,Male,Govt,1
APP102742,8000,0,Salaried,31,Married,0.0,582.0,0,19.1,145500.0,74000.0,156000,120,Business,Rural,Postgraduate,Female,Private,0
APP102743,8000,0,Salaried,51,Married,0.0,900.0,0,5.4,6200.0,70000.0,124000,240,Business,Semi-Urban,Undergraduate,Male,Private,1
APP102744,8000,0,Self-Employed,42,Single,1.0,778.0,1,16.4,3300.0,95000.0,73000,60,Home,Urban,Graduate,Male,Private,1
APP102745,8000,3000,Self-Employed,53,Married,2.0,618.0,0,8.6,12800.0,365000.0,324000,360,Home,Semi-Urban,Graduate,Male,Private,1
APP102746,8000,0,Self-Employed,39,Married,1.0,602.0,0,5.9,3400.0,75000.0,82000,180,Home,Urban,Undergraduate,Male,Self,0
APP102747,8000,3200,Salaried,48,Single,1.0,710.0,0,5.0,2600.0,0.0,135000,360,Business,Rural,Graduate,Female,Private,0
APP102748,8000,3000,Business,42,Married,2.0,735.0,1,45.0,6300.0,0.0,268000,60,Business,Urban,Graduate,Male,Private,0
APP102749,8000,3000,Self-Employed,33,Married,1.0,831.0,1,5.6,58700.0,62000.0,159000,240,Personal,Semi-Urban,Graduate,Female,Private,1
APP102750,8000,3000,Salaried,39,Married,1.0,701.0,3,14.8,16100.0,209000.0,220000,120,Home,Urban,Postgraduate,Male,Self,1
APP102751,8000,3000,Self-Employed,29,Married,0.0,620.0,0,90.0,11900.0,278000.0,267000,12,Home,Rural,Graduate,Female,Self,0
APP102752,8000,0,Salaried,58,Married,0.0,634.0,0,14.3,1500.0,0.0,155000,120,Business,Rural,Postgraduate,Male,Self,0
APP102753,8000,0,Salaried,36,Married,0.0,728.0,1,9.9,4300.0,0.0,142000,180,Business,Rural,Graduate,Male,Self,0
APP102754,8000,0,Business,38,Single,2.0,559.0,0,11.2,33900.0,74000.0,58000,60,Home,Rural,Graduate,Male,Self,0
APP102755,8000,0,Salaried,41,Single,2.0,806.0,1,33.4,6200.0,172000.0,142000,60,Home,Urban,Graduate,Female,Private,1
APP102756,8000,3000,Salaried,27,Married,0.0,622.0,1,11.1,72800.0,224000.0,186000,180,Home,Rural,Postgraduate,Male,Self,1
APP102757,8000,3000,Business,51,Single,0.0,758.0,1,25.5,12700.0,354000.0,298000,120,Home,Semi-Urban,Postgraduate,Female,Self,1
APP102758,8000,0,Self-Employed,27,Married,2.0,779.0,1,13.4,7000.0,65000.0,134000,120,Business,Rural,Graduate,Female,Govt,1
APP102759,8000,0,Salaried,25,Married,1.0,900.0,0,10.2,5900.0,0.0,169000,180,Education,Semi-Urban,Graduate,Male,Private,1
APP102760,8000,0,Salaried,36,Married,0.0,,0,73.8,7600.0,0.0,197000,36,Personal,Urban,Postgraduate,Male,Private,0
APP102761,8000,0,Salaried,25,Single,0.0,,0,33.4,1900.0,51000.0,138000,60,Education,Semi-Urban,Undergraduate,Male,Self,0
APP102762,8000,3000,Self-Employed,53,Married,0.0,642.0,1,5.0,21400.0,165000.0,135000,360,Home,Urban,Graduate,Male,Self,1
APP102763,8000,3000,Salaried,35,Single,1.0,695.0,0,37.3,12600.0,305000.0,302000,60,Home,Semi-Urban,Postgraduate,Female,Self,1
APP102764,8000,0,Salaried,21,Single,0.0,621.0,0,9.7,6300.0,58000.0,220000,240,Personal,Semi-Urban,Graduate,Female,Self,0
APP102765,8000,0,Business,39,Married,1.0,789.0,0,21.9,7200.0,0.0,221000,120,Personal,Urban,Graduate,Male,Private,0
APP102766,8000,3000,Salaried,43,Single,3.0,770.0,0,5.0,18200.0,68000.0,138000,360,Education,Rural,Graduate,Male,Govt,1
APP102767,8000,3000,Salaried,33,Single,0.0,656.0,0,34.5,61700.0,184000.0,149000,36,Home,Rural,Undergraduate,Male,Govt,1
APP102768,8000,0,Salaried,24,Married,0.0,616.0,0,7.7,37500.0,269000.0,224000,360,Home,Rural,Graduate,Male,Private,1
APP102769,8000,0,Self-Employed,36,Married,0.0,632.0,1,5.9,9800.0,78000.0,72000,180,Home,Rural,Undergraduate,Female,Private,1
APP102770,8000,0,Salaried,33,Single,1.0,637.0,0,90.0,3600.0,88000.0,174000,12,Personal,Semi-Urban,Postgraduate,Male,Private,0
APP102771,8000,3500,Salaried,28,Single,1.0,708.0,2,24.4,1700.0,30000.0,150000,60,Personal,Semi-Urban,Undergraduate,Female,Private,0
APP102772,8000,0,Business,27,Married,0.0,689.0,1,19.0,9200.0,69000.0,186000,120,Education,Urban,Graduate,Male,Self,1
APP102773,8000,3000,Salaried,39,Married,0.0,745.0,1,23.0,3700.0,10000.0,286000,120,Business,Rural,Graduate,Male,Private,0
APP102774,8000,3000,Salaried,47,Married,2.0,813.0,0,15.7,9500.0,97000.0,174000,120,Personal,Rural,Undergraduate,Male,Self,1
APP102775,8000,3000,Salaried,42,Married,2.0,706.0,0,5.0,10800.0,57000.0,106000,360,Education,Semi-Urban,Postgraduate,Male,Self,1
APP102776,8000,0,Salaried,21,Married,0.0,725.0,1,16.5,16600.0,240000.0,189000,120,Home,Rural,Undergraduate,Male,Private,1
APP102777,8000,3000,Salaried,44,Single,0.0,900.0,0,6.9,2500.0,47000.0,81000,120,Business,Semi-Urban,Graduate,Female,Private,1
APP102778,8000,3000,Salaried,45,Single,1.0,731.0,0,5.0,3300.0,0.0,70000,240,Personal,Semi-Urban,Graduate,Female,Self,0
APP102779,8000,0,Salaried,51,Married,0.0,619.0,2,13.1,5900.0,263000.0,216000,240,Home,Rural,Postgraduate,Male,Private,0
APP102780,8000,3000,Salaried,28,Single,0.0,657.0,2,59.3,10500.0,98000.0,282000,36,Personal,Semi-Urban,Graduate,Male,Private,0
APP102781,8000,3000,Business,37,Single,2.0,522.0,1,7.4,9900.0,24000.0,220000,240,Education,Semi-Urban,Postgraduate,Male,Govt,0
APP102782,8000,0,Business,43,Married,0.0,713.0,2,14.5,106700.0,0.0,176000,180,Business,Urban,Graduate,Female,Private,0
APP102783,8000,0,Self-Employed,32,Married,2.0,622.0,1,90.0,800.0,20000.0,231000,36,Business,Semi-Urban,Graduate,Male,Govt,0
APP102784,8000,0,Business,43,Married,1.0,599.0,0,11.1,24600.0,0.0,60000,60,Personal,Semi-Urban,Graduate,Female,Private,0
APP102785,8000,0,Salaried,37,Single,0.0,594.0,1,90.0,23400.0,40000.0,90000,12,Personal,Semi-Urban,Graduate,Male,Private,0
APP102786,8000,3000,Business,29,Married,1.0,774.0,1,16.4,3200.0,210000.0,259000,120,Home,Semi-Urban,Graduate,Male,Private,1
APP102787,8000,0,Salaried,30,Single,1.0,648.0,1,17.8,5100.0,24000.0,99000,60,Personal,Urban,Postgraduate,Female,Self,0
APP102788,8000,3000,Business,50,Married,0.0,732.0,2,8.0,47200.0,2000.0,121000,120,Personal,Semi-Urban,Graduate,Male,Private,1
APP102789,8000,0,Business,28,Married,0.0,714.0,0,7.5,4300.0,25000.0,133000,180,Education,Rural,Graduate,Male,Self,1
APP102790,8000,3000,Self-Employed,26,Married,1.0,698.0,0,9.7,4400.0,70000.0,257000,240,Personal,Urban,Undergraduate,Male,Self,1
APP102791,8000,0,Business,41,Married,1.0,637.0,1,5.0,9100.0,0.0,88000,240,Business,Urban,Graduate,Male,Private,0
APP102792,8000,0,Self-Employed,37,Single,1.0,716.0,1,7.0,13500.0,141000.0,130000,240,Home,Urban,Graduate,Male,Private,1
APP102793,8000,0,Salaried,24,Single,0.0,625.0,2,5.5,22000.0,131000.0,148000,360,Home,Rural,Postgraduate,Female,Private,1
APP102794,8000,0,Salaried,32,Married,3.0,694.0,0,5.0,22900.0,6000.0,81000,360,Personal,Semi-Urban,Undergraduate,Female,Self,1
APP102795,8000,0,Self-Employed,29,Single,1.0,771.0,1,5.0,17700.0,0.0,140000,360,Business,Rural,Graduate,Male,Self,1
APP102796,8000,3000,Salaried,31,Single,1.0,798.0,0,37.2,1200.0,99000.0,295000,60,Business,Semi-Urban,Graduate,Female,Private,1
APP102797,8000,3000,Self-Employed,63,Married,1.0,624.0,2,43.5,7800.0,135000.0,263000,60,Personal,Semi-Urban,Postgraduate,Male,Govt,0
APP102798,8000,0,Business,34,Single,0.0,705.0,1,9.3,15800.0,41000.0,145000,180,Business,Rural,Graduate,Male,Self,1
APP102799,8000,0,Salaried,29,Married,3.0,724.0,1,6.7,16100.0,0.0,72000,120,Personal,Urban,Undergraduate,Male,Private,1
APP102800,8000,0,Self-Employed,58,Married,0.0,,1,19.4,4000.0,61000.0,52000,36,Home,Urban,Undergraduate,Male,Govt,1
APP102801,8000,0,Business,46,Married,2.0,740.0,1,12.4,2900.0,22000.0,61000,60,Personal,Semi-Urban,Undergraduate,Male,Self,1
APP102802,8000,3000,Business,45,Single,1.0,749.0,0,5.9,2700.0,238000.0,264000,360,Home,Urban,Graduate,Female,Private,1
APP102803,8000,3000,Business,29,Married,2.0,829.0,2,21.1,12900.0,277000.0,252000,120,Home,Urban,Graduate,Male,Private,1
APP102804,8000,3000,Salaried,49,Single,2.0,874.0,0,22.4,22200.0,0.0,263000,120,Education,Urban,Undergraduate,Male,Self,1
APP102805,8000,3000,Business,46,Single,1.0,657.0,1,90.0,9300.0,183000.0,147000,12,Home,Urban,Graduate,Male,Private,0
APP102806,8000,0,Self-Employed,39,Married,3.0,821.0,1,5.0,2800.0,71000.0,65000,240,Home,Urban,Graduate,Female,Private,1
APP102807,8000,3000,Salaried,21,Married,3.0,703.0,2,15.7,9700.0,227000.0,255000,120,Home,Rural,Postgraduate,Female,Private,1
APP102808,8000,0,Salaried,37,Married,0.0,664.0,0,78.7,3100.0,,225000,36,Home,Urban,Graduate,Male,Private,0
APP102809,8000,3000,Self-Employed,55,Married,0.0,734.0,0,5.0,3900.0,215000.0,185000,360,Home,Urban,Graduate,Male,Self,1
APP102810,8000,3000,Salaried,40,Married,1.0,651.0,1,12.0,5600.0,78000.0,268000,240,Education,Urban,Undergraduate,Male,Private,0
APP102811,8000,3000,Self-Employed,34,Married,3.0,676.0,0,8.5,3600.0,0.0,258000,240,Personal,Semi-Urban,Graduate,Male,Govt,0
APP102812,8000,0,Self-Employed,35,Married,,581.0,0,8.6,2600.0,10000.0,212000,360,Business,Semi-Urban,Graduate,Male,Govt,0
APP102813,8000,3000,Salaried,36,Married,0.0,679.0,1,6.5,38200.0,19000.0,73000,120,Business,Rural,Graduate,Male,Private,1
APP102814,8000,0,Self-Employed,30,Married,1.0,763.0,0,13.4,1200.0,129000.0,231000,240,Education,Rural,Postgraduate,Male,Private,1
APP102815,8000,3000,Self-Employed,37,Married,0.0,728.0,2,37.2,4500.0,32000.0,294000,60,Personal,Urban,Graduate,Male,Private,0
APP102816,8000,3000,Salaried,52,Single,1.0,704.0,1,11.5,6500.0,319000.0,297000,240,Home,Urban,Graduate,Male,Private,1
APP102817,8000,0,Salaried,51,Single,0.0,836.0,0,90.0,27700.0,246000.0,239000,12,Home,Urban,Postgraduate,Female,Govt,0
APP102818,8000,3000,Salaried,30,Married,1.0,872.0,0,66.9,10900.0,38000.0,235000,36,Personal,Rural,Undergraduate,Female,Private,1
APP102819,8000,0,Salaried,50,Married,3.0,724.0,0,6.1,6100.0,0.0,64000,120,Personal,Semi-Urban,Graduate,Male,Self,0
APP102820,8000,0,Business,45,Married,1.0,815.0,1,90.0,3900.0,0.0,206000,12,Business,Urban,Undergraduate,Male,Govt,0
APP102821,8000,0,Salaried,44,Married,0.0,703.0,1,5.3,25500.0,2000.0,74000,180,Personal,Urban,Graduate,Male,Private,1
APP102822,8000,0,Self-Employed,42,Married,1.0,687.0,0,10.7,3600.0,172000.0,190000,180,Home,Semi-Urban,Postgraduate,Male,Private,1
APP102823,8000,0,Salaried,28,Single,0.0,766.0,0,7.0,10000.0,12000.0,129000,240,Business,Urban,Graduate,Female,Private,1
APP102824,8000,0,Salaried,33,Single,2.0,657.0,2,16.3,6800.0,17000.0,50000,36,Personal,Rural,Graduate,Male,Govt,0
APP102825,8000,0,Business,46,Married,1.0,459.0,1,27.8,13100.0,34000.0,132000,60,Business,Semi-Urban,Postgraduate,Female,Self,0
APP102826,8000,3000,Self-Employed,25,Single,2.0,648.0,1,8.9,39000.0,16000.0,276000,240,Personal,Semi-Urban,Graduate,Female,Private,1
APP102827,8000,3000,Salaried,27,Married,3.0,544.0,0,5.0,16400.0,85000.0,89000,240,Home,Semi-Urban,Graduate,Male,Self,1
APP102828,8000,3000,Salaried,41,Married,0.0,637.0,1,52.4,7100.0,74000.0,67000,12,Home,Urban,Graduate,Male,Private,0
APP102829,8000,3300,Salaried,30,Married,3.0,630.0,0,9.7,43300.0,170000.0,191000,180,Home,Semi-Urban,Postgraduate,Male,Private,1
APP102830,8000,3000,Salaried,46,Married,0.0,631.0,0,5.0,39300.0,74000.0,66000,240,Home,Semi-Urban,Graduate,Male,Self,1
APP102831,8000,0,Self-Employed,30,Married,1.0,561.0,3,76.1,25300.0,262000.0,227000,36,Home,Urban,Graduate,Male,Private,0
APP102832,8500,0,Salaried,40,Married,0.0,572.0,0,21.6,10700.0,90000.0,219000,120,Education,Semi-Urban,Graduate,Male,Private,0
APP102833,8000,0,Salaried,41,Married,0.0,621.0,0,14.7,3700.0,0.0,169000,120,Business,Rural,Graduate,Female,Private,0
APP102834,8000,3000,Salaried,33,Married,1.0,646.0,0,5.0,800.0,24000.0,71000,360,Business,Urban,Graduate,Male,Govt,1
APP102835,8000,3000,Business,35,Single,0.0,653.0,0,29.2,10000.0,109000.0,216000,60,Personal,Semi-Urban,Graduate,Male,Private,1
APP102836,8000,0,Business,31,Single,0.0,695.0,1,21.5,17600.0,214000.0,177000,120,Home,Urban,Graduate,Male,Govt,1
APP102837,8000,0,Salaried,37,Married,0.0,743.0,0,5.1,2100.0,132000.0,161000,360,Home,Semi-Urban,Graduate,Female,Govt,1
APP102838,8000,0,Self-Employed,28,Married,1.0,573.0,2,26.7,12300.0,23000.0,230000,120,Personal,Urban,Undergraduate,Male,Private,0
APP102839,8000,3000,Salaried,35,Married,0.0,585.0,2,14.9,5200.0,265000.0,285000,180,Home,Semi-Urban,Postgraduate,Female,Govt,0
APP102840,8000,0,Salaried,45,Single,1.0,813.0,2,90.0,13500.0,46000.0,118000,12,Business,Urban,Undergraduate,Male,Self,0
APP102841,8000,0,Self-Employed,26,Married,1.0,748.0,0,7.3,4400.0,69000.0,181000,360,Business,Urban,Graduate,Male,Self,1
APP102842,8000,0,Business,33,Married,1.0,610.0,0,5.4,3900.0,55000.0,137000,360,Education,Semi-Urban,Undergraduate,Male,Private,1
APP102843,8000,3000,Business,43,Married,0.0,559.0,1,10.0,7600.0,0.0,311000,240,Personal,Semi-Urban,Graduate,Male,Self,0
APP102844,8000,0,Self-Employed,21,Married,1.0,635.0,0,68.0,2500.0,148000.0,167000,36,Home,Rural,Undergraduate,Female,Self,0
APP102845,8000,3000,Salaried,56,Married,1.0,641.0,2,47.5,21200.0,86000.0,220000,36,Personal,Semi-Urban,Graduate,Male,Private,0
APP102846,8000,3000,Self-Employed,48,Single,1.0,733.0,1,9.3,8300.0,202000.0,198000,180,Home,Semi-Urban,Graduate,Female,Self,1
APP102847,8000,0,Salaried,22,Single,1.0,456.0,2,25.4,2600.0,109000.0,121000,60,Home,Semi-Urban,Graduate,Male,Govt,0
APP102848,8000,0,Self-Employed,21,Married,0.0,577.0,2,5.0,4400.0,0.0,76000,240,Personal,Urban,Graduate,Male,Private,0
APP102849,10500,3000,Salaried,38,Married,1.0,841.0,0,7.4,14600.0,1000.0,170000,180,Personal,Urban,Undergraduate,Male,Private,1
APP102850,8000,0,Self-Employed,26,Married,0.0,681.0,0,5.0,6000.0,7000.0,112000,360,Personal,Urban,Postgraduate,Male,Private,1
APP102851,8000,3000,Salaried,47,Married,0.0,661.0,3,19.1,16500.0,28000.0,107000,60,Education,Urban,Undergraduate,Female,Govt,1
APP102852,9800,0,Salaried,41,Single,0.0,629.0,0,15.6,3000.0,,250000,180,Personal,Urban,Postgraduate,Female,Private,0
APP102853,8000,0,Business,39,Married,2.0,750.0,0,5.0,6100.0,11000.0,50000,240,Personal,Rural,Graduate,Male,Private,1
APP102854,8000,3000,Salaried,32,Married,1.0,493.0,3,14.9,7500.0,144000.0,308000,180,Business,Rural,Graduate,Male,Private,0
APP102855,8000,0,Salaried,54,Married,3.0,617.0,3,5.0,75100.0,6000.0,73000,360,Business,Rural,Undergraduate,Male,Self,0
APP102856,9300,3000,Salaried,45,Single,3.0,492.0,0,20.2,3900.0,42000.0,89000,36,Personal,Rural,Postgraduate,Male,Private,0
APP102857,8000,0,Salaried,44,Single,3.0,678.0,0,10.2,15200.0,27000.0,239000,240,Personal,Semi-Urban,Postgraduate,Male,Private,1
APP102858,8000,3000,Salaried,50,Married,0.0,639.0,0,7.4,13000.0,45000.0,330000,360,Personal,Urban,Graduate,Male,Govt,1
APP102859,8000,0,Salaried,27,Married,1.0,533.0,0,8.4,46500.0,84000.0,85000,120,Home,Semi-Urban,Postgraduate,Male,Private,0
APP102860,8000,0,Business,50,Married,1.0,762.0,1,8.8,31600.0,90000.0,74000,120,Home,Rural,Undergraduate,Male,Private,1
APP102861,8000,0,Salaried,35,Single,1.0,742.0,0,28.4,5100.0,0.0,86000,36,Business,Semi-Urban,Graduate,Male,Govt,0
APP102862,8300,3000,Business,41,Married,0.0,772.0,0,6.8,2800.0,84000.0,206000,240,Business,Semi-Urban,Graduate,Male,Private,1
APP102863,8000,3000,Self-Employed,36,Married,0.0,544.0,0,8.5,2000.0,70000.0,151000,180,Personal,Urban,Graduate,Male,Private,0
APP102864,8000,3000,Salaried,21,Married,2.0,589.0,0,90.0,10300.0,2000.0,155000,12,Education,Semi-Urban,Undergraduate,Male,Govt,0
APP102865,8000,3000,Self-Employed,47,Single,3.0,772.0,2,11.8,22300.0,281000.0,280000,240,Home,Urban,Graduate,Female,Private,1
APP102866,8000,3100,Salaried,21,Married,1.0,744.0,1,6.5,25400.0,374000.0,304000,360,Home,Urban,Graduate,Male,Self,1
APP102867,8000,0,Self-Employed,28,Married,0.0,790.0,2,7.5,6200.0,0.0,234000,360,Education,Rural,Graduate,Male,Private,1
APP102868,8000,3000,Salaried,33,Married,3.0,642.0,2,10.6,8500.0,114000.0,202000,180,Education,Urban,Postgraduate,Male,Self,1
APP102869,8000,0,Salaried,21,Single,0.0,670.0,0,5.8,33700.0,0.0,95000,180,Business,Rural,Graduate,Male,Govt,0
APP102870,8000,0,Business,26,Single,3.0,727.0,1,5.7,3800.0,,155000,360,Home,Urban,Graduate,Female,Private,1
APP102871,8000,3000,Business,40,Single,2.0,526.0,4,20.1,700.0,102000.0,296000,120,Personal,Rural,Undergraduate,Male,Private,0
APP102872,8000,3000,Business,34,Married,1.0,681.0,2,5.0,25700.0,3000.0,74000,240,Education,Semi-Urban,Undergraduate,Female,Private,1
APP102873,8000,0,Salaried,35,Married,1.0,884.0,2,12.6,2500.0,97000.0,223000,240,Business,Semi-Urban,Graduate,Female,Private,1
APP102874,8000,3000,Self-Employed,28,Single,2.0,639.0,1,10.6,6100.0,36000.0,126000,120,Business,Urban,Postgraduate,Male,Private,0
APP102875,8000,0,Salaried,38,Married,1.0,527.0,1,42.0,12800.0,46000.0,108000,36,Education,Semi-Urban,Postgraduate,Male,Private,0
APP102876,8000,3000,Salaried,34,Single,0.0,700.0,2,90.0,5100.0,0.0,162000,12,Business,Rural,Graduate,Female,Govt,0
APP102877,8000,0,Salaried,21,Single,1.0,582.0,2,19.9,23900.0,62000.0,223000,120,Personal,Urban,Graduate,Male,Private,0
APP102878,8000,3500,Self-Employed,35,Married,0.0,662.0,1,6.8,117200.0,118000.0,118000,180,Home,Urban,Graduate,Male,Private,1
APP102879,8000,3000,Salaried,25,Married,2.0,777.0,0,5.0,3600.0,35000.0,125000,360,Personal,Urban,Graduate,Male,Self,1
APP102880,8000,3000,Salaried,46,Single,1.0,730.0,0,16.5,9300.0,259000.0,259000,120,Home,Urban,Graduate,Male,Private,1
APP102881,8000,3000,Business,34,Single,0.0,628.0,1,51.2,8100.0,0.0,313000,60,Personal,Urban,Undergraduate,Male,Private,0
APP102882,8000,0,Salaried,63,Married,2.0,755.0,0,5.0,11100.0,35000.0,68000,180,Business,Semi-Urban,Graduate,Male,Private,1
APP102883,8000,3000,Salaried,47,Married,1.0,529.0,0,30.0,4400.0,29000.0,204000,60,Personal,Urban,Postgraduate,Female,Self,0
APP102884,8000,0,Salaried,36,Married,1.0,697.0,0,83.3,4200.0,192000.0,224000,36,Home,Semi-Urban,Graduate,Male,Self,0
APP102885,8000,0,Business,43,Married,0.0,645.0,0,65.6,4300.0,180000.0,218000,36,Home,Rural,Postgraduate,Female,Self,0
APP102886,8000,3000,Salaried,21,Married,1.0,451.0,2,28.7,5100.0,314000.0,316000,120,Home,Semi-Urban,Graduate,Male,Private,0
APP102887,8000,0,Salaried,47,Married,0.0,571.0,0,90.0,5200.0,271000.0,221000,12,Home,Urban,Postgraduate,Male,Govt,0
APP102888,8000,0,Business,29,Single,0.0,662.0,2,23.3,700.0,130000.0,108000,60,Home,Semi-Urban,Undergraduate,Male,Private,0
APP102889,8000,0,Business,38,Single,0.0,747.0,0,5.0,8900.0,0.0,88000,240,Education,Urban,Undergraduate,Male,Private,0
APP102890,8000,0,Salaried,30,Single,0.0,665.0,2,48.0,6000.0,121000.0,221000,60,Personal,Urban,Graduate,Male,Self,0
APP102891,8000,3000,Self-Employed,31,Married,1.0,637.0,2,68.3,4000.0,11000.0,254000,36,Personal,Urban,Postgraduate,Male,Govt,0
APP102892,8000,3000,Self-Employed,36,Married,1.0,736.0,2,5.0,8900.0,149000.0,166000,360,Home,Rural,Undergraduate,Female,Private,1
APP102893,8000,3000,Self-Employed,38,Single,1.0,688.0,2,9.5,8100.0,326000.0,254000,240,Home,Semi-Urban,Postgraduate,Male,Private,1
APP102894,8000,0,Salaried,37,Married,1.0,769.0,0,33.5,5400.0,127000.0,107000,36,Home,Urban,Graduate,Male,Self,1
APP102895,8000,3000,Business,37,Married,2.0,699.0,4,61.3,8200.0,188000.0,219000,36,Home,Semi-Urban,Postgraduate,Female,Private,0
APP102896,8000,0,Salaried,21,Married,0.0,615.0,0,5.3,4500.0,11000.0,93000,240,Education,Urban,Graduate,Female,Private,1
APP102897,8000,3600,Salaried,61,Single,1.0,716.0,3,12.2,2500.0,192000.0,226000,180,Home,Rural,Undergraduate,Male,Private,1
APP102898,8000,0,Salaried,40,Single,2.0,766.0,0,84.5,57600.0,124000.0,225000,36,Personal,Rural,Postgraduate,Male,Govt,0
APP102899,8000,0,Salaried,42,Married,0.0,806.0,0,33.0,4900.0,82000.0,196000,60,Business,Urban,Graduate,Female,Private,1
APP102900,8000,0,Salaried,34,Single,1.0,616.0,2,5.3,10600.0,0.0,174000,360,Education,Urban,Graduate,Male,Govt,0
APP102901,8000,3000,Self-Employed,29,Married,1.0,631.0,2,6.3,108700.0,5000.0,131000,180,Personal,Semi-Urban,Graduate,Male,Private,1
APP102902,8000,3500,Salaried,39,Married,0.0,759.0,0,5.6,5400.0,70000.0,86000,120,Home,Semi-Urban,Undergraduate,Male,Self,1
APP102903,8000,0,Salaried,40,Single,0.0,739.0,2,38.8,12800.0,79000.0,184000,60,Business,Urban,Graduate,Female,Self,0
APP102904,8000,0,Salaried,51,Single,2.0,634.0,0,64.0,83000.0,146000.0,159000,36,Home,Semi-Urban,Graduate,Male,Private,0
APP102905,8000,3000,Salaried,58,Married,1.0,619.0,0,10.1,1600.0,131000.0,122000,120,Home,Urban,Undergraduate,Female,Self,1
APP102906,8000,0,Business,52,Married,0.0,625.0,2,7.1,30800.0,218000.0,227000,360,Home,Semi-Urban,Graduate,Male,Private,1
APP102907,8000,3000,Salaried,21,Single,2.0,687.0,0,90.0,10100.0,236000.0,212000,12,Home,Urban,Graduate,Female,Self,0
APP102908,8000,0,Salaried,33,Single,2.0,600.0,0,5.0,4900.0,32000.0,158000,360,Personal,Semi-Urban,Postgraduate,Male,Self,1
APP102909,8000,0,Salaried,41,Single,0.0,693.0,3,17.6,8500.0,15000.0,105000,60,Business,Semi-Urban,Graduate,Male,Govt,0
APP102910,8000,0,Salaried,33,Married,1.0,516.0,1,21.9,5600.0,70000.0,217000,120,Personal,Semi-Urban,Graduate,Female,Private,0
APP102911,8000,3000,Salaried,37,Single,1.0,605.0,0,90.0,39200.0,61000.0,301000,12,Education,Semi-Urban,Graduate,Male,Private,0
APP102912,8000,3000,Self-Employed,21,Single,0.0,688.0,1,14.7,8000.0,0.0,255000,180,Personal,Semi-Urban,Postgraduate,Male,Self,0
APP102913,8000,0,Business,47,Married,1.0,589.0,1,5.0,16300.0,1000.0,67000,180,Personal,Urban,Undergraduate,Male,Private,1
APP102914,8000,0,Salaried,21,Single,0.0,626.0,2,5.0,4800.0,0.0,64000,240,Business,Urban,Graduate,Male,Private,0
APP102915,8000,0,Self-Employed,22,Married,0.0,660.0,1,8.7,10900.0,17000.0,138000,180,Personal,Urban,Graduate,Male,Private,1
APP102916,8000,0,Self-Employed,27,Married,0.0,862.0,1,7.6,5500.0,26000.0,75000,120,Personal,Urban,Graduate,Female,Self,1
APP102917,8000,3000,Business,37,Single,3.0,562.0,0,6.2,2000.0,24000.0,154000,240,Personal,Semi-Urban,Undergraduate,Male,Self,0
APP102918,8000,3000,Salaried,21,Married,2.0,701.0,0,85.5,30000.0,0.0,111000,12,Personal,Urban,Graduate,Male,Private,0
APP102919,8000,0,Salaried,27,Married,1.0,579.0,1,8.5,11500.0,130000.0,108000,180,Home,Urban,Undergraduate,Male,Private,0
APP102920,8000,0,Salaried,49,Single,1.0,576.0,1,64.2,17500.0,294000.0,229000,36,Home,Rural,Graduate,Male,Self,0
APP102921,8000,0,Self-Employed,36,Married,0.0,601.0,0,24.1,3900.0,,193000,120,Personal,Semi-Urban,Undergraduate,Female,Self,0
APP102922,8000,3000,Business,42,Married,1.0,633.0,4,5.0,26500.0,,103000,240,Business,Semi-Urban,Postgraduate,Male,Govt,0
APP102923,8000,3000,Salaried,25,Single,0.0,809.0,0,52.8,12900.0,33000.0,243000,36,Education,Urban,Postgraduate,Male,Private,1
APP102924,8000,0,Salaried,37,Married,1.0,785.0,0,5.0,9400.0,26000.0,54000,360,Business,Urban,Graduate,Female,Private,1
APP102925,8000,0,Business,36,Married,2.0,,0,8.6,22700.0,202000.0,237000,360,Home,Semi-Urban,Undergraduate,Male,Private,1
APP102926,8000,3000,Business,30,Married,0.0,640.0,2,17.0,5800.0,47000.0,206000,120,Education,Rural,Graduate,Female,Govt,0
APP102927,8000,0,Business,37,Married,1.0,733.0,0,90.0,29600.0,0.0,145000,12,Education,Urban,Graduate,Female,Private,0
APP102928,8000,0,Self-Employed,21,Single,1.0,653.0,4,5.0,4200.0,9000.0,94000,240,Business,Semi-Urban,Graduate,Female,Private,0
APP102929,8000,3100,Salaried,42,Single,0.0,590.0,4,5.0,8400.0,208000.0,189000,360,Home,Rural,Undergraduate,Male,Private,0
APP102930,8000,0,Self-Employed,34,Married,1.0,739.0,0,32.7,3200.0,0.0,149000,60,Education,Semi-Urban,Undergraduate,Female,Private,0
APP102931,8000,3000,Self-Employed,35,Single,1.0,825.0,0,5.2,2600.0,284000.0,240000,360,Home,Semi-Urban,Postgraduate,Female,Govt,1
APP102932,8000,0,Salaried,46,Married,2.0,775.0,0,5.0,5100.0,10000.0,57000,360,Personal,Semi-Urban,Postgraduate,Male,Self,1
APP102933,8000,0,Salaried,42,Married,0.0,802.0,0,8.7,6900.0,26000.0,114000,180,Business,Rural,Graduate,Male,Self,1
APP102934,8000,0,Self-Employed,34,Single,1.0,659.0,1,5.3,14100.0,115000.0,122000,240,Home,Semi-Urban,Undergraduate,Male,Private,1
APP102935,8000,0,Salaried,26,Single,3.0,566.0,2,7.9,4300.0,42000.0,77000,120,Business,Rural,Undergraduate,Male,Self,0
APP102936,8000,3000,Self-Employed,51,Married,1.0,499.0,0,6.2,14600.0,0.0,129000,180,Business,Semi-Urban,Postgraduate,Male,Govt,0
APP102937,8000,3000,Self-Employed,24,Married,1.0,461.0,4,9.6,5900.0,130000.0,128000,120,Home,Rural,Graduate,Male,Self,0
APP102938,8000,3000,Business,44,Married,0.0,637.0,3,41.8,4900.0,115000.0,280000,60,Personal,Rural,Undergraduate,Male,Govt,0
APP102939,8000,0,Salaried,22,Married,0.0,717.0,1,9.5,15200.0,217000.0,180000,240,Home,Semi-Urban,Undergraduate,Male,Private,1
APP102940,8000,3000,Salaried,47,Married,3.0,747.0,1,90.0,4700.0,363000.0,310000,12,Home,Semi-Urban,Postgraduate,Male,Private,0
APP102941,8000,3000,Self-Employed,48,Single,0.0,,1,7.4,50300.0,0.0,148000,180,Personal,Semi-Urban,Graduate,Male,Private,0
APP102942,8000,3000,Salaried,21,Married,3.0,615.0,0,6.3,12500.0,98000.0,299000,360,Personal,Rural,Postgraduate,Female,Private,1
APP102943,8000,0,Self-Employed,42,Single,0.0,730.0,1,38.8,2100.0,44000.0,214000,60,Education,Rural,Postgraduate,Male,Private,0
APP102944,8000,0,Self-Employed,41,Married,0.0,564.0,1,11.7,7200.0,137000.0,134000,120,Home,Urban,Graduate,Male,Private,0
APP102945,8000,3000,Salaried,45,Married,0.0,580.0,0,10.2,,36000.0,232000,180,Business,Semi-Urban,Graduate,Male,Self,0
APP102946,8000,3000,Salaried,41,Married,1.0,727.0,1,27.2,1600.0,0.0,224000,60,Personal,Rural,Graduate,Male,Private,0
APP102947,8000,0,Salaried,28,Married,2.0,569.0,0,5.0,23300.0,93000.0,107000,360,Home,Semi-Urban,Postgraduate,Female,Private,1
APP102948,8000,0,Salaried,35,Single,3.0,603.0,1,11.4,23900.0,0.0,98000,120,Education,Semi-Urban,Graduate,Female,Private,0
APP102949,8000,0,Business,54,Married,0.0,584.0,1,5.0,3900.0,81000.0,80000,180,Home,Urban,Graduate,Male,Self,0
APP102950,8000,3000,Business,26,Married,0.0,695.0,0,43.8,16500.0,236000.0,287000,60,Home,Semi-Urban,Undergraduate,Female,Private,1
APP102951,8000,0,Self-Employed,41,Single,1.0,732.0,0,90.0,19500.0,36000.0,150000,12,Personal,Rural,Postgraduate,Male,Private,0
APP102952,8000,3000,Self-Employed,49,Single,2.0,719.0,2,21.9,8000.0,22000.0,155000,60,Personal,Rural,Graduate,Male,Private,1
APP102953,8000,3600,Salaried,28,Married,0.0,619.0,1,90.0,21000.0,234000.0,212000,12,Home,Urban,Graduate,Male,Private,0
APP102954,8000,0,Business,23,Married,0.0,656.0,1,5.0,10900.0,3000.0,63000,180,Personal,Semi-Urban,Undergraduate,Female,Private,0
APP102955,8000,0,Self-Employed,25,Single,0.0,738.0,1,5.0,25500.0,80000.0,68000,180,Home,Rural,Undergraduate,Male,Private,1
APP102956,8000,3000,Self-Employed,41,Single,1.0,632.0,0,90.0,2500.0,0.0,266000,12,Personal,Rural,Graduate,Female,Private,0
APP102957,8000,0,Business,25,Single,1.0,597.0,0,69.6,9400.0,195000.0,221000,36,Home,Semi-Urban,Undergraduate,Female,Private,0
APP102958,8000,3000,Salaried,36,Married,2.0,622.0,0,8.2,9900.0,34000.0,151000,180,Education,Urban,Graduate,Male,Govt,1
APP102959,8000,0,Business,51,Single,0.0,601.0,3,5.4,2500.0,106000.0,127000,240,Home,Semi-Urban,Undergraduate,Male,Private,0
APP102960,8000,3000,Salaried,37,Married,2.0,674.0,1,5.7,2800.0,17000.0,165000,240,Personal,Rural,Graduate,Female,Private,1
APP102961,8000,3000,Salaried,30,Married,0.0,661.0,2,51.6,1700.0,15000.0,192000,36,Education,Semi-Urban,Graduate,Male,Self,0
APP102962,8000,0,Salaried,39,Single,0.0,664.0,0,5.0,8500.0,131000.0,127000,360,Home,Rural,Graduate,Male,Private,1
APP102963,8000,3000,Business,37,Married,1.0,,1,5.0,5200.0,207000.0,168000,360,Home,Semi-Urban,Graduate,Male,Self,1
APP102964,8200,0,Business,42,Married,2.0,596.0,0,17.3,2200.0,83000.0,179000,120,Education,Rural,Postgraduate,Male,Govt,0
APP102965,8000,0,Self-Employed,54,Married,0.0,730.0,1,5.0,27400.0,107000.0,100000,240,Home,Rural,Undergraduate,Male,Govt,1
APP102966,8000,0,Self-Employed,41,Married,3.0,710.0,0,17.2,12100.0,0.0,229000,180,Personal,Semi-Urban,Undergraduate,Male,Self,0
APP102967,8000,0,Self-Employed,58,Single,2.0,632.0,1,5.0,3900.0,1000.0,107000,360,Education,Rural,Graduate,Male,Private,1
APP102968,8000,3000,Business,42,Single,0.0,674.0,0,5.1,9900.0,72000.0,123000,180,Personal,Rural,Graduate,Male,Govt,1
APP102969,8000,0,Salaried,30,Married,2.0,781.0,1,8.0,6400.0,0.0,235000,360,Business,Rural,Graduate,Female,Private,1
APP102970,8000,3000,Salaried,60,Married,1.0,673.0,0,22.5,1700.0,0.0,126000,60,Personal,Semi-Urban,Graduate,Female,Private,0
APP102971,8000,0,Salaried,36,Single,2.0,679.0,0,14.6,10700.0,70000.0,151000,120,Personal,Semi-Urban,Postgraduate,Male,Self,1
APP102972,8000,0,Self-Employed,27,Single,3.0,817.0,0,5.1,41800.0,0.0,111000,240,Personal,Urban,Graduate,Male,Govt,1
APP102973,8000,0,Self-Employed,61,Married,2.0,768.0,1,5.0,33300.0,31000.0,63000,240,Business,Urban,Postgraduate,Female,Private,1
APP102974,8000,3000,Salaried,30,Single,0.0,622.0,0,11.8,9000.0,404000.0,318000,240,Home,Semi-Urban,Postgraduate,Male,Private,1
APP102975,8000,3000,Salaried,30,Single,2.0,776.0,0,5.0,5200.0,79000.0,165000,360,Business,Semi-Urban,Graduate,Male,Self,1
APP102976,8000,3000,Business,32,Married,1.0,656.0,1,8.0,14200.0,45000.0,236000,240,Business,Urban,Postgraduate,Female,Self,1
APP102977,8000,0,Salaried,39,Married,1.0,585.0,0,12.0,10600.0,96000.0,214000,240,Education,Rural,Graduate,Female,Private,0
APP102978,8000,0,Self-Employed,47,Married,0.0,789.0,1,9.9,7100.0,190000.0,154000,180,Home,Semi-Urban,Graduate,Female,Private,1
APP102979,8000,0,Business,21,Single,3.0,616.0,0,15.3,52100.0,0.0,185000,180,Business,Semi-Urban,Undergraduate,Female,Self,0
APP102980,8000,0,Salaried,47,Married,1.0,602.0,4,19.0,5500.0,62000.0,199000,120,Personal,Semi-Urban,Graduate,Male,Private,0
APP102981,8000,0,Salaried,32,Married,1.0,637.0,1,6.4,21100.0,25000.0,121000,240,Education,Urban,Graduate,Male,Self,1
APP102982,8000,3000,Self-Employed,33,Married,1.0,855.0,1,14.6,9400.0,117000.0,232000,120,Personal,Rural,Postgraduate,Female,Self,1
APP102983,8000,3000,Business,55,Single,2.0,570.0,3,30.8,9400.0,,120000,36,Home,Urban,Graduate,Male,Govt,0
APP102984,8000,0,Salaried,40,Married,0.0,609.0,2,20.2,1600.0,59000.0,59000,36,Home,Semi-Urban,Postgraduate,Male,Govt,0
APP102985,8000,0,Business,42,Single,,649.0,0,7.7,24400.0,0.0,237000,360,Personal,Semi-Urban,Graduate,Female,Self,0
APP102986,8000,0,Salaried,37,Single,0.0,727.0,0,66.8,18700.0,0.0,66000,12,Personal,Semi-Urban,Graduate,Female,Private,0
APP102987,8000,3100,Salaried,45,Married,2.0,673.0,0,39.5,9800.0,,181000,36,Business,Semi-Urban,Undergraduate,Male,Govt,0
APP102988,8000,0,Self-Employed,54,Married,1.0,,0,7.2,22800.0,31000.0,61000,120,Education,Urban,Postgraduate,Female,Private,1
APP102989,8000,0,Business,21,Married,1.0,720.0,2,54.8,12300.0,41000.0,225000,60,Business,Urban,Graduate,Female,Self,0
APP102990,8000,0,Salaried,48,Single,1.0,794.0,1,8.2,2200.0,62000.0,69000,120,Home,Semi-Urban,Graduate,Female,Govt,1
APP102991,8000,0,Business,53,Married,0.0,517.0,2,77.5,3100.0,119000.0,199000,36,Personal,Rural,Undergraduate,Male,Private,0
APP102992,8000,0,Self-Employed,43,Married,1.0,610.0,1,65.5,7600.0,,185000,36,Home,Semi-Urban,Graduate,Male,Govt,0
APP102993,8000,3800,Salaried,31,Married,3.0,710.0,2,5.0,1500.0,17000.0,84000,360,Education,Urban,Postgraduate,Male,Govt,1
APP102994,9400,0,Salaried,26,Married,2.0,569.0,0,8.4,24900.0,5000.0,219000,240,Business,Urban,Postgraduate,Male,Private,1
APP102995,8900,3000,Business,61,Single,0.0,658.0,1,90.0,6500.0,428000.0,348000,36,Home,Semi-Urban,Postgraduate,Male,Govt,0
APP102996,8000,0,Salaried,28,Single,3.0,786.0,1,6.3,9300.0,25000.0,148000,240,Business,Semi-Urban,Undergraduate,Male,Self,1
APP102997,8000,0,Salaried,53,Single,2.0,720.0,2,5.0,3000.0,94000.0,104000,240,Home,Urban,Postgraduate,Male,Self,0
APP102998,8000,0,Salaried,41,Married,0.0,710.0,2,7.7,15500.0,146000.0,153000,240,Home,Semi-Urban,Postgraduate,Female,Self,1
APP102999,8000,0,Business,58,Married,1.0,747.0,0,5.0,7000.0,63000.0,71000,180,Home,Urban,Undergraduate,Male,Private,1
APP103000,8000,0,Self-Employed,34,Single,1.0,709.0,0,49.9,5800.0,16000.0,232000,60,Personal,Semi-Urban,Postgraduate,Female,Private,0
APP103001,8000,3000,Self-Employed,21,Married,0.0,649.0,0,6.7,33200.0,185000.0,162000,240,Home,Urban,Graduate,Female,Govt,1
APP103002,8000,0,Salaried,38,Single,2.0,758.0,1,16.5,30000.0,62000.0,136000,120,Personal,Rural,Graduate,Male,Private,1
APP103003,8000,0,Self-Employed,23,Married,0.0,637.0,0,23.0,17100.0,0.0,125000,60,Personal,Urban,Postgraduate,Female,Private,0
APP103004,8000,0,Self-Employed,64,Married,1.0,665.0,0,5.0,10000.0,51000.0,53000,120,Home,Semi-Urban,Undergraduate,Male,Private,1
APP103005,8000,0,Business,44,Single,2.0,514.0,2,5.0,4800.0,3000.0,55000,240,Education,Rural,Graduate,Male,Govt,0
APP103006,8000,0,Business,45,Single,3.0,637.0,0,9.6,6100.0,89000.0,156000,180,Education,Urban,Graduate,Female,Private,0
APP103007,8000,0,Salaried,45,Single,0.0,687.0,0,28.6,5800.0,0.0,144000,60,Business,Semi-Urban,Undergraduate,Male,Self,0
APP103008,8000,3000,Self-Employed,31,Married,0.0,674.0,1,9.1,12000.0,395000.0,326000,360,Home,Urban,Postgraduate,Female,Private,1
APP103009,8000,3000,Salaried,36,Married,1.0,731.0,4,5.0,7900.0,139000.0,135000,360,Home,Urban,Graduate,Male,Self,1
APP103010,8000,0,Salaried,39,Married,2.0,640.0,0,10.6,8000.0,0.0,119000,120,Education,Semi-Urban,Postgraduate,Female,Self,0
APP103011,8000,3000,Salaried,57,Single,3.0,628.0,2,22.5,37800.0,140000.0,327000,120,Personal,Rural,Undergraduate,Male,Private,1
APP103012,8000,3000,Salaried,26,Single,0.0,631.0,0,5.0,25400.0,25000.0,79000,240,Personal,Semi-Urban,Undergraduate,Male,Private,1
APP103013,8000,0,Salaried,30,Married,1.0,701.0,0,63.5,3700.0,103000.0,171000,36,Business,Semi-Urban,Postgraduate,Male,Self,0
APP103014,8000,0,Self-Employed,34,Single,0.0,819.0,0,5.0,10900.0,26000.0,68000,240,Business,Semi-Urban,Graduate,Female,Govt,1
APP103015,8000,3000,Salaried,31,Single,2.0,464.0,1,12.3,3700.0,314000.0,316000,240,Home,Semi-Urban,Undergraduate,Female,Private,0
APP103016,8000,0,Self-Employed,23,Single,0.0,612.0,3,12.7,14800.0,0.0,103000,120,Education,Semi-Urban,Postgraduate,Male,Self,0
APP103017,8000,0,Salaried,21,Married,2.0,648.0,0,48.6,55800.0,78000.0,204000,60,Personal,Urban,Undergraduate,Male,Private,0
APP103018,8000,0,Salaried,21,Married,0.0,480.0,1,90.0,5700.0,0.0,223000,12,Business,Urban,Graduate,Male,Private,0
APP103019,8000,0,Self-Employed,48,Single,2.0,668.0,0,11.9,17900.0,228000.0,211000,240,Home,Semi-Urban,Graduate,Female,Private,1
APP103020,8000,0,Salaried,37,Married,0.0,624.0,3,34.7,40700.0,38000.0,155000,60,Education,Rural,Graduate,Male,Private,0
APP103021,8000,3000,Salaried,46,Single,1.0,640.0,0,15.0,7100.0,0.0,323000,180,Business,Urban,Graduate,Female,Govt,0
APP103022,8000,0,Self-Employed,32,Single,1.0,572.0,1,15.6,13300.0,28000.0,178000,120,Education,Semi-Urban,Postgraduate,Female,Private,0
APP103023,8000,0,Salaried,37,Single,0.0,672.0,0,47.3,45000.0,117000.0,199000,60,Education,Urban,Undergraduate,Male,Private,1
APP103024,8000,3000,Salaried,54,Married,0.0,551.0,3,6.7,3200.0,0.0,130000,180,Business,Urban,Postgraduate,Male,Private,0
APP103025,8000,0,Salaried,53,Married,0.0,604.0,0,9.6,2900.0,61000.0,128000,180,Business,Semi-Urban,Undergraduate,Male,Self,0
APP103026,8000,3000,Business,47,Married,0.0,662.0,0,8.3,2300.0,252000.0,224000,240,Home,Rural,Graduate,Female,Private,1
APP103027,8000,0,Self-Employed,40,Married,0.0,763.0,1,14.1,17200.0,68000.0,76000,60,Home,Semi-Urban,Undergraduate,Male,Private,1
APP103028,8000,0,Self-Employed,43,Married,1.0,,2,43.9,2900.0,83000.0,233000,60,Education,Urban,Undergraduate,Male,Govt,0
APP103029,8000,3000,Self-Employed,41,Married,2.0,703.0,4,5.0,14200.0,31000.0,95000,360,Business,Rural,Postgraduate,Female,Govt,1
APP103030,8000,3000,Salaried,36,Married,2.0,856.0,0,8.8,31600.0,138000.0,259000,240,Business,Urban,Postgraduate,Male,Private,1
APP103031,8000,3000,Salaried,33,Married,0.0,719.0,0,5.0,4200.0,47000.0,81000,240,Personal,Semi-Urban,Postgraduate,Male,Private,1
APP103032,8000,0,Self-Employed,49,Married,0.0,569.0,2,19.6,3800.0,38000.0,68000,36,Education,Semi-Urban,Postgraduate,Male,Govt,0
APP103033,8000,0,Salaried,25,Married,2.0,629.0,0,41.9,15800.0,160000.0,168000,60,Home,Semi-Urban,Graduate,Male,Private,0
APP103034,8000,3000,Salaried,52,Married,1.0,594.0,1,9.8,8500.0,45000.0,185000,180,Personal,Rural,Undergraduate,Female,Govt,1
APP103035,8000,0,Salaried,35,Single,0.0,667.0,0,5.0,800.0,0.0,50000,360,Education,Semi-Urban,Undergraduate,Male,Self,0
APP103036,8000,0,Salaried,24,Married,,634.0,1,5.0,37500.0,0.0,124000,360,Personal,Urban,Graduate,Male,Self,0
APP103037,8000,3000,Business,32,Married,0.0,587.0,1,5.0,14100.0,0.0,132000,360,Personal,Urban,Postgraduate,Female,Private,0
APP103038,8000,3000,Salaried,29,Single,0.0,755.0,1,90.0,,0.0,296000,12,Education,Urban,Postgraduate,Male,Govt,0
APP103039,8000,0,Salaried,32,Single,2.0,761.0,1,6.2,5300.0,101000.0,184000,360,Business,Urban,Postgraduate,Female,Self,1
APP103040,8000,3000,Salaried,32,Married,0.0,688.0,1,7.8,16300.0,276000.0,261000,360,Home,Rural,Postgraduate,Female,Self,1
APP103041,8000,3200,Business,31,Single,3.0,581.0,1,90.0,7700.0,132000.0,323000,36,Personal,Urban,Undergraduate,Male,Private,0
APP103042,8300,3000,Salaried,34,Single,2.0,682.0,1,22.5,8600.0,0.0,260000,120,Education,Semi-Urban,Graduate,Male,Private,0
APP103043,8000,3000,Salaried,37,Single,2.0,616.0,1,5.0,9400.0,41000.0,108000,180,Personal,Semi-Urban,Graduate,Female,Self,0
APP103044,8000,3000,Self-Employed,45,Married,0.0,779.0,2,45.0,3600.0,118000.0,313000,60,Personal,Rural,Undergraduate,Male,Private,0
APP103045,10600,0,Self-Employed,35,Single,0.0,556.0,2,5.0,5600.0,102000.0,92000,180,Home,Semi-Urban,Postgraduate,Male,Private,0
APP103046,8000,3000,Salaried,41,Married,1.0,723.0,2,5.0,6700.0,104000.0,117000,360,Home,Semi-Urban,Undergraduate,Female,Private,1
APP103047,8000,3500,Salaried,38,Married,0.0,737.0,0,5.0,3800.0,141000.0,148000,360,Home,Urban,Graduate,Male,Private,1
APP103048,8000,3000,Salaried,43,Single,3.0,752.0,1,5.0,10700.0,110000.0,112000,360,Home,Semi-Urban,Graduate,Female,Private,1
APP103049,8000,3000,Salaried,38,Married,0.0,673.0,3,5.0,13200.0,33000.0,71000,180,Personal,Urban,Undergraduate,Male,Self,0
APP103050,8000,0,Salaried,31,Single,2.0,650.0,0,15.8,43800.0,124000.0,136000,120,Home,Rural,Graduate,Male,Private,1
APP103051,8000,0,Salaried,28,Married,1.0,879.0,2,8.9,3800.0,0.0,180000,240,Education,Urban,Undergraduate,Male,Private,0
APP103052,8000,3000,Salaried,40,Single,2.0,601.0,0,10.8,19700.0,219000.0,177000,120,Home,Urban,Undergraduate,Female,Private,1
APP103053,8000,0,Salaried,50,Married,1.0,744.0,0,90.0,33700.0,42000.0,93000,12,Personal,Semi-Urban,Postgraduate,Female,Private,0
APP103054,8000,0,Self-Employed,35,Married,1.0,681.0,0,9.8,20900.0,0.0,218000,240,Personal,Rural,Graduate,Female,Govt,0
APP103055,11600,0,Business,30,Married,3.0,694.0,2,26.9,4900.0,171000.0,178000,60,Home,Semi-Urban,Postgraduate,Male,Private,0
APP103056,8000,3000,Self-Employed,35,Married,0.0,710.0,0,90.0,5900.0,0.0,287000,12,Personal,Urban,Undergraduate,Male,Self,0
APP103057,8000,3000,Salaried,32,Married,0.0,582.0,0,81.7,37000.0,0.0,113000,12,Business,Urban,Graduate,Male,Private,0
APP103058,8000,0,Salaried,31,Single,0.0,559.0,0,5.0,6700.0,108000.0,112000,360,Home,Urban,Graduate,Male,Private,1
APP103059,8000,0,Business,23,Married,1.0,565.0,0,50.0,7900.0,94000.0,202000,60,Personal,Semi-Urban,Graduate,Male,Govt,0
APP103060,8000,3100,Salaried,35,Single,0.0,631.0,1,5.0,5000.0,77000.0,75000,120,Home,Semi-Urban,Graduate,Male,Private,1
APP103061,8000,0,Salaried,40,Married,0.0,702.0,0,8.6,17600.0,287000.0,225000,360,Home,Semi-Urban,Undergraduate,Male,Private,1
APP103062,8000,0,Self-Employed,27,Married,0.0,594.0,3,10.2,700.0,61000.0,124000,180,Personal,Semi-Urban,Undergraduate,Female,Private,0
APP103063,8000,3000,Self-Employed,29,Single,2.0,550.0,0,74.5,3600.0,369000.0,324000,36,Home,Semi-Urban,Undergraduate,Male,Private,0
APP103064,8000,0,Self-Employed,28,Married,1.0,754.0,1,11.3,3000.0,52000.0,183000,180,Business,Rural,Postgraduate,Female,Govt,1
APP103065,8000,0,Salaried,24,Single,2.0,541.0,0,90.0,39700.0,296000.0,230000,36,Home,Urban,Undergraduate,Male,Govt,0
APP103066,8000,3000,Salaried,28,Single,0.0,699.0,3,20.9,10200.0,83000.0,83000,36,Home,Semi-Urban,Graduate,Male,Private,1
APP103067,8000,3000,Business,36,Married,2.0,612.0,0,7.3,6600.0,145000.0,257000,360,Personal,Semi-Urban,Postgraduate,Male,Govt,1
APP103068,8000,3000,Salaried,24,Single,1.0,781.0,1,50.3,6600.0,0.0,297000,60,Personal,Urban,Postgraduate,Male,Self,0
APP103069,8000,3000,Self-Employed,36,Single,1.0,616.0,2,11.5,2000.0,8000.0,327000,240,Personal,Semi-Urban,Undergraduate,Male,Govt,0
APP103070,8000,3000,Self-Employed,30,Married,0.0,521.0,0,5.0,31500.0,66000.0,75000,180,Home,Urban,Undergraduate,Male,Private,1
APP103071,8000,0,Self-Employed,28,Single,0.0,676.0,0,14.4,5700.0,6000.0,64000,60,Business,Urban,Undergraduate,Male,Private,0
APP103072,8000,3000,Salaried,41,Married,3.0,596.0,1,13.1,14700.0,140000.0,259000,180,Business,Semi-Urban,Undergraduate,Female,Private,0
APP103073,8000,3000,Salaried,31,Married,2.0,744.0,1,19.1,4200.0,38000.0,76000,36,Education,Urban,Undergraduate,Female,Self,1
APP103074,8000,3200,Self-Employed,33,Single,0.0,709.0,0,5.3,7600.0,28000.0,70000,120,Personal,Urban,Graduate,Female,Private,1
APP103075,8000,3000,Business,50,Single,3.0,615.0,1,8.6,3200.0,107000.0,210000,180,Personal,Semi-Urban,Undergraduate,Male,Private,0
APP103076,8000,3000,Business,28,Single,0.0,581.0,1,25.0,6300.0,172000.0,206000,60,Home,Semi-Urban,Postgraduate,Male,Private,0
APP103077,9700,3000,Salaried,53,Single,1.0,549.0,4,8.0,22900.0,295000.0,263000,240,Home,Urban,Graduate,Male,Private,1
APP103078,8000,0,Salaried,34,Single,2.0,619.0,1,16.5,9000.0,50000.0,51000,36,Home,Urban,Graduate,Male,Self,0
APP103079,8000,3000,Business,26,Single,0.0,802.0,0,10.9,11800.0,0.0,199000,180,Business,Semi-Urban,Postgraduate,Male,Private,1
APP103080,8000,3000,Self-Employed,32,Married,0.0,667.0,0,5.0,8600.0,121000.0,142000,240,Home,Semi-Urban,Graduate,Male,Private,1
APP103081,8000,0,Business,38,Married,1.0,765.0,0,19.0,41400.0,91000.0,193000,120,Personal,Rural,Graduate,Male,Self,1
APP103082,8000,3000,Salaried,50,Married,1.0,546.0,0,5.0,3600.0,158000.0,158000,360,Home,Urban,Postgraduate,Male,Self,1
APP103083,8000,3000,Self-Employed,45,Single,0.0,499.0,1,6.3,7100.0,0.0,160000,240,Personal,Urban,Undergraduate,Male,Private,0
APP103084,8000,3000,Self-Employed,38,Married,0.0,578.0,2,5.6,9800.0,284000.0,239000,360,Home,Urban,Undergraduate,Female,Private,0
APP103085,8000,0,Self-Employed,50,Married,3.0,723.0,2,37.3,3000.0,95000.0,175000,60,Personal,Semi-Urban,Graduate,Female,Govt,0
APP103086,8000,0,Salaried,21,Married,0.0,638.0,2,5.0,9200.0,58000.0,59000,360,Home,Semi-Urban,Graduate,Female,Private,1
APP103087,8000,3000,Salaried,40,Single,0.0,760.0,0,7.9,8300.0,0.0,231000,240,Business,Semi-Urban,Graduate,Female,Private,1
APP103088,8000,3000,Self-Employed,41,Single,2.0,793.0,0,8.1,9100.0,0.0,240000,240,Business,Rural,Graduate,Male,Self,1
APP103089,8000,0,Salaried,41,Married,0.0,593.0,0,5.5,9100.0,0.0,136000,360,Personal,Semi-Urban,Graduate,Female,Private,0
APP103090,8000,3000,Salaried,21,Married,0.0,739.0,2,15.2,,359000.0,285000,180,Home,Rural,Undergraduate,Female,Private,1
APP103091,8000,0,Business,27,Married,3.0,796.0,1,5.0,1600.0,60000.0,50000,360,Home,Urban,Postgraduate,Male,Govt,1
APP103092,8000,0,Salaried,36,Married,3.0,773.0,0,16.6,9700.0,1000.0,234000,180,Business,Urban,Graduate,Male,Private,1
APP103093,8000,3000,Business,49,Married,0.0,536.0,0,9.0,3300.0,172000.0,165000,180,Home,Urban,Graduate,Female,Self,1
APP103094,8000,3000,Salaried,57,Single,2.0,513.0,0,13.7,7400.0,285000.0,223000,120,Home,Urban,Postgraduate,Male,Private,0
APP103095,8000,3000,Self-Employed,31,Single,2.0,615.0,3,22.1,3800.0,30000.0,75000,36,Personal,Rural,Postgraduate,Female,Govt,0
APP103096,8000,3000,Business,24,Married,1.0,643.0,0,13.9,1800.0,259000.0,253000,180,Home,Urban,Graduate,Male,Private,0
APP103097,8000,0,Salaried,46,Married,1.0,747.0,1,5.0,11600.0,148000.0,152000,360,Home,Semi-Urban,Undergraduate,Male,Private,1
APP103098,8000,3200,Salaried,64,Married,0.0,592.0,0,14.2,16300.0,10000.0,325000,240,Personal,Urban,Graduate,Male,Private,1
APP103099,8000,4200,Salaried,49,Married,0.0,709.0,1,5.5,24400.0,23000.0,197000,240,Education,Urban,Graduate,Male,Private,1
APP103100,8000,3000,Salaried,30,Married,1.0,550.0,4,10.7,5200.0,217000.0,257000,240,Home,Urban,Graduate,Female,Private,0
APP103101,8000,0,Self-Employed,65,Married,2.0,711.0,0,6.5,8400.0,16000.0,62000,120,Personal,Urban,Postgraduate,Female,Private,1
APP103102,8000,3000,Business,44,Married,1.0,638.0,0,13.4,11400.0,28000.0,83000,60,Education,Semi-Urban,Graduate,Male,Self,1
APP103103,15900,3000,Salaried,30,Single,0.0,712.0,0,47.4,22500.0,149000.0,544000,60,Personal,Rural,Graduate,Male,Govt,1
APP103104,8000,3000,Salaried,57,Single,0.0,647.0,0,86.5,1400.0,139000.0,133000,12,Home,Semi-Urban,Graduate,Female,Private,0
APP103105,8000,3000,Salaried,29,Single,1.0,473.0,1,10.5,1900.0,37000.0,307000,240,Personal,Semi-Urban,Postgraduate,Male,Private,0
APP103106,8000,0,Self-Employed,31,Married,1.0,725.0,0,5.0,32500.0,33000.0,65000,360,Education,Urban,Graduate,Male,Self,1
APP103107,8000,0,Salaried,45,Single,0.0,777.0,1,41.3,1500.0,6000.0,170000,60,Education,Rural,Graduate,Male,Self,0
APP103108,8000,3000,Self-Employed,37,Single,1.0,596.0,1,44.3,20300.0,204000.0,212000,36,Home,Urban,Graduate,Female,Private,0
APP103109,8000,0,Self-Employed,38,Married,2.0,752.0,0,20.5,30700.0,273000.0,234000,120,Home,Rural,Graduate,Female,Private,1
APP103110,8000,3000,Self-Employed,38,Married,0.0,616.0,1,22.6,18100.0,82000.0,173000,60,Business,Semi-Urban,Postgraduate,Male,Govt,1
APP103111,8000,0,Salaried,49,Married,0.0,550.0,1,5.0,3000.0,70000.0,57000,180,Home,Urban,Graduate,Male,Private,0
APP103112,8000,0,Self-Employed,21,Married,0.0,624.0,0,27.4,3300.0,10000.0,139000,60,Personal,Semi-Urban,Graduate,Female,Self,0
APP103113,8000,0,Salaried,40,Married,3.0,663.0,0,18.4,7600.0,62000.0,206000,120,Business,Rural,Postgraduate,Female,Self,1
APP103114,8000,3100,Salaried,35,Married,1.0,561.0,0,5.0,46700.0,32000.0,81000,360,Personal,Urban,Graduate,Male,Self,0
APP103115,8000,0,Business,30,Married,1.0,801.0,0,6.1,46300.0,0.0,55000,120,Education,Urban,Graduate,Male,Govt,1
APP103116,8000,0,Self-Employed,30,Married,2.0,542.0,0,10.6,10900.0,253000.0,206000,240,Home,Urban,Graduate,Female,Private,0
APP103117,8000,3000,Salaried,21,Married,0.0,623.0,1,12.4,1600.0,93000.0,284000,240,Business,Semi-Urban,Undergraduate,Male,Private,0
APP103118,8000,3000,Salaried,30,Single,0.0,596.0,0,8.7,9500.0,0.0,119000,120,Personal,Urban,Postgraduate,Male,Private,0
APP103119,8000,3000,Salaried,50,Married,1.0,793.0,1,6.4,6600.0,7000.0,240000,360,Personal,Rural,Undergraduate,Male,Private,1
APP103120,8000,3000,Salaried,46,Single,1.0,528.0,2,5.0,8300.0,16000.0,83000,180,Education,Rural,Undergraduate,Male,Self,0
APP103121,8000,3000,Salaried,36,Married,0.0,754.0,0,90.0,1500.0,70000.0,268000,12,Business,Rural,Undergraduate,Male,Private,0
APP103122,8000,3000,Salaried,23,Married,0.0,697.0,0,42.6,10300.0,56000.0,147000,36,Personal,Urban,Undergraduate,Male,Govt,0
APP103123,8000,0,Salaried,46,Married,1.0,567.0,0,5.3,1800.0,93000.0,92000,240,Home,Semi-Urban,Postgraduate,Female,Private,1
APP103124,8000,0,Self-Employed,51,Married,2.0,648.0,0,17.9,600.0,93000.0,178000,120,Personal,Urban,Graduate,Male,Govt,0
APP103125,8000,3000,Self-Employed,48,Married,0.0,655.0,1,27.7,10100.0,58000.0,307000,120,Education,Semi-Urban,Graduate,Male,Private,0
APP103126,8000,3000,Self-Employed,28,Married,1.0,732.0,0,17.6,55200.0,92000.0,77000,36,Home,Rural,Postgraduate,Male,Govt,1
APP103127,8000,3000,Salaried,29,Married,3.0,621.0,0,16.8,3500.0,37000.0,104000,60,Business,Semi-Urban,Undergraduate,Female,Private,0
APP103128,8000,3000,Business,54,Single,0.0,728.0,1,5.0,5100.0,141000.0,134000,240,Home,Rural,Graduate,Female,Private,1
APP103129,8000,0,Business,25,Married,1.0,676.0,1,8.2,19800.0,,226000,360,Personal,Rural,Postgraduate,Male,Self,0
APP103130,8000,3000,Business,42,Single,1.0,712.0,1,16.2,25900.0,325000.0,298000,180,Home,Urban,Graduate,Female,Self,1
APP103131,8000,0,Business,21,Married,0.0,592.0,1,38.7,9000.0,236000.0,222000,60,Home,Semi-Urban,Graduate,Male,Private,0
APP103132,8000,3000,Business,34,Single,2.0,658.0,0,5.0,4000.0,28000.0,166000,360,Education,Urban,Graduate,Female,Govt,0
APP103133,10800,3000,Salaried,43,Married,2.0,689.0,0,5.1,30500.0,40000.0,160000,240,Business,Urban,Postgraduate,Male,Govt,1
APP103134,8000,0,Salaried,37,Single,2.0,687.0,0,5.0,2400.0,0.0,85000,240,Education,Urban,Graduate,Female,Self,0
APP103135,8000,3000,Self-Employed,43,Single,0.0,668.0,1,90.0,4800.0,338000.0,299000,12,Home,Rural,Postgraduate,Male,Private,0
APP103136,8000,3000,Self-Employed,25,Single,2.0,860.0,1,5.5,14600.0,23000.0,127000,180,Personal,Semi-Urban,Undergraduate,Male,Govt,1
APP103137,8000,0,Self-Employed,29,Married,1.0,723.0,1,5.2,1700.0,179000.0,150000,360,Home,Semi-Urban,Undergraduate,Female,Self,1
APP103138,8000,3000,Salaried,42,Single,0.0,737.0,1,13.7,11900.0,149000.0,154000,120,Home,Semi-Urban,Graduate,Male,Private,1
APP103139,8000,0,Salaried,44,Married,0.0,694.0,1,8.9,25300.0,152000.0,144000,240,Home,Rural,Undergraduate,Male,Self,1
APP103140,8000,3000,Salaried,40,Single,3.0,727.0,0,5.1,43300.0,126000.0,157000,240,Home,Semi-Urban,Graduate,Male,Private,1
APP103141,8000,0,Business,47,Married,1.0,697.0,0,25.1,5500.0,0.0,104000,60,Education,Urban,Graduate,Female,Private,0
APP103142,8000,3000,Self-Employed,21,Married,2.0,827.0,2,7.0,5200.0,0.0,179000,240,Education,Semi-Urban,Postgraduate,Male,Private,0
APP103143,8000,0,Salaried,33,Married,0.0,666.0,1,42.8,16600.0,114000.0,112000,36,Home,Semi-Urban,Graduate,Male,Self,0
APP103144,8000,0,Salaried,56,Married,2.0,,1,9.4,4400.0,12000.0,209000,240,Personal,Semi-Urban,Graduate,Female,Self,1
APP103145,8000,3000,Salaried,50,Single,0.0,867.0,0,6.1,6000.0,249000.0,219000,360,Home,Urban,Graduate,Male,Private,1
APP103146,8000,0,Business,44,Single,0.0,730.0,1,5.0,11200.0,48000.0,82000,360,Business,Urban,Postgraduate,Male,Private,1
APP103147,8000,5200,Self-Employed,36,Single,,646.0,1,5.0,11800.0,6000.0,154000,360,Personal,Rural,Graduate,Female,Private,0
APP103148,8000,0,Self-Employed,48,Single,0.0,605.0,1,5.0,1200.0,62000.0,58000,180,Home,Urban,Postgraduate,Male,Self,0
APP103149,8000,0,Salaried,42,Single,1.0,635.0,0,5.9,2500.0,0.0,106000,240,Business,Semi-Urban,Postgraduate,Male,Private,0
APP103150,8000,0,Self-Employed,22,Married,2.0,715.0,0,7.6,1300.0,210000.0,177000,240,Home,Urban,Postgraduate,Male,Self,1
APP103151,8000,3000,Salaried,47,Married,2.0,840.0,0,82.4,1500.0,58000.0,114000,12,Education,Urban,Undergraduate,Female,Private,0
APP103152,8000,0,Self-Employed,29,Married,1.0,718.0,2,25.5,2600.0,74000.0,67000,36,Home,Urban,Graduate,Male,Private,1
APP103153,8000,0,Salaried,45,Married,1.0,613.0,4,8.5,6500.0,0.0,110000,180,Personal,Semi-Urban,Graduate,Female,Private,0
APP103154,8000,3000,Salaried,21,Married,1.0,652.0,0,90.0,7100.0,73000.0,228000,12,Education,Rural,Graduate,Female,Private,0
APP103155,8000,3000,Self-Employed,53,Married,0.0,658.0,1,5.0,900.0,190000.0,191000,360,Home,Urban,Graduate,Male,Self,1
APP103156,8000,0,Business,35,Married,0.0,559.0,0,7.8,3200.0,97000.0,112000,180,Home,Urban,Postgraduate,Female,Private,0
APP103157,8000,0,Salaried,26,Married,0.0,638.0,0,48.1,,0.0,218000,60,Personal,Semi-Urban,Graduate,Male,Private,0
APP103158,8000,0,Business,31,Single,0.0,634.0,0,16.8,6600.0,135000.0,138000,120,Home,Urban,Graduate,Male,Private,0
APP103159,8000,3000,Salaried,34,Married,0.0,892.0,1,5.0,4200.0,169000.0,186000,360,Home,Rural,Undergraduate,Female,Govt,1
APP103160,8000,3000,Salaried,37,Married,0.0,763.0,0,5.0,28500.0,0.0,74000,360,Education,Urban,Postgraduate,Female,Self,0
APP103161,8000,0,Salaried,51,Married,0.0,567.0,2,53.8,,0.0,171000,36,Business,Semi-Urban,Postgraduate,Male,Private,0
APP103162,8000,3000,Salaried,38,Married,0.0,538.0,0,8.0,4400.0,226000.0,187000,240,Home,Semi-Urban,Undergraduate,Male,Self,0
APP103163,8000,3000,Salaried,21,Married,1.0,546.0,2,5.5,6200.0,122000.0,104000,180,Home,Rural,Undergraduate,Male,Private,1
APP103164,8000,0,Salaried,25,Married,0.0,791.0,2,6.7,4300.0,0.0,95000,180,Business,Semi-Urban,Postgraduate,Male,Self,1
APP103165,8000,3900,Salaried,65,Married,2.0,542.0,2,5.0,31000.0,109000.0,129000,240,Home,Urban,Graduate,Male,Self,0
APP103166,8000,3000,Business,39,Married,2.0,816.0,1,13.1,5800.0,0.0,98000,60,Personal,Urban,Undergraduate,Male,Private,0
APP103167,8000,3000,Salaried,47,Married,0.0,685.0,2,9.3,12800.0,87000.0,181000,180,Business,Rural,Postgraduate,Female,Self,1
APP103168,8000,0,Self-Employed,34,Married,0.0,649.0,1,14.2,17800.0,0.0,118000,120,Business,Rural,Graduate,Male,Govt,0
APP103169,8000,0,Salaried,27,Single,2.0,576.0,0,36.3,4200.0,117000.0,117000,36,Home,Urban,Graduate,Male,Private,0
APP103170,8000,0,Self-Employed,33,Married,3.0,793.0,0,30.4,1300.0,99000.0,96000,36,Home,Rural,Postgraduate,Female,Self,1
APP103171,8000,0,Salaried,39,Married,0.0,705.0,3,54.0,5000.0,130000.0,132000,36,Home,Semi-Urban,Undergraduate,Female,Private,0
APP103172,8000,3000,Salaried,33,Married,0.0,745.0,2,6.5,15300.0,46000.0,211000,240,Business,Semi-Urban,Graduate,Male,Private,1
APP103173,8000,0,Salaried,57,Single,0.0,655.0,0,56.9,1500.0,0.0,165000,36,Business,Urban,Graduate,Male,Self,0
APP103174,8000,0,Salaried,31,Married,1.0,739.0,0,6.3,10400.0,82000.0,90000,180,Home,Rural,Undergraduate,Male,Self,1
APP103175,8000,0,Salaried,27,Single,3.0,813.0,0,14.0,18800.0,16000.0,188000,180,Personal,Urban,Undergraduate,Male,Private,1
APP103176,8000,0,Self-Employed,46,Single,2.0,733.0,0,5.0,32600.0,7000.0,53000,360,Business,Semi-Urban,Graduate,Male,Private,1
APP103177,8000,0,Business,47,Married,1.0,560.0,3,10.3,16000.0,158000.0,192000,240,Home,Urban,Graduate,Female,Private,1
APP103178,8000,0,Business,38,Married,2.0,726.0,0,5.0,,84000.0,102000,360,Home,Rural,Postgraduate,Male,Private,1
APP103179,8000,3000,Self-Employed,31,Married,0.0,747.0,0,90.0,9800.0,143000.0,164000,12,Home,Urban,Graduate,Male,Private,0
APP103180,8000,3000,Salaried,21,Married,1.0,830.0,0,6.7,2400.0,87000.0,219000,240,Education,Urban,Undergraduate,Male,Private,1
APP103181,8000,3000,Salaried,50,Married,0.0,716.0,2,90.0,3100.0,133000.0,227000,12,Business,Urban,Graduate,Male,Private,0
APP103182,8000,0,Salaried,46,Married,0.0,755.0,3,5.8,1400.0,69000.0,129000,240,Business,Urban,Graduate,Male,Govt,1
APP103183,8000,0,Salaried,33,Married,0.0,735.0,0,19.9,8700.0,279000.0,228000,120,Home,Semi-Urban,Graduate,Female,Govt,1
APP103184,8000,0,Salaried,38,Married,1.0,550.0,1,10.4,12600.0,246000.0,213000,240,Home,Urban,Graduate,Male,Govt,0
APP103185,8000,0,Salaried,35,Single,2.0,730.0,3,7.9,9100.0,0.0,91000,120,Education,Rural,Graduate,Male,Private,0
APP103186,8000,0,Salaried,54,Married,1.0,682.0,1,35.7,10800.0,0.0,161000,60,Personal,Semi-Urban,Graduate,Male,Self,0
APP103187,8000,0,Salaried,27,Single,0.0,851.0,1,8.5,17300.0,39000.0,186000,240,Personal,Semi-Urban,Undergraduate,Female,Govt,1
APP103188,8000,0,Business,31,Single,0.0,542.0,1,5.0,2100.0,7000.0,90000,360,Personal,Urban,Graduate,Male,Govt,0
APP103189,8000,3000,Self-Employed,30,Single,0.0,578.0,0,12.2,8600.0,0.0,71000,60,Personal,Semi-Urban,Undergraduate,Male,Private,0
APP103190,8000,0,Salaried,41,Single,0.0,745.0,0,8.9,10400.0,304000.0,235000,360,Home,Urban,Graduate,Female,Private,1
APP103191,8000,0,Business,38,Married,1.0,808.0,1,89.0,5100.0,28000.0,232000,36,Education,Rural,Postgraduate,Male,Govt,0
APP103192,8000,0,Business,40,Married,0.0,645.0,3,6.1,1000.0,12000.0,110000,240,Business,Urban,Graduate,Male,Private,0
APP103193,8000,0,Salaried,29,Married,2.0,661.0,1,5.0,2900.0,83000.0,94000,360,Home,Rural,Graduate,Male,Private,1
APP103194,11000,3000,Salaried,52,Married,2.0,698.0,0,25.3,4900.0,75000.0,136000,36,Personal,Urban,Postgraduate,Male,Private,1
APP103195,8000,3000,Salaried,33,Single,0.0,636.0,0,19.2,9400.0,223000.0,247000,120,Home,Rural,Postgraduate,Male,Private,1
APP103196,8000,3000,Business,49,Single,1.0,760.0,1,18.1,8400.0,123000.0,265000,120,Personal,Urban,Undergraduate,Female,Private,1
APP103197,8000,3000,Business,65,Married,0.0,636.0,0,12.6,55500.0,76000.0,177000,120,Personal,Urban,Undergraduate,Male,Private,1
APP103198,8000,0,Salaried,29,Married,1.0,743.0,0,5.0,20800.0,54000.0,95000,240,Personal,Semi-Urban,Postgraduate,Male,Private,1
APP103199,8000,0,Salaried,41,Married,2.0,560.0,0,7.8,7900.0,56000.0,134000,240,Business,Rural,Graduate,Male,Govt,0
APP103200,8000,3000,Self-Employed,36,Married,1.0,834.0,0,5.6,9100.0,15000.0,202000,360,Education,Semi-Urban,Undergraduate,Male,Private,1
APP103201,8000,4000,Salaried,58,Married,0.0,489.0,0,31.8,28900.0,,229000,60,Personal,Urban,Postgraduate,Male,Private,0
APP103202,8000,0,Salaried,35,Married,2.0,584.0,0,8.8,30000.0,114000.0,133000,180,Home,Semi-Urban,Undergraduate,Female,Self,1
APP103203,8000,3000,Business,40,Single,1.0,874.0,1,5.5,11300.0,,67000,120,Personal,Rural,Undergraduate,Male,Private,1
APP103204,8000,3000,Self-Employed,40,Married,1.0,681.0,1,5.0,45900.0,161000.0,191000,360,Home,Urban,Graduate,Female,Private,1
APP103205,8000,3200,Business,36,Single,1.0,612.0,1,90.0,3300.0,0.0,161000,12,Business,Urban,Graduate,Male,Private,0
APP103206,8000,0,Business,45,Single,0.0,565.0,0,5.8,7900.0,151000.0,155000,360,Home,Rural,Postgraduate,Male,Private,0
APP103207,8000,0,Self-Employed,38,Single,1.0,640.0,0,5.0,192200.0,71000.0,61000,180,Home,Rural,Postgraduate,Male,Self,1
APP103208,8000,0,Salaried,42,Married,1.0,706.0,0,12.4,16500.0,236000.0,217000,240,Home,Semi-Urban,Postgraduate,Male,Private,1
APP103209,8000,0,Self-Employed,40,Single,3.0,723.0,0,20.5,7000.0,0.0,216000,120,Business,Rural,Undergraduate,Male,Private,0
APP103210,8000,0,Salaried,31,Single,0.0,709.0,0,5.0,9000.0,165000.0,156000,360,Home,Urban,Graduate,Male,Govt,1
APP103211,8000,0,Self-Employed,35,Married,0.0,519.0,0,12.8,9700.0,246000.0,190000,180,Home,Semi-Urban,Graduate,Female,Private,0
APP103212,8000,3000,Salaried,43,Married,3.0,684.0,1,6.7,43000.0,195000.0,182000,240,Home,Semi-Urban,Graduate,Male,Private,1
APP103213,8000,3000,Self-Employed,43,Single,0.0,702.0,1,9.3,,186000.0,222000,240,Home,Semi-Urban,Postgraduate,Male,Private,1
APP103214,13000,3000,Salaried,50,Married,2.0,711.0,0,14.7,7500.0,320000.0,333000,120,Home,Rural,Postgraduate,Male,Private,1
APP103215,8000,4300,Salaried,56,Married,0.0,682.0,0,47.4,1500.0,64000.0,178000,36,Personal,Rural,Graduate,Male,Private,0
APP103216,8000,3000,Salaried,32,Married,0.0,,0,6.6,3900.0,357000.0,320000,360,Home,Urban,Postgraduate,Male,Private,1
APP103217,8000,0,Salaried,39,Single,0.0,597.0,0,31.6,8600.0,61000.0,164000,60,Personal,Urban,Graduate,Male,Private,0
APP103218,8000,3000,Self-Employed,36,Single,2.0,789.0,0,9.0,7100.0,414000.0,328000,360,Home,Urban,Graduate,Male,Govt,1
APP103219,8000,3000,Self-Employed,26,Married,0.0,610.0,0,7.4,24200.0,74000.0,180000,240,Education,Semi-Urban,Postgraduate,Female,Private,1
APP103220,8000,0,Salaried,43,Married,0.0,607.0,1,5.8,6400.0,16000.0,54000,120,Personal,Urban,Graduate,Female,Private,1
APP103221,8000,0,Salaried,45,Single,0.0,637.0,2,6.1,18700.0,137000.0,106000,180,Home,Rural,Postgraduate,Male,Private,1
APP103222,8000,3200,Salaried,27,Single,0.0,,1,10.3,1900.0,68000.0,242000,240,Education,Urban,Undergraduate,Male,Govt,0
APP103223,8000,0,Salaried,34,Single,1.0,737.0,0,12.2,4800.0,189000.0,223000,240,Home,Urban,Undergraduate,Female,Private,1
APP103224,8000,0,Salaried,33,Married,0.0,557.0,1,6.4,16200.0,,166000,360,Home,Semi-Urban,Graduate,Male,Private,1
APP103225,8000,3000,Business,22,Married,0.0,769.0,1,27.6,64000.0,0.0,191000,60,Personal,Semi-Urban,Graduate,Male,Self,0
APP103226,8000,0,Salaried,37,Married,0.0,534.0,3,5.0,7000.0,0.0,64000,360,Personal,Urban,Postgraduate,Male,Private,0
APP103227,8000,3000,Salaried,26,Single,2.0,654.0,0,8.6,18600.0,24000.0,104000,120,Personal,Semi-Urban,Undergraduate,Male,Govt,0
APP103228,8000,0,Salaried,39,Married,0.0,694.0,2,5.0,30800.0,56000.0,58000,360,Home,Semi-Urban,Undergraduate,Male,Govt,1
APP103229,8000,3600,Salaried,40,Married,1.0,751.0,0,43.3,21000.0,219000.0,268000,60,Home,Urban,Graduate,Male,Govt,1
APP103230,8000,3000,Salaried,41,Married,0.0,651.0,1,90.0,17100.0,359000.0,285000,12,Home,Urban,Graduate,Male,Private,0
APP103231,8000,3000,Self-Employed,42,Married,0.0,616.0,0,5.0,5700.0,12000.0,109000,180,Personal,Semi-Urban,Postgraduate,Male,Govt,1
APP103232,8000,0,Salaried,53,Single,2.0,807.0,0,10.2,37000.0,15000.0,110000,120,Education,Urban,Postgraduate,Female,Private,1
APP103233,8000,3000,Salaried,29,Married,3.0,672.0,3,5.0,2200.0,173000.0,192000,360,Home,Rural,Graduate,Male,Private,0
APP103234,8500,0,Salaried,30,Single,0.0,656.0,1,26.2,2300.0,0.0,80000,36,Personal,Semi-Urban,Graduate,Male,Self,0
APP103235,8000,0,Salaried,44,Single,1.0,492.0,3,90.0,52400.0,160000.0,128000,12,Home,Urban,Postgraduate,Male,Private,0
APP103236,8000,0,Salaried,36,Married,1.0,689.0,1,90.0,11600.0,62000.0,234000,12,Business,Urban,Graduate,Female,Private,0
APP103237,8000,3000,Business,49,Single,2.0,671.0,1,33.0,2300.0,224000.0,256000,60,Home,Urban,Graduate,Female,Private,0
APP103238,8000,3000,Self-Employed,43,Single,2.0,549.0,1,6.2,1900.0,45000.0,110000,180,Personal,Semi-Urban,Graduate,Male,Private,0
APP103239,8000,3000,Self-Employed,57,Single,1.0,601.0,1,5.0,1900.0,46000.0,92000,180,Education,Semi-Urban,Graduate,Male,Self,1
APP103240,8000,0,Salaried,37,Married,3.0,680.0,1,12.9,62000.0,72000.0,133000,120,Business,Rural,Postgraduate,Female,Private,1
APP103241,8000,3000,Salaried,23,Married,3.0,722.0,0,72.5,7500.0,291000.0,327000,36,Home,Urban,Graduate,Female,Private,0
APP103242,8000,0,Salaried,41,Married,1.0,588.0,0,42.1,4800.0,0.0,200000,60,Education,Urban,Graduate,Male,Private,0
APP103243,8000,3000,Self-Employed,37,Single,1.0,589.0,0,21.9,41300.0,176000.0,143000,60,Home,Urban,Graduate,Male,Self,1
APP103244,8000,0,Self-Employed,43,Single,1.0,690.0,0,5.0,10400.0,31000.0,53000,240,Business,Urban,Graduate,Male,Private,1
APP103245,8000,0,Salaried,44,Single,0.0,604.0,0,6.1,5800.0,61000.0,127000,240,Business,Semi-Urban,Postgraduate,Female,Self,1
APP103246,8000,0,Salaried,32,Married,1.0,653.0,1,5.0,23400.0,67000.0,79000,240,Home,Rural,Graduate,Male,Govt,1
APP103247,8000,0,Salaried,27,Married,1.0,839.0,0,5.0,14700.0,21000.0,83000,360,Personal,Semi-Urban,Postgraduate,Male,Private,1
APP103248,8000,0,Business,36,Married,0.0,668.0,1,5.0,14800.0,41000.0,79000,360,Personal,Rural,Graduate,Female,Self,1
APP103249,8000,0,Self-Employed,21,Married,2.0,772.0,0,15.1,6200.0,155000.0,186000,180,Home,Urban,Graduate,Female,Private,1
APP103250,8000,0,Salaried,38,Single,3.0,559.0,1,5.0,3300.0,50000.0,55000,120,Home,Urban,Graduate,Female,Self,0
APP103251,8000,0,Salaried,33,Married,0.0,602.0,1,6.5,2900.0,88000.0,156000,360,Business,Urban,Graduate,Female,Govt,0
APP103252,8000,0,Self-Employed,46,Married,2.0,600.0,1,11.0,9000.0,36000.0,192000,240,Education,Urban,Postgraduate,Male,Self,0
APP103253,8000,0,Salaried,21,Married,0.0,580.0,0,16.9,8200.0,88000.0,78000,60,Home,Semi-Urban,Graduate,Male,Private,0
APP103254,8000,0,Salaried,38,Married,1.0,512.0,1,13.4,13100.0,246000.0,219000,180,Home,Urban,Undergraduate,Male,Govt,0
APP103255,8000,0,Salaried,53,Married,1.0,689.0,1,5.0,5300.0,67000.0,63000,360,Home,Rural,Graduate,Female,Self,1
APP103256,8000,0,Self-Employed,44,Married,1.0,690.0,3,7.0,29200.0,101000.0,179000,360,Personal,Rural,Graduate,Male,Private,0
APP103257,8000,0,Salaried,47,Married,1.0,586.0,1,15.2,2200.0,82000.0,81000,60,Home,Urban,Graduate,Female,Govt,0
APP103258,8000,3000,Salaried,41,Married,2.0,604.0,1,5.7,12300.0,0.0,279000,360,Education,Semi-Urban,Undergraduate,Male,Govt,0
APP103259,8000,0,Business,21,Married,1.0,671.0,2,5.4,3300.0,196000.0,158000,360,Home,Semi-Urban,Graduate,Female,Private,1
APP103260,8000,3000,Salaried,39,Single,1.0,681.0,0,31.0,6400.0,266000.0,222000,60,Home,Urban,Graduate,Male,Self,1
APP103261,8000,0,Salaried,42,Married,1.0,764.0,1,5.0,3200.0,126000.0,114000,360,Home,Rural,Graduate,Male,Govt,1
APP103262,8000,0,Salaried,27,Single,3.0,782.0,0,5.0,5600.0,22000.0,102000,360,Business,Urban,Graduate,Female,Private,1
APP103263,8000,0,Salaried,36,Single,0.0,603.0,2,90.0,2800.0,124000.0,137000,12,Home,Semi-Urban,Undergraduate,Male,Govt,0
APP103264,8000,0,Self-Employed,21,Married,0.0,665.0,1,10.7,3000.0,21000.0,193000,240,Personal,Urban,Postgraduate,Female,Private,1
APP103265,8000,0,Salaried,34,Single,2.0,581.0,1,6.9,21200.0,91000.0,80000,120,Home,Urban,Undergraduate,Male,Govt,0
APP103266,8000,3000,Salaried,33,Married,2.0,815.0,0,12.4,2000.0,0.0,281000,240,Education,Semi-Urban,Postgraduate,Female,Private,1
APP103267,8000,0,Self-Employed,52,Single,3.0,695.0,1,5.0,15500.0,180000.0,140000,360,Home,Rural,Postgraduate,Male,Govt,1
APP103268,8000,3000,Self-Employed,31,Single,0.0,769.0,0,11.0,19000.0,72000.0,185000,180,Personal,Urban,Graduate,Male,Private,1
APP103269,8000,0,Self-Employed,35,Single,2.0,639.0,1,6.1,16800.0,0.0,51000,120,Business,Urban,Postgraduate,Female,Self,0
APP103270,8000,0,Salaried,37,Married,2.0,771.0,0,5.0,7900.0,71000.0,72000,360,Home,Semi-Urban,Graduate,Male,Private,1
APP103271,8000,3000,Salaried,32,Married,2.0,746.0,0,5.0,2700.0,172000.0,180000,360,Home,Urban,Graduate,Male,Govt,1
APP103272,8000,0,Self-Employed,45,Married,1.0,795.0,0,88.4,1700.0,0.0,236000,36,Personal,Semi-Urban,Postgraduate,Male,Private,0
APP103273,8000,3500,Salaried,21,Single,0.0,559.0,0,5.0,2500.0,141000.0,138000,360,Home,Rural,Undergraduate,Male,Self,0
APP103274,8000,3000,Business,49,Single,1.0,686.0,0,17.1,2500.0,21000.0,69000,36,Personal,Rural,Postgraduate,Male,Govt,1
APP103275,8000,4100,Business,37,Married,1.0,778.0,0,12.5,10700.0,253000.0,199000,120,Home,Semi-Urban,Postgraduate,Female,Govt,1
APP103276,8000,0,Business,51,Married,1.0,595.0,0,5.0,2000.0,0.0,51000,240,Personal,Rural,Graduate,Male,Govt,0
APP103277,8000,0,Salaried,21,Single,2.0,710.0,2,5.4,6600.0,14000.0,113000,240,Personal,Semi-Urban,Graduate,Male,Private,1
APP103278,8000,0,Salaried,21,Married,1.0,731.0,0,6.2,8400.0,98000.0,116000,240,Home,Rural,Graduate,Male,Private,1
APP103279,8000,3000,Self-Employed,35,Single,0.0,735.0,1,48.9,6000.0,0.0,67000,12,Personal,Urban,Postgraduate,Male,Private,0
APP103280,8000,3000,Salaried,43,Single,1.0,710.0,0,74.3,6200.0,0.0,272000,36,Education,Semi-Urban,Undergraduate,Male,Private,0
APP103281,8000,0,Salaried,32,Married,0.0,719.0,2,8.8,29000.0,253000.0,223000,360,Home,Rural,Graduate,Female,Private,1
APP103282,8000,0,Business,43,Single,0.0,710.0,1,73.7,13400.0,100000.0,240000,36,Education,Semi-Urban,Graduate,Female,Self,0
APP103283,8000,0,Business,47,Married,1.0,770.0,2,41.7,16400.0,46000.0,146000,36,Education,Rural,Graduate,Male,Private,1
APP103284,8000,0,Salaried,44,Married,2.0,615.0,0,5.0,5600.0,113000.0,107000,360,Home,Urban,Undergraduate,Male,Self,1
APP103285,8000,3000,Salaried,39,Single,2.0,694.0,2,11.1,17800.0,45000.0,255000,240,Business,Rural,Postgraduate,Female,Private,0
APP103286,8000,3000,Salaried,38,Single,1.0,789.0,0,17.8,11000.0,25000.0,260000,120,Personal,Semi-Urban,Graduate,Male,Govt,1
APP103287,8000,0,Business,31,Married,2.0,601.0,1,21.8,10000.0,142000.0,121000,60,Home,Urban,Undergraduate,Male,Private,0
APP103288,8000,3000,Business,37,Married,0.0,609.0,1,6.4,5500.0,13000.0,215000,360,Business,Urban,Undergraduate,Male,Self,0
APP103289,8000,0,Salaried,27,Married,3.0,703.0,3,6.4,10300.0,230000.0,206000,360,Home,Urban,Graduate,Male,Private,1
APP103290,8000,0,Salaried,30,Married,3.0,804.0,0,77.8,66700.0,11000.0,84000,12,Personal,Rural,Undergraduate,Female,Self,1
APP103291,8000,0,Business,43,Married,1.0,667.0,0,5.0,14800.0,57000.0,52000,180,Home,Semi-Urban,Graduate,Female,Private,1
APP103292,8000,3000,Salaried,33,Married,0.0,680.0,1,28.8,44800.0,0.0,208000,60,Personal,Rural,Graduate,Male,Private,0
APP103293,8000,3000,Salaried,30,Married,1.0,688.0,3,6.9,1200.0,101000.0,241000,360,Personal,Semi-Urban,Graduate,Male,Self,0
APP103294,8000,0,Business,42,Married,0.0,636.0,0,16.9,8700.0,41000.0,158000,120,Personal,Rural,Undergraduate,Female,Self,0
APP103295,8000,0,Salaried,41,Married,1.0,877.0,0,7.1,18400.0,148000.0,162000,240,Home,Semi-Urban,Postgraduate,Female,Private,1
APP103296,8000,0,Self-Employed,35,Single,0.0,596.0,0,10.1,11900.0,,123000,180,Home,Urban,Graduate,Male,Private,0
APP103297,8000,0,Salaried,36,Single,1.0,688.0,0,12.2,13600.0,103000.0,173000,180,Education,Urban,Undergraduate,Male,Govt,1
APP103298,8000,3000,Salaried,42,Married,0.0,689.0,0,5.0,5500.0,86000.0,77000,360,Home,Rural,Graduate,Male,Private,1
APP103299,8000,0,Business,47,Married,0.0,467.0,2,6.0,27200.0,96000.0,77000,180,Home,Urban,Postgraduate,Female,Private,0
APP103300,8000,3000,Salaried,40,Married,0.0,604.0,0,5.0,1600.0,7000.0,183000,360,Personal,Urban,Postgraduate,Female,Govt,0
APP103301,8000,0,Business,26,Married,0.0,550.0,1,27.6,7000.0,86000.0,229000,120,Business,Urban,Graduate,Male,Private,0
APP103302,8000,0,Self-Employed,35,Married,2.0,744.0,0,38.7,9200.0,148000.0,172000,60,Home,Urban,Graduate,Female,Private,1
APP103303,8000,0,Salaried,33,Single,0.0,511.0,2,8.6,4600.0,135000.0,116000,180,Home,Rural,Undergraduate,Male,Self,0
APP103304,8000,0,Salaried,27,Single,1.0,756.0,1,8.8,8300.0,60000.0,136000,180,Business,Semi-Urban,Graduate,Male,Private,1
APP103305,8000,0,Salaried,42,Single,1.0,565.0,1,17.4,1100.0,65000.0,210000,180,Business,Semi-Urban,Postgraduate,Male,Private,0
APP103306,8000,0,Salaried,43,Married,0.0,758.0,1,5.6,2200.0,16000.0,152000,360,Education,Rural,Postgraduate,Male,Self,1
APP103307,8000,0,Salaried,45,Single,0.0,530.0,3,5.0,28900.0,50000.0,57000,180,Home,Semi-Urban,Postgraduate,Male,Govt,0
APP103308,8600,3000,Salaried,28,Single,1.0,718.0,0,5.0,10300.0,31000.0,186000,360,Personal,Rural,Graduate,Male,Private,1
APP103309,8000,0,Salaried,39,Married,3.0,748.0,2,8.7,5500.0,49000.0,123000,180,Personal,Urban,Graduate,Male,Private,1
APP103310,8000,0,Self-Employed,37,Married,1.0,731.0,0,49.1,21600.0,187000.0,221000,60,Home,Rural,Graduate,Male,Govt,1
APP103311,8000,0,Self-Employed,41,Married,1.0,562.0,1,35.2,32400.0,9000.0,107000,36,Personal,Urban,Undergraduate,Male,Private,0
APP103312,8000,0,Self-Employed,39,Married,2.0,781.0,0,5.0,49500.0,1000.0,60000,360,Personal,Semi-Urban,Graduate,Male,Govt,1
APP103313,8000,3000,Salaried,37,Single,2.0,729.0,0,45.2,1200.0,0.0,160000,36,Education,Semi-Urban,Graduate,Male,Govt,0
APP103314,8000,0,Salaried,36,Married,3.0,459.0,1,20.6,32300.0,30000.0,56000,36,Personal,Urban,Undergraduate,Male,Govt,0
APP103315,8000,3000,Self-Employed,49,Married,1.0,665.0,3,77.5,2500.0,165000.0,286000,36,Education,Urban,Undergraduate,Male,Self,0
APP103316,8000,0,Salaried,29,Married,0.0,900.0,0,15.1,11000.0,46000.0,161000,120,Personal,Urban,Graduate,Female,Private,1
APP103317,8000,0,Salaried,36,Married,2.0,772.0,1,8.2,14900.0,21000.0,138000,180,Personal,Urban,Undergraduate,Female,Private,1
APP103318,8000,0,Business,48,Single,0.0,619.0,2,90.0,40500.0,,117000,12,Home,Semi-Urban,Postgraduate,Female,Private,0
APP103319,8000,0,Self-Employed,29,Married,1.0,728.0,0,8.0,13000.0,13000.0,128000,180,Personal,Rural,Graduate,Male,Private,1
APP103320,8000,3100,Salaried,30,Single,1.0,644.0,0,23.0,10700.0,136000.0,276000,120,Personal,Semi-Urban,Graduate,Male,Private,1
APP103321,8000,0,Salaried,45,Married,1.0,763.0,1,5.0,,43000.0,83000,240,Business,Semi-Urban,Postgraduate,Female,Private,1
APP103322,8000,3000,Self-Employed,23,Married,2.0,606.0,0,5.0,1500.0,16000.0,85000,360,Education,Urban,Undergraduate,Male,Govt,0
APP103323,8000,0,Self-Employed,44,Married,0.0,780.0,1,7.1,3400.0,163000.0,156000,240,Home,Urban,Graduate,Male,Private,1
APP103324,8000,0,Self-Employed,33,Single,3.0,762.0,0,17.1,33100.0,0.0,213000,180,Business,Semi-Urban,Graduate,Male,Govt,1
APP103325,8000,0,Self-Employed,42,Married,0.0,737.0,0,34.2,8400.0,0.0,156000,60,Personal,Rural,Graduate,Female,Govt,0
APP103326,8000,0,Business,25,Married,0.0,858.0,1,6.7,42700.0,118000.0,201000,360,Business,Rural,Postgraduate,Male,Self,1
APP103327,8000,0,Salaried,49,Married,1.0,738.0,4,24.8,4000.0,185000.0,219000,120,Home,Urban,Graduate,Female,Private,0
APP103328,8000,0,Salaried,25,Married,3.0,771.0,0,7.4,17800.0,78000.0,63000,120,Home,Semi-Urban,Graduate,Female,Private,1
APP103329,8000,3000,Self-Employed,45,Single,1.0,773.0,1,5.0,9600.0,272000.0,222000,360,Home,Semi-Urban,Postgraduate,Male,Private,1
APP103330,8000,3000,Self-Employed,26,Married,1.0,736.0,1,8.2,29600.0,122000.0,286000,360,Business,Semi-Urban,Undergraduate,Female,Private,1
APP103331,8000,0,Self-Employed,56,Married,1.0,705.0,2,7.0,6500.0,8000.0,172000,360,Business,Semi-Urban,Postgraduate,Male,Private,0
APP103332,8000,0,Salaried,37,Married,0.0,619.0,0,5.0,7100.0,0.0,162000,360,Personal,Rural,Graduate,Female,Private,0
APP103333,8000,0,Salaried,57,Single,1.0,588.0,4,6.4,27400.0,244000.0,199000,360,Home,Urban,Graduate,Male,Private,0
APP103334,8000,0,Business,29,Married,0.0,718.0,0,8.3,1000.0,153000.0,184000,240,Home,Rural,Graduate,Female,Self,1
APP103335,8000,0,Self-Employed,33,Single,3.0,702.0,4,29.2,7000.0,76000.0,144000,60,Personal,Urban,Undergraduate,Male,Self,0
APP103336,8000,3000,Business,50,Single,0.0,665.0,2,5.0,1500.0,9000.0,78000,360,Personal,Semi-Urban,Undergraduate,Female,Private,0
APP103337,8000,0,Self-Employed,23,Married,0.0,620.0,2,5.4,7900.0,0.0,166000,360,Personal,Rural,Graduate,Male,Self,0
APP103338,8000,0,Self-Employed,31,Married,1.0,651.0,2,16.6,5300.0,81000.0,89000,60,Home,Semi-Urban,Graduate,Male,Private,1
APP103339,8000,3000,Self-Employed,42,Married,,659.0,2,5.4,14800.0,0.0,133000,180,Education,Urban,Postgraduate,Female,Private,0
APP103340,8000,0,Business,27,Single,1.0,688.0,2,49.9,12900.0,215000.0,178000,36,Home,Urban,Postgraduate,Female,Govt,1
APP103341,8000,0,Self-Employed,43,Married,0.0,644.0,2,5.0,6100.0,0.0,135000,360,Personal,Semi-Urban,Graduate,Male,Private,0
APP103342,8000,3000,Self-Employed,39,Married,0.0,776.0,1,12.9,3100.0,34000.0,255000,180,Education,Urban,Undergraduate,Male,Self,1
APP103343,8000,3000,Salaried,22,Single,2.0,646.0,3,21.0,8800.0,83000.0,170000,60,Business,Semi-Urban,Undergraduate,Male,Self,0
APP103344,8000,3700,Salaried,47,Married,1.0,622.0,0,48.4,29900.0,25000.0,315000,60,Personal,Urban,Postgraduate,Female,Self,0
APP103345,8000,0,Self-Employed,25,Married,,664.0,1,5.0,3000.0,13000.0,130000,360,Education,Rural,Undergraduate,Female,Govt,1
APP103346,8000,3000,Salaried,45,Married,1.0,572.0,1,7.4,1800.0,224000.0,196000,240,Home,Urban,Undergraduate,Female,Private,0
APP103347,8000,3000,Salaried,39,Married,1.0,845.0,2,7.2,1300.0,0.0,99000,120,Business,Semi-Urban,Undergraduate,Male,Private,0
APP103348,8000,3000,Salaried,33,Married,2.0,730.0,1,11.6,1700.0,184000.0,199000,180,Home,Semi-Urban,Undergraduate,Male,Private,1
APP103349,8000,3000,Salaried,26,Married,1.0,678.0,0,33.6,8000.0,113000.0,129000,36,Home,Semi-Urban,Graduate,Male,Private,1
APP103350,8000,0,Salaried,41,Single,0.0,799.0,1,76.0,2000.0,76000.0,194000,36,Business,Urban,Graduate,Female,Private,0
APP103351,8000,0,Salaried,29,Married,1.0,661.0,0,15.4,5600.0,28000.0,185000,180,Personal,Semi-Urban,Undergraduate,Male,Private,1
APP103352,8000,3000,Business,50,Single,0.0,668.0,1,5.0,12900.0,40000.0,70000,180,Personal,Semi-Urban,Undergraduate,Female,Private,1
APP103353,8000,0,Salaried,50,Single,1.0,600.0,2,12.3,1000.0,152000.0,143000,120,Home,Urban,Undergraduate,Male,Private,1
APP103354,8000,3000,Salaried,54,Married,1.0,579.0,2,5.0,21700.0,6000.0,78000,180,Business,Rural,Graduate,Male,Govt,1
APP103355,8000,0,Salaried,40,Single,0.0,682.0,2,57.4,33800.0,184000.0,157000,36,Home,Rural,Postgraduate,Male,Self,0
APP103356,8000,3000,Self-Employed,33,Married,2.0,767.0,1,8.1,52300.0,289000.0,304000,360,Home,Urban,Graduate,Male,Govt,1
APP103357,8000,0,Salaried,35,Single,0.0,600.0,0,41.3,35400.0,238000.0,214000,60,Home,Semi-Urban,Postgraduate,Male,Govt,0
APP103358,8000,3000,Business,34,Single,3.0,650.0,1,27.6,90500.0,109000.0,130000,36,Home,Semi-Urban,Graduate,Male,Self,0
APP103359,8000,0,Self-Employed,40,Married,0.0,653.0,1,17.0,10200.0,0.0,75000,60,Business,Urban,Graduate,Male,Self,0
APP103360,8000,3000,Self-Employed,42,Married,3.0,749.0,0,70.6,18100.0,80000.0,275000,36,Personal,Urban,Graduate,Female,Private,0
APP103361,8000,3000,Salaried,50,Married,1.0,641.0,0,31.8,6300.0,29000.0,210000,60,Personal,Rural,Postgraduate,Male,Govt,1
APP103362,8000,0,Self-Employed,38,Married,0.0,731.0,2,14.7,15700.0,13000.0,129000,120,Business,Semi-Urban,Graduate,Male,Private,0
APP103363,8000,0,Salaried,23,Married,0.0,736.0,1,12.7,9300.0,184000.0,204000,240,Home,Rural,Graduate,Male,Self,1
APP103364,8000,3000,Business,33,Married,0.0,612.0,1,22.1,1500.0,160000.0,133000,60,Home,Semi-Urban,Graduate,Male,Self,0
APP103365,8000,3000,Self-Employed,53,Single,0.0,645.0,1,11.1,1800.0,4000.0,125000,120,Personal,Urban,Graduate,Female,Private,1
APP103366,8000,0,Salaried,22,Married,0.0,679.0,1,5.5,49500.0,50000.0,165000,360,Personal,Urban,Undergraduate,Male,Private,1
APP103367,8000,3000,Salaried,45,Single,0.0,640.0,0,24.2,9500.0,20000.0,138000,60,Education,Semi-Urban,Graduate,Female,Govt,0
APP103368,8000,3000,Salaried,34,Single,0.0,575.0,3,7.4,33500.0,,179000,240,Home,Semi-Urban,Graduate,Male,Govt,1
APP103369,8000,3000,Self-Employed,29,Married,1.0,813.0,0,26.7,4600.0,0.0,186000,60,Education,Urban,Undergraduate,Male,Private,1
APP103370,8000,0,Salaried,41,Single,0.0,511.0,1,18.2,3300.0,103000.0,87000,60,Home,Semi-Urban,Postgraduate,Male,Govt,0
APP103371,8000,3000,Self-Employed,53,Married,1.0,692.0,1,5.0,7400.0,89000.0,82000,180,Home,Rural,Postgraduate,Male,Self,1
APP103372,8000,0,Salaried,41,Married,0.0,786.0,2,33.8,17800.0,226000.0,195000,60,Home,Rural,Postgraduate,Male,Govt,0
APP103373,8000,0,Self-Employed,35,Single,3.0,607.0,0,6.8,32600.0,159000.0,198000,360,Home,Urban,Undergraduate,Female,Private,0
APP103374,8000,0,Business,25,Married,1.0,658.0,3,67.8,9800.0,84000.0,163000,36,Education,Urban,Graduate,Male,Govt,0
APP103375,8000,0,Self-Employed,37,Married,1.0,745.0,2,6.1,15600.0,63000.0,77000,180,Home,Rural,Undergraduate,Male,Private,1
APP103376,8000,0,Self-Employed,24,Single,0.0,390.0,2,5.8,7000.0,67000.0,139000,240,Business,Rural,Undergraduate,Male,Govt,0
APP103377,8000,0,Salaried,34,Single,1.0,667.0,1,33.8,34700.0,0.0,82000,36,Business,Urban,Postgraduate,Male,Self,0
APP103378,8000,3000,Salaried,37,Single,0.0,522.0,2,11.2,35300.0,108000.0,299000,240,Personal,Rural,Postgraduate,Male,Private,0
APP103379,8000,3000,Self-Employed,21,Single,3.0,758.0,1,11.0,3700.0,5000.0,250000,180,Business,Urban,Postgraduate,Male,Govt,1
APP103380,8000,3000,Salaried,51,Married,2.0,600.0,1,5.0,11900.0,0.0,74000,240,Business,Urban,Graduate,Male,Self,0
APP103381,8000,0,Salaried,25,Married,1.0,824.0,2,5.0,3000.0,10000.0,50000,360,Education,Urban,Graduate,Male,Private,1
APP103382,8000,0,Salaried,36,Single,2.0,586.0,1,28.1,18300.0,124000.0,237000,120,Education,Urban,Undergraduate,Female,Self,0
APP103383,8000,0,Salaried,43,Married,1.0,720.0,0,5.0,5500.0,0.0,56000,180,Business,Rural,Postgraduate,Female,Self,0
APP103384,8000,0,Salaried,51,Married,0.0,601.0,0,39.9,3700.0,95000.0,214000,60,Personal,Semi-Urban,Graduate,Male,Self,0
APP103385,8000,3000,Business,30,Married,2.0,650.0,1,43.2,1100.0,339000.0,318000,60,Home,Urban,Undergraduate,Male,Govt,0
APP103386,8000,0,Salaried,21,Single,0.0,655.0,3,90.0,23900.0,20000.0,107000,12,Personal,Rural,Postgraduate,Female,Govt,0
APP103387,8000,0,Self-Employed,48,Married,1.0,658.0,3,5.0,9800.0,161000.0,152000,360,Home,Rural,Graduate,Male,Self,1
APP103388,8000,0,Salaried,25,Single,0.0,812.0,2,17.4,10400.0,211000.0,172000,120,Home,Urban,Postgraduate,Male,Private,1
APP103389,8000,0,Self-Employed,41,Married,0.0,808.0,0,90.0,18600.0,184000.0,148000,12,Home,Semi-Urban,Postgraduate,Male,Private,0
APP103390,8000,0,Salaried,42,Married,1.0,604.0,1,90.0,,102000.0,89000,12,Home,Semi-Urban,Graduate,Male,Self,0
APP103391,8000,0,Business,21,Married,0.0,683.0,0,32.1,3200.0,181000.0,160000,60,Home,Semi-Urban,Undergraduate,Male,Private,0
APP103392,8000,3000,Business,21,Married,1.0,575.0,0,90.0,14000.0,67000.0,134000,12,Business,Semi-Urban,Graduate,Female,Private,0
APP103393,8000,9800,Salaried,33,Single,1.0,554.0,0,7.8,25800.0,153000.0,177000,120,Home,Urban,Graduate,Female,Self,1
APP103394,8000,0,Business,21,Married,3.0,619.0,0,48.1,13800.0,130000.0,145000,36,Home,Urban,Graduate,Female,Self,0
APP103395,8000,0,Business,24,Married,0.0,831.0,0,90.0,40200.0,124000.0,119000,12,Home,Rural,Postgraduate,Female,Private,0
APP103396,8000,0,Business,39,Married,2.0,520.0,1,5.0,14200.0,11000.0,53000,240,Personal,Rural,Graduate,Male,Private,0
APP103397,8000,0,Business,37,Married,2.0,731.0,0,8.9,13500.0,5000.0,230000,360,Business,Urban,Graduate,Male,Private,1
APP103398,8000,3000,Salaried,41,Married,0.0,721.0,0,5.1,18400.0,87000.0,76000,120,Home,Urban,Undergraduate,Female,Private,1
APP103399,8000,0,Self-Employed,42,Married,2.0,613.0,0,6.6,6400.0,259000.0,221000,360,Home,Rural,Graduate,Female,Govt,1
APP103400,8000,0,Salaried,21,Single,0.0,738.0,0,74.2,2300.0,0.0,84000,12,Education,Urban,Undergraduate,Male,Private,0
APP103401,8000,0,Salaried,25,Single,0.0,721.0,2,5.0,8300.0,35000.0,75000,240,Personal,Urban,Postgraduate,Female,Private,1
APP103402,8000,0,Business,45,Married,0.0,676.0,0,24.0,16500.0,57000.0,61000,36,Home,Urban,Undergraduate,Male,Private,0
APP103403,8000,3000,Salaried,53,Married,2.0,666.0,0,5.0,3400.0,167000.0,178000,360,Home,Semi-Urban,Postgraduate,Male,Self,1
APP103404,8000,3000,Self-Employed,28,Married,,649.0,1,5.1,2000.0,30000.0,221000,360,Education,Urban,Graduate,Male,Private,0
APP103405,8000,3000,Business,40,Married,0.0,604.0,0,10.1,3900.0,311000.0,305000,240,Home,Semi-Urban,Graduate,Male,Private,1
APP103406,8000,0,Business,46,Single,1.0,686.0,1,7.6,30800.0,7000.0,198000,360,Business,Urban,Undergraduate,Male,Private,1
APP103407,8000,0,Business,40,Single,0.0,634.0,0,5.5,13300.0,82000.0,79000,180,Home,Rural,Undergraduate,Male,Self,1
APP103408,8000,0,Salaried,35,Married,1.0,694.0,0,14.1,7100.0,89000.0,80000,60,Home,Rural,Graduate,Male,Private,1
APP103409,8000,3000,Salaried,31,Single,0.0,625.0,0,5.0,3100.0,0.0,68000,240,Business,Rural,Postgraduate,Male,Private,0
APP103410,8000,3000,Salaried,57,Married,0.0,620.0,0,18.4,10700.0,0.0,248000,120,Business,Rural,Graduate,Male,Govt,0
APP103411,8000,3000,Salaried,38,Married,1.0,630.0,0,50.6,9800.0,75000.0,71000,12,Home,Semi-Urban,Undergraduate,Female,Private,0
APP103412,8000,0,Salaried,41,Married,1.0,786.0,1,5.0,12800.0,11000.0,75000,180,Business,Urban,Undergraduate,Male,Self,1
APP103413,8000,0,Salaried,41,Married,2.0,548.0,1,8.2,99100.0,0.0,170000,240,Personal,Urban,Undergraduate,Male,Self,0
APP103414,8000,0,Self-Employed,29,Single,1.0,831.0,1,87.9,13300.0,72000.0,77000,12,Home,Urban,Undergraduate,Male,Private,0
APP103415,8000,0,Self-Employed,38,Married,3.0,749.0,0,5.0,4000.0,44000.0,77000,240,Education,Urban,Undergraduate,Male,Private,1
APP103416,8000,3000,Salaried,34,Married,0.0,531.0,1,5.0,2000.0,144000.0,128000,240,Home,Semi-Urban,Graduate,Female,Self,0
APP103417,8000,3000,Self-Employed,34,Single,1.0,595.0,4,26.7,4600.0,138000.0,168000,60,Home,Rural,Undergraduate,Male,Self,0
APP103418,8000,0,Salaried,41,Single,,533.0,0,5.0,5100.0,51000.0,50000,120,Home,Semi-Urban,Postgraduate,Female,Private,0
APP103419,8000,0,Salaried,28,Single,2.0,738.0,0,5.8,18600.0,55000.0,191000,360,Personal,Semi-Urban,Undergraduate,Male,Private,1
APP103420,8000,3000,Self-Employed,25,Single,3.0,778.0,2,6.9,4400.0,39000.0,270000,360,Business,Semi-Urban,Postgraduate,Male,Private,1
APP103421,8000,0,Self-Employed,43,Married,1.0,700.0,0,13.7,3000.0,20000.0,118000,120,Education,Urban,Graduate,Male,Govt,0
APP103422,8000,3000,Self-Employed,32,Single,0.0,773.0,2,20.4,13900.0,266000.0,277000,120,Home,Rural,Postgraduate,Male,Private,1
APP103423,8000,0,Salaried,34,Single,2.0,696.0,0,41.2,4400.0,26000.0,103000,36,Education,Semi-Urban,Postgraduate,Male,Self,0
APP103424,8000,0,Business,21,Single,0.0,767.0,0,90.0,14400.0,4000.0,237000,12,Personal,Urban,Graduate,Male,Self,0
APP103425,8000,3200,Self-Employed,47,Single,0.0,706.0,0,22.7,3500.0,0.0,174000,60,Personal,Rural,Graduate,Male,Self,0
APP103426,8000,0,Self-Employed,43,Married,1.0,673.0,1,6.6,5100.0,218000.0,176000,360,Home,Semi-Urban,Postgraduate,Male,Govt,0
APP103427,8000,3000,Self-Employed,45,Single,0.0,749.0,0,5.0,4500.0,71000.0,151000,360,Personal,Semi-Urban,Graduate,Female,Private,1
APP103428,8000,0,Business,41,Married,0.0,657.0,1,5.2,12200.0,0.0,135000,360,Education,Semi-Urban,Graduate,Male,Govt,0
APP103429,8000,3000,Self-Employed,22,Married,3.0,779.0,4,16.0,7000.0,101000.0,236000,120,Personal,Semi-Urban,Graduate,Male,Private,1
APP103430,8000,0,Self-Employed,40,Married,0.0,643.0,1,34.2,2400.0,110000.0,115000,36,Home,Urban,Undergraduate,Male,Self,0
APP103431,8000,3000,Business,31,Single,2.0,723.0,1,12.7,2200.0,279000.0,239000,180,Home,Rural,Undergraduate,Male,Private,1
APP103432,8000,0,Self-Employed,28,Married,0.0,608.0,1,5.0,5900.0,43000.0,76000,240,Education,Rural,Graduate,Male,Self,0
APP103433,8000,3000,Salaried,43,Married,0.0,538.0,0,15.1,2000.0,0.0,194000,120,Business,Semi-Urban,Undergraduate,Female,Govt,0
APP103434,8000,3000,Self-Employed,54,Married,0.0,704.0,1,5.0,5400.0,76000.0,138000,240,Personal,Semi-Urban,Postgraduate,Female,Private,1
APP103435,8000,5100,Salaried,52,Single,1.0,493.0,3,10.3,10500.0,221000.0,368000,240,Business,Rural,Graduate,Male,Private,0
APP103436,8000,0,Salaried,44,Married,0.0,857.0,2,12.5,2500.0,227000.0,206000,240,Home,Urban,Graduate,Male,Govt,1
APP103437,8000,3100,Self-Employed,37,Single,2.0,648.0,0,9.9,18900.0,7000.0,196000,180,Education,Rural,Postgraduate,Male,Private,1
APP103438,8000,3000,Business,35,Single,1.0,673.0,0,6.8,32300.0,104000.0,186000,240,Education,Semi-Urban,Graduate,Male,Govt,1
APP103439,8000,0,Business,28,Married,1.0,652.0,0,90.0,23900.0,4000.0,208000,12,Personal,Semi-Urban,Undergraduate,Male,Private,0
APP103440,8000,0,Salaried,35,Married,0.0,684.0,1,7.7,15800.0,96000.0,181000,240,Business,Semi-Urban,Graduate,Male,Self,1
APP103441,8000,0,Salaried,47,Single,0.0,710.0,0,39.9,12400.0,0.0,179000,60,Business,Semi-Urban,Graduate,Male,Self,0
APP103442,8000,3000,Salaried,56,Single,1.0,604.0,0,27.5,10300.0,0.0,211000,60,Personal,Urban,Undergraduate,Female,Self,0
APP103443,8000,0,Business,29,Single,2.0,442.0,1,66.2,11700.0,113000.0,214000,36,Personal,Rural,Graduate,Male,Self,0
APP103444,8000,0,Business,21,Married,1.0,572.0,1,18.5,4400.0,35000.0,84000,60,Business,Semi-Urban,Postgraduate,Male,Self,0
APP103445,8000,0,Self-Employed,32,Single,1.0,628.0,1,6.7,7900.0,22000.0,213000,360,Education,Rural,Graduate,Female,Private,0
APP103446,8000,3000,Business,47,Married,2.0,689.0,2,17.1,9400.0,103000.0,203000,120,Business,Urban,Graduate,Male,Private,0
APP103447,8000,0,Self-Employed,58,Married,0.0,696.0,0,5.8,15400.0,40000.0,167000,360,Business,Semi-Urban,Graduate,Female,Private,1
APP103448,8000,3000,Self-Employed,51,Single,0.0,747.0,0,45.0,1700.0,42000.0,320000,60,Education,Rural,Graduate,Male,Self,0
APP103449,8000,3000,Salaried,50,Married,1.0,516.0,2,30.9,10000.0,0.0,178000,60,Personal,Rural,Graduate,Female,Govt,0
APP103450,8000,3000,Salaried,29,Single,0.0,583.0,2,12.9,23400.0,99000.0,242000,180,Education,Rural,Graduate,Female,Govt,1
APP103451,8000,0,Self-Employed,29,Married,3.0,624.0,2,14.9,4400.0,156000.0,148000,120,Home,Rural,Postgraduate,Male,Self,0
APP103452,8000,0,Self-Employed,24,Single,1.0,817.0,0,11.6,7300.0,0.0,227000,240,Personal,Urban,Postgraduate,Female,Govt,0
APP103453,8000,0,Salaried,31,Married,0.0,900.0,0,13.4,1300.0,161000.0,142000,120,Home,Rural,Graduate,Male,Self,1
APP103454,8000,4200,Business,47,Married,0.0,550.0,1,5.0,8700.0,9000.0,148000,360,Education,Urban,Undergraduate,Female,Private,0
APP103455,8000,0,Salaried,54,Single,1.0,762.0,2,13.5,1800.0,11000.0,141000,120,Business,Urban,Graduate,Male,Private,1
APP103456,8000,3000,Salaried,41,Married,1.0,687.0,0,14.1,4700.0,299000.0,308000,180,Home,Urban,Graduate,Male,Private,1
APP103457,8000,0,Self-Employed,35,Married,3.0,706.0,3,14.0,7700.0,172000.0,144000,120,Home,Rural,Postgraduate,Male,Self,1
APP103458,8000,0,Self-Employed,27,Single,1.0,560.0,0,5.0,4400.0,33000.0,76000,240,Personal,Urban,Graduate,Female,Private,0
APP103459,8000,0,Self-Employed,36,Married,1.0,801.0,0,6.5,6900.0,135000.0,152000,240,Home,Urban,Graduate,Male,Self,1
APP103460,8000,3000,Salaried,40,Single,0.0,480.0,0,10.7,11800.0,85000.0,168000,120,Education,Urban,Graduate,Female,Self,0
APP103461,8000,0,Salaried,23,Married,0.0,561.0,0,39.3,7800.0,0.0,173000,60,Education,Semi-Urban,Undergraduate,Female,Private,0
APP103462,8000,0,Self-Employed,47,Married,1.0,639.0,2,5.0,9300.0,96000.0,94000,240,Home,Rural,Postgraduate,Male,Govt,1
APP103463,8000,0,Self-Employed,33,Single,2.0,626.0,0,5.0,1200.0,103000.0,110000,360,Home,Semi-Urban,Graduate,Female,Private,0
APP103464,8000,0,Salaried,46,Single,1.0,682.0,0,53.8,6900.0,54000.0,147000,36,Business,Semi-Urban,Graduate,Female,Private,0
APP103465,8000,0,Self-Employed,37,Married,1.0,618.0,0,5.0,900.0,82000.0,71000,240,Home,Urban,Undergraduate,Male,Govt,1
APP103466,8000,0,Salaried,40,Married,1.0,647.0,0,5.2,5500.0,49000.0,88000,180,Education,Urban,Postgraduate,Male,Private,0
APP103467,8000,0,Self-Employed,30,Single,1.0,663.0,0,15.5,,83000.0,202000,180,Business,Urban,Graduate,Male,Private,1
APP103468,8000,3000,Business,34,Married,0.0,659.0,0,7.9,20700.0,0.0,314000,360,Business,Semi-Urban,Graduate,Male,Self,0
APP103469,8000,3200,Salaried,44,Married,2.0,693.0,0,10.2,1900.0,364000.0,328000,240,Home,Semi-Urban,Graduate,Male,Private,1
APP103470,8000,0,Salaried,36,Married,,760.0,0,6.9,4700.0,0.0,228000,360,Personal,Urban,Postgraduate,Male,Private,1
APP103471,8000,3000,Self-Employed,26,Married,0.0,580.0,4,17.1,6800.0,53000.0,315000,180,Personal,Rural,Undergraduate,Male,Private,0
APP103472,8000,3000,Self-Employed,39,Married,1.0,801.0,0,49.4,13400.0,129000.0,283000,60,Personal,Rural,Graduate,Male,Self,1
APP103473,8000,3000,Self-Employed,41,Married,0.0,676.0,1,7.9,19000.0,0.0,260000,240,Personal,Urban,Graduate,Male,Private,0
APP103474,8000,0,Business,51,Married,1.0,785.0,1,5.0,41300.0,0.0,93000,360,Education,Urban,Undergraduate,Female,Private,0
APP103475,8000,3000,Business,49,Married,1.0,633.0,2,5.0,3100.0,227000.0,183000,360,Home,Rural,Postgraduate,Female,Self,0
APP103476,8000,0,Business,37,Married,0.0,602.0,0,30.9,10100.0,18000.0,124000,60,Education,Urban,Postgraduate,Male,Private,0
APP103477,8000,0,Salaried,32,Single,2.0,679.0,1,20.8,1400.0,84000.0,188000,120,Personal,Urban,Graduate,Female,Govt,0
APP103478,8000,0,Salaried,35,Married,1.0,900.0,0,9.1,12200.0,0.0,139000,180,Personal,Urban,Postgraduate,Female,Private,0
APP103479,8000,0,Salaried,32,Single,2.0,549.0,1,7.2,13300.0,136000.0,117000,180,Home,Rural,Postgraduate,Female,Self,1
APP103480,8000,3000,Salaried,43,Single,,740.0,0,37.9,8300.0,331000.0,281000,60,Home,Semi-Urban,Graduate,Male,Govt,1
APP103481,8000,3000,Self-Employed,48,Married,1.0,695.0,0,32.8,15600.0,0.0,264000,60,Business,Urban,Undergraduate,Male,Private,0
APP103482,8000,3000,Salaried,50,Single,0.0,708.0,1,7.4,3400.0,202000.0,163000,240,Home,Urban,Undergraduate,Female,Private,1
APP103483,8000,0,Business,33,Married,2.0,571.0,0,8.0,2200.0,115000.0,129000,240,Home,Urban,Postgraduate,Female,Self,0
APP103484,8000,0,Self-Employed,32,Single,1.0,705.0,2,6.1,3100.0,63000.0,219000,360,Personal,Urban,Postgraduate,Female,Private,1
APP103485,8000,4000,Self-Employed,33,Single,1.0,706.0,0,5.9,11700.0,2000.0,283000,360,Education,Semi-Urban,Graduate,Female,Private,1
APP103486,8000,0,Salaried,21,Married,0.0,538.0,1,15.2,30000.0,207000.0,180000,120,Home,Rural,Graduate,Male,Private,0
APP103487,8000,3000,Salaried,25,Single,1.0,675.0,2,5.9,3400.0,41000.0,254000,360,Education,Urban,Graduate,Male,Private,1
APP103488,8000,0,Salaried,37,Married,0.0,658.0,0,5.0,4100.0,0.0,68000,240,Personal,Urban,Undergraduate,Male,Private,0
APP103489,8000,3000,Salaried,41,Married,0.0,624.0,3,6.2,9100.0,111000.0,215000,360,Education,Urban,Graduate,Male,Private,0
APP103490,8000,3000,Salaried,42,Single,3.0,675.0,0,23.3,254300.0,0.0,143000,60,Business,Urban,Undergraduate,Female,Self,0
APP103491,8000,3000,Self-Employed,30,Married,1.0,745.0,4,15.9,,88000.0,88000,60,Home,Rural,Graduate,Male,Self,1
APP103492,8000,3400,Business,33,Married,1.0,721.0,0,10.8,21200.0,128000.0,268000,240,Personal,Urban,Postgraduate,Male,Self,1
APP103493,8000,0,Business,35,Married,1.0,578.0,1,5.0,6800.0,92000.0,106000,360,Home,Urban,Postgraduate,Female,Private,0
APP103494,8000,0,Self-Employed,34,Single,0.0,724.0,0,5.0,4700.0,7000.0,108000,360,Education,Urban,Postgraduate,Male,Self,0
APP103495,8000,4000,Salaried,44,Married,2.0,676.0,0,8.9,2100.0,0.0,256000,240,Personal,Semi-Urban,Undergraduate,Female,Private,0
APP103496,8000,0,Business,24,Single,0.0,624.0,0,18.4,6000.0,194000.0,176000,120,Home,Rural,Undergraduate,Female,Private,1
APP103497,8000,3000,Business,26,Married,2.0,568.0,0,8.2,18900.0,43000.0,191000,240,Personal,Urban,Graduate,Male,Private,1
APP103498,8000,0,Salaried,35,Married,1.0,752.0,0,5.5,3400.0,159000.0,155000,360,Home,Semi-Urban,Graduate,Male,Self,1
APP103499,8000,3400,Self-Employed,24,Single,0.0,612.0,2,10.2,8900.0,353000.0,301000,240,Home,Urban,Graduate,Male,Private,0
APP103500,8000,3000,Salaried,21,Married,0.0,745.0,2,5.0,3500.0,34000.0,94000,240,Personal,Rural,Postgraduate,Male,Self,1
APP103501,8000,3000,Business,23,Single,2.0,583.0,0,52.1,5300.0,0.0,83000,12,Personal,Semi-Urban,Graduate,Male,Self,0
APP103502,8000,0,Business,35,Married,1.0,851.0,1,9.6,1800.0,185000.0,174000,240,Home,Semi-Urban,Postgraduate,Male,Private,1
APP103503,8000,0,Salaried,44,Married,1.0,900.0,0,12.7,82300.0,53000.0,164000,180,Business,Semi-Urban,Graduate,Female,Self,1
APP103504,8000,3000,Business,44,Married,0.0,720.0,1,5.0,11000.0,144000.0,115000,360,Home,Rural,Postgraduate,Male,Govt,1
APP103505,8000,3000,Self-Employed,53,Single,2.0,796.0,0,6.9,5800.0,206000.0,204000,240,Home,Semi-Urban,Undergraduate,Female,Private,1
APP103506,8000,3000,Business,39,Married,0.0,623.0,2,8.9,29500.0,324000.0,263000,240,Home,Semi-Urban,Postgraduate,Male,Self,0
APP103507,8000,3000,Salaried,40,Single,1.0,614.0,2,7.6,7400.0,237000.0,259000,360,Home,Semi-Urban,Postgraduate,Male,Private,1
APP103508,8000,3000,Business,35,Married,,779.0,1,59.7,12800.0,249000.0,223000,36,Home,Semi-Urban,Graduate,Female,Private,0
APP103509,8000,3000,Salaried,35,Married,0.0,685.0,1,13.4,38700.0,39000.0,100000,60,Personal,Urban,Graduate,Male,Private,1
APP103510,8000,0,Salaried,58,Married,1.0,524.0,4,6.4,35400.0,21000.0,106000,240,Education,Urban,Postgraduate,Male,Govt,0
APP103511,8000,3000,Salaried,40,Single,0.0,662.0,3,11.8,2600.0,71000.0,173000,120,Education,Urban,Graduate,Female,Private,0
APP103512,8000,0,Business,41,Single,2.0,562.0,1,22.1,8200.0,14000.0,199000,120,Business,Semi-Urban,Undergraduate,Female,Private,0
APP103513,8000,3000,Business,26,Single,1.0,655.0,1,5.2,29100.0,23000.0,210000,360,Education,Semi-Urban,Undergraduate,Female,Private,1
APP103514,8000,3000,Business,42,Married,2.0,766.0,1,11.0,2700.0,210000.0,260000,180,Home,Urban,Undergraduate,Male,Govt,1
APP103515,8000,0,Business,44,Married,0.0,803.0,1,86.0,6300.0,242000.0,225000,36,Home,Semi-Urban,Graduate,Male,Private,0
APP103516,8000,0,Salaried,49,Married,0.0,696.0,1,16.3,6000.0,143000.0,168000,120,Home,Rural,Postgraduate,Female,Private,1
APP103517,8000,3000,Salaried,44,Single,1.0,792.0,1,30.7,13400.0,49000.0,129000,36,Education,Urban,Graduate,Female,Private,1
APP103518,8000,3000,Salaried,36,Married,0.0,606.0,4,5.0,18100.0,97000.0,103000,180,Home,Urban,Graduate,Male,Private,1
APP103519,8000,3000,Salaried,36,Married,1.0,833.0,0,11.2,25600.0,0.0,66000,60,Personal,Rural,Graduate,Female,Self,1
APP103520,8000,3000,Salaried,37,Married,1.0,614.0,0,5.0,8800.0,59000.0,112000,360,Personal,Semi-Urban,Graduate,Male,Private,1
APP103521,8000,0,Salaried,39,Married,2.0,607.0,0,6.2,2900.0,31000.0,100000,180,Personal,Urban,Graduate,Male,Self,0
APP103522,8000,0,Salaried,50,Married,0.0,622.0,2,33.4,5700.0,41000.0,100000,36,Personal,Semi-Urban,Graduate,Male,Self,0
APP103523,8000,0,Salaried,48,Single,2.0,612.0,0,15.8,2800.0,180000.0,176000,120,Home,Semi-Urban,Undergraduate,Male,Govt,0
APP103524,8000,3000,Salaried,45,Married,1.0,718.0,1,5.0,4100.0,113000.0,106000,240,Home,Semi-Urban,Graduate,Male,Govt,1
APP103525,8000,0,Salaried,58,Single,1.0,784.0,1,13.9,16500.0,,132000,120,Personal,Semi-Urban,Undergraduate,Male,Private,1
APP103526,8000,3000,Business,21,Single,0.0,665.0,2,5.0,1900.0,57000.0,67000,180,Home,Semi-Urban,Graduate,Male,Private,1
APP103527,8000,0,Self-Employed,33,Married,1.0,700.0,1,5.0,4700.0,99000.0,98000,360,Home,Rural,Graduate,Female,Private,0
APP103528,8000,3000,Business,37,Married,2.0,547.0,1,5.1,19700.0,0.0,77000,120,Personal,Urban,Postgraduate,Female,Private,0
APP103529,8000,0,Salaried,31,Married,2.0,688.0,0,19.8,16100.0,177000.0,184000,120,Home,Semi-Urban,Postgraduate,Male,Private,1
APP103530,8000,5100,Salaried,28,Single,0.0,831.0,1,5.0,3600.0,114000.0,190000,360,Personal,Rural,Graduate,Female,Govt,1
APP103531,8000,0,Self-Employed,21,Married,1.0,807.0,0,12.5,3300.0,154000.0,140000,120,Home,Urban,Graduate,Male,Self,1
APP103532,8000,0,Salaried,34,Married,0.0,565.0,2,56.1,39200.0,36000.0,194000,36,Business,Rural,Graduate,Male,Private,0
APP103533,8000,0,Salaried,46,Married,2.0,624.0,2,51.6,,16000.0,214000,60,Personal,Urban,Graduate,Female,Self,0
APP103534,8000,3000,Salaried,45,Married,1.0,900.0,0,5.0,3600.0,194000.0,202000,360,Home,Urban,Postgraduate,Male,Govt,1
APP103535,8000,0,Salaried,30,Married,2.0,717.0,0,6.0,7800.0,12000.0,173000,360,Personal,Rural,Postgraduate,Male,Private,1
APP103536,10800,3000,Salaried,40,Married,1.0,816.0,0,34.9,24000.0,91000.0,327000,60,Personal,Urban,Graduate,Male,Private,1
APP103537,8000,3000,Salaried,51,Single,0.0,823.0,0,5.8,3300.0,28000.0,141000,180,Personal,Urban,Undergraduate,Female,Self,1
APP103538,8000,0,Self-Employed,22,Single,1.0,571.0,1,64.2,3200.0,0.0,184000,36,Education,Semi-Urban,Graduate,Male,Govt,0
APP103539,8000,0,Salaried,36,Married,0.0,713.0,4,8.8,10100.0,0.0,174000,240,Education,Semi-Urban,Postgraduate,Female,Private,0
APP103540,8000,0,Salaried,40,Married,0.0,688.0,1,30.2,2100.0,0.0,133000,60,Education,Semi-Urban,Undergraduate,Male,Self,0
APP103541,8000,3000,Business,38,Single,0.0,836.0,0,90.0,4100.0,140000.0,156000,12,Home,Urban,Undergraduate,Female,Private,0
APP103542,8000,0,Salaried,46,Married,2.0,848.0,1,7.0,5200.0,0.0,235000,360,Business,Urban,Graduate,Female,Private,0
APP103543,8000,0,Salaried,23,Single,0.0,589.0,2,21.4,600.0,251000.0,237000,120,Home,Urban,Postgraduate,Female,Self,0
APP103544,8000,3000,Business,27,Married,2.0,876.0,3,74.5,8800.0,267000.0,250000,36,Home,Semi-Urban,Graduate,Male,Self,1
APP103545,8000,0,Salaried,44,Single,0.0,695.0,0,5.0,15000.0,154000.0,122000,360,Home,Semi-Urban,Postgraduate,Male,Private,1
APP103546,8000,0,Salaried,21,Married,3.0,728.0,1,11.8,57000.0,70000.0,192000,240,Business,Semi-Urban,Graduate,Female,Private,1
APP103547,8000,0,Salaried,46,Married,3.0,433.0,1,8.7,14700.0,48000.0,178000,240,Personal,Semi-Urban,Graduate,Male,Self,0
APP103548,8000,3000,Salaried,42,Single,0.0,770.0,0,5.0,2900.0,0.0,210000,360,Personal,Urban,Undergraduate,Male,Self,1
APP103549,8000,0,Self-Employed,45,Married,3.0,478.0,1,5.5,5200.0,0.0,73000,180,Business,Rural,Graduate,Male,Private,0
APP103550,8000,3000,Business,33,Married,2.0,667.0,0,66.9,52100.0,133000.0,316000,36,Business,Urban,Undergraduate,Female,Self,0
APP103551,8000,3000,Salaried,43,Married,0.0,630.0,0,31.0,12800.0,,127000,36,Personal,Urban,Undergraduate,Male,Private,0
APP103552,8000,0,Self-Employed,26,Single,3.0,721.0,0,12.3,23100.0,140000.0,124000,120,Home,Semi-Urban,Postgraduate,Male,Private,1
APP103553,8000,3000,Salaried,33,Married,0.0,688.0,1,32.1,4600.0,147000.0,156000,36,Home,Urban,Graduate,Male,Govt,1
APP103554,8000,0,Salaried,38,Single,0.0,716.0,2,5.0,6500.0,43000.0,78000,180,Personal,Semi-Urban,Graduate,Male,Private,1
APP103555,8000,3000,Self-Employed,29,Married,1.0,792.0,0,52.3,7600.0,0.0,72000,12,Education,Urban,Undergraduate,Female,Private,0
APP103556,8000,0,Salaried,40,Married,0.0,581.0,1,19.5,20300.0,23000.0,227000,120,Personal,Semi-Urban,Graduate,Male,Private,1
APP103557,8000,0,Salaried,26,Single,0.0,661.0,0,32.0,5300.0,99000.0,190000,60,Education,Urban,Postgraduate,Male,Private,0
APP103558,8000,0,Salaried,40,Married,3.0,603.0,0,5.6,14800.0,21000.0,52000,120,Personal,Rural,Postgraduate,Female,Private,1
APP103559,8000,0,Salaried,55,Married,3.0,565.0,4,8.3,8100.0,188000.0,180000,240,Home,Urban,Undergraduate,Female,Private,1
APP103560,8000,0,Salaried,25,Married,2.0,845.0,1,7.2,2400.0,88000.0,73000,120,Home,Semi-Urban,Undergraduate,Male,Self,1
APP103561,8000,0,Business,37,Married,1.0,557.0,1,16.2,8100.0,,187000,120,Personal,Rural,Postgraduate,Female,Self,0
APP103562,8000,3000,Salaried,21,Single,3.0,598.0,1,5.0,24400.0,255000.0,199000,360,Home,Semi-Urban,Graduate,Female,Private,0
APP103563,8000,0,Salaried,29,Married,0.0,877.0,0,10.6,8200.0,129000.0,236000,240,Personal,Semi-Urban,Graduate,Female,Self,1
APP103564,8000,3000,Salaried,45,Married,3.0,660.0,1,7.4,5800.0,0.0,180000,180,Personal,Semi-Urban,Graduate,Male,Private,0
APP103565,8000,3900,Self-Employed,33,Married,0.0,666.0,1,14.7,33600.0,101000.0,285000,180,Business,Semi-Urban,Undergraduate,Male,Private,1
APP103566,8000,3000,Self-Employed,45,Married,2.0,700.0,2,5.0,12000.0,36000.0,77000,240,Business,Rural,Postgraduate,Female,Self,1
APP103567,8000,3000,Self-Employed,41,Married,1.0,563.0,1,90.0,2000.0,28000.0,313000,12,Education,Urban,Undergraduate,Female,Private,0
APP103568,8000,3000,Self-Employed,37,Single,3.0,581.0,2,60.9,6100.0,0.0,214000,36,Personal,Rural,Postgraduate,Male,Private,0
APP103569,8000,3000,Business,27,Single,2.0,608.0,2,5.0,10600.0,130000.0,149000,240,Home,Semi-Urban,Postgraduate,Male,Private,1
APP103570,8000,3000,Salaried,44,Married,2.0,757.0,2,7.3,10300.0,26000.0,99000,120,Education,Rural,Graduate,Male,Private,1
APP103571,8000,3000,Salaried,41,Married,1.0,740.0,0,50.9,13500.0,26000.0,235000,36,Personal,Urban,Graduate,Male,Private,1
APP103572,8000,3000,Business,22,Single,2.0,623.0,0,47.7,6900.0,0.0,263000,60,Personal,Rural,Graduate,Male,Self,0
APP103573,9800,0,Business,28,Married,2.0,651.0,2,18.4,6600.0,29000.0,79000,36,Education,Urban,Postgraduate,Male,Private,0
APP103574,8000,3000,Business,21,Married,0.0,750.0,0,5.0,8200.0,109000.0,109000,360,Home,Semi-Urban,Graduate,Female,Self,1
APP103575,8000,3000,Salaried,24,Single,1.0,465.0,0,21.5,17900.0,0.0,168000,60,Business,Semi-Urban,Postgraduate,Male,Self,0
APP103576,8000,3000,Salaried,34,Married,0.0,707.0,0,60.8,4100.0,322000.0,291000,36,Home,Semi-Urban,Postgraduate,Female,Private,0
APP103577,8000,3000,Salaried,27,Married,2.0,748.0,0,13.5,7500.0,0.0,325000,240,Business,Semi-Urban,Graduate,Male,Private,0
APP103578,8000,0,Self-Employed,29,Single,0.0,589.0,1,11.0,10400.0,0.0,191000,180,Personal,Urban,Graduate,Male,Private,0
APP103579,8000,3000,Salaried,51,Single,3.0,714.0,3,5.0,4700.0,9000.0,67000,180,Education,Semi-Urban,Graduate,Male,Private,1
APP103580,8000,0,Salaried,48,Married,1.0,681.0,0,27.2,12900.0,255000.0,221000,120,Home,Urban,Graduate,Male,Govt,1
APP103581,8000,3000,Business,31,Married,0.0,826.0,2,5.0,11500.0,70000.0,73000,180,Home,Semi-Urban,Postgraduate,Female,Self,1
APP103582,8000,3000,Salaried,45,Married,3.0,632.0,0,13.1,1000.0,0.0,303000,240,Business,Semi-Urban,Graduate,Female,Self,0
APP103583,8000,3000,Business,50,Single,0.0,725.0,1,31.1,8400.0,16000.0,174000,60,Business,Urban,Undergraduate,Male,Private,1
APP103584,8000,3000,Salaried,44,Married,1.0,531.0,2,21.8,33400.0,1000.0,262000,120,Personal,Semi-Urban,Undergraduate,Male,Private,0
APP103585,8000,3000,Salaried,40,Married,2.0,678.0,1,5.0,36200.0,53000.0,89000,360,Education,Semi-Urban,Graduate,Male,Govt,1
APP103586,8000,0,Salaried,48,Single,0.0,753.0,0,14.5,16000.0,31000.0,80000,60,Personal,Urban,Postgraduate,Female,Private,1
APP103587,8000,0,Self-Employed,45,Married,1.0,632.0,0,24.5,28900.0,11000.0,135000,60,Education,Rural,Postgraduate,Female,Self,0
APP103588,8000,3000,Salaried,25,Married,2.0,756.0,3,12.2,7000.0,33000.0,76000,60,Personal,Semi-Urban,Postgraduate,Male,Self,0
APP103589,8000,3000,Salaried,36,Married,3.0,762.0,0,90.0,14300.0,157000.0,169000,12,Home,Urban,Graduate,Female,Private,0
APP103590,8000,3000,Business,32,Married,0.0,692.0,0,32.6,9500.0,33000.0,265000,60,Business,Urban,Graduate,Female,Private,1
APP103591,8000,3000,Salaried,49,Married,0.0,655.0,0,90.0,15800.0,71000.0,239000,12,Personal,Semi-Urban,Graduate,Male,Private,0
APP103592,8000,0,Self-Employed,32,Single,1.0,386.0,2,25.0,51300.0,109000.0,116000,60,Home,Urban,Graduate,Male,Private,0
APP103593,8000,0,Self-Employed,30,Single,1.0,613.0,1,5.1,22100.0,0.0,50000,120,Business,Urban,Undergraduate,Female,Govt,0
APP103594,8000,3000,Salaried,48,Married,1.0,771.0,1,90.0,5800.0,79000.0,137000,12,Education,Urban,Postgraduate,Female,Private,0
APP103595,8000,0,Self-Employed,40,Married,0.0,647.0,1,10.1,39400.0,164000.0,197000,240,Home,Semi-Urban,Undergraduate,Male,Private,1
APP103596,8000,0,Salaried,59,Married,1.0,704.0,2,5.3,10400.0,123000.0,113000,240,Home,Semi-Urban,Graduate,Male,Govt,1
APP103597,8000,0,Self-Employed,29,Married,2.0,638.0,0,14.8,15600.0,0.0,120000,120,Personal,Urban,Graduate,Male,Govt,0
APP103598,8000,3000,Salaried,32,Married,0.0,551.0,0,5.0,6400.0,13000.0,86000,360,Business,Semi-Urban,Postgraduate,Male,Private,1
APP103599,8000,3000,Self-Employed,49,Single,0.0,747.0,0,7.9,,18000.0,225000,240,Business,Rural,Graduate,Female,Private,1
APP103600,8000,0,Salaried,25,Married,1.0,569.0,0,7.1,12100.0,39000.0,167000,240,Personal,Rural,Graduate,Male,Private,1
APP103601,8000,0,Self-Employed,51,Married,0.0,656.0,0,31.2,25100.0,147000.0,131000,60,Home,Rural,Postgraduate,Female,Private,1
APP103602,8000,0,Salaried,25,Married,1.0,704.0,1,7.4,4900.0,176000.0,194000,360,Home,Rural,Graduate,Female,Private,1
APP103603,8000,0,Salaried,44,Married,0.0,602.0,2,6.2,21000.0,233000.0,216000,360,Home,Urban,Postgraduate,Male,Self,1
APP103604,8000,3000,Salaried,21,Married,0.0,813.0,1,43.2,700.0,0.0,264000,60,Business,Urban,Graduate,Male,Govt,0
APP103605,8000,0,Salaried,38,Married,1.0,857.0,0,7.8,4400.0,28000.0,153000,240,Business,Semi-Urban,Postgraduate,Male,Private,1
APP103606,8000,3100,Business,24,Married,0.0,599.0,1,10.1,2100.0,295000.0,316000,240,Home,Semi-Urban,Undergraduate,Female,Self,0
APP103607,8000,3000,Salaried,57,Single,2.0,602.0,1,13.8,11400.0,97000.0,167000,120,Personal,Rural,Graduate,Male,Private,1
APP103608,8000,0,Business,27,Married,3.0,624.0,2,11.4,21200.0,1000.0,174000,180,Personal,Urban,Undergraduate,Male,Private,0
APP103609,8000,3000,Business,29,Married,1.0,759.0,3,64.1,8000.0,269000.0,218000,36,Home,Semi-Urban,Postgraduate,Female,Private,0
APP103610,8000,0,Self-Employed,43,Married,1.0,715.0,1,35.7,31400.0,63000.0,210000,60,Personal,Semi-Urban,Undergraduate,Male,Govt,1
APP103611,8000,3800,Salaried,31,Single,,739.0,1,58.6,3700.0,,212000,36,Business,Semi-Urban,Graduate,Female,Private,0
APP103612,8000,3300,Salaried,44,Married,2.0,790.0,1,9.0,2000.0,273000.0,218000,180,Home,Semi-Urban,Postgraduate,Female,Private,1
APP103613,8000,4500,Self-Employed,30,Married,1.0,582.0,2,5.7,16700.0,16000.0,211000,240,Business,Urban,Graduate,Male,Govt,0
APP103614,8000,0,Salaried,30,Married,0.0,725.0,0,5.0,26100.0,97000.0,75000,360,Home,Rural,Undergraduate,Male,Private,1
APP103615,8000,3000,Salaried,37,Single,0.0,684.0,0,15.8,9000.0,353000.0,300000,180,Home,Semi-Urban,Postgraduate,Female,Self,1
APP103616,8000,3000,Self-Employed,25,Married,0.0,718.0,0,39.2,50100.0,369000.0,294000,60,Home,Semi-Urban,Graduate,Female,Private,1
APP103617,8000,0,Business,41,Married,0.0,775.0,1,73.1,13500.0,22000.0,183000,36,Business,Urban,Undergraduate,Male,Private,0
APP103618,8000,3000,Self-Employed,46,Married,1.0,666.0,0,5.0,12100.0,0.0,158000,360,Education,Semi-Urban,Graduate,Male,Private,0
APP103619,8000,3000,Salaried,43,Married,3.0,617.0,0,7.4,5300.0,34000.0,160000,180,Personal,Urban,Graduate,Male,Self,1
APP103620,8000,0,Self-Employed,44,Married,2.0,585.0,0,5.0,2200.0,0.0,55000,240,Personal,Urban,Postgraduate,Female,Self,0
APP103621,8000,3000,Salaried,21,Married,1.0,829.0,1,72.5,6200.0,0.0,86000,12,Education,Urban,Postgraduate,Male,Self,0
APP103622,8000,0,Salaried,33,Single,1.0,668.0,1,11.6,39400.0,43000.0,147000,180,Business,Urban,Graduate,Male,Private,1
APP103623,8000,3000,Business,35,Single,0.0,548.0,1,6.7,9800.0,24000.0,79000,120,Education,Semi-Urban,Graduate,Female,Govt,0
APP103624,8000,3000,Salaried,52,Married,1.0,796.0,1,63.2,5500.0,7000.0,92000,12,Business,Urban,Undergraduate,Male,Private,0
APP103625,8000,3000,Salaried,32,Married,0.0,502.0,3,5.5,3300.0,129000.0,132000,240,Home,Rural,Postgraduate,Male,Private,0
APP103626,8000,3000,Salaried,21,Married,0.0,540.0,0,8.8,13900.0,32000.0,165000,180,Personal,Urban,Graduate,Male,Private,1
APP103627,8000,0,Business,27,Married,1.0,651.0,0,14.9,2600.0,7000.0,142000,120,Personal,Urban,Graduate,Female,Self,0
APP103628,8000,0,Self-Employed,31,Single,0.0,630.0,0,5.0,11600.0,55000.0,110000,360,Business,Rural,Undergraduate,Male,Private,1
APP103629,8000,3000,Self-Employed,21,Single,0.0,708.0,0,24.7,5100.0,349000.0,314000,120,Home,Urban,Postgraduate,Female,Private,1
APP103630,8000,3000,Self-Employed,47,Married,0.0,506.0,0,90.0,6200.0,43000.0,317000,12,Personal,Urban,Undergraduate,Female,Private,0
APP103631,8000,3000,Salaried,22,Married,0.0,709.0,0,5.0,15400.0,31000.0,81000,360,Education,Urban,Graduate,Male,Govt,1
APP103632,8000,0,Salaried,42,Married,1.0,787.0,1,40.4,3100.0,132000.0,237000,60,Education,Rural,Postgraduate,Male,Private,1
APP103633,8600,0,Salaried,27,Single,0.0,591.0,0,5.0,8200.0,85000.0,87000,360,Home,Rural,Postgraduate,Male,Private,1
APP103634,8000,3000,Salaried,53,Single,,645.0,0,5.0,1800.0,148000.0,153000,360,Home,Urban,Graduate,Male,Self,1
APP103635,8000,3000,Salaried,35,Single,0.0,599.0,1,42.4,7200.0,51000.0,287000,60,Business,Semi-Urban,Postgraduate,Female,Private,0
APP103636,8000,0,Business,33,Single,0.0,700.0,1,14.8,13300.0,52000.0,180000,180,Personal,Semi-Urban,Postgraduate,Female,Self,1
APP103637,8000,0,Salaried,43,Married,3.0,583.0,0,63.5,17900.0,16000.0,59000,12,Education,Rural,Graduate,Male,Private,0
APP103638,8000,3000,Salaried,27,Single,0.0,547.0,3,24.0,25200.0,94000.0,270000,120,Business,Urban,Undergraduate,Male,Private,0
APP103639,8000,3000,Salaried,43,Single,0.0,666.0,0,8.1,15700.0,215000.0,241000,240,Home,Rural,Undergraduate,Male,Govt,1
APP103640,8000,0,Salaried,33,Married,1.0,710.0,0,55.5,5400.0,114000.0,230000,60,Personal,Urban,Undergraduate,Female,Govt,1
APP103641,8000,0,Business,32,Married,0.0,693.0,0,78.6,1300.0,0.0,223000,36,Business,Urban,Undergraduate,Male,Private,0
APP103642,8000,3000,Salaried,37,Single,1.0,640.0,0,14.4,21800.0,0.0,323000,180,Business,Urban,Graduate,Male,Govt,0
APP103643,8000,3000,Salaried,27,Married,0.0,740.0,0,9.0,4800.0,91000.0,186000,180,Education,Semi-Urban,Graduate,Male,Private,1
APP103644,8000,0,Self-Employed,36,Single,3.0,692.0,1,11.4,1900.0,13000.0,184000,240,Personal,Semi-Urban,Undergraduate,Male,Self,0
APP103645,8000,0,Salaried,41,Single,3.0,558.0,2,14.4,52700.0,95000.0,233000,240,Education,Semi-Urban,Graduate,Male,Private,0
APP103646,8000,0,Salaried,21,Single,1.0,439.0,0,5.0,7600.0,0.0,50000,240,Business,Semi-Urban,Graduate,Male,Self,0
APP103647,8000,3000,Salaried,48,Single,2.0,726.0,0,6.4,13200.0,33000.0,274000,360,Personal,Semi-Urban,Postgraduate,Male,Govt,1
APP103648,8000,0,Self-Employed,46,Married,1.0,632.0,3,14.0,10200.0,2000.0,58000,60,Personal,Rural,Graduate,Female,Private,0
APP103649,8000,0,Business,21,Single,3.0,580.0,0,13.5,8000.0,259000.0,240000,180,Home,Urban,Postgraduate,Male,Private,0
APP103650,8000,3000,Self-Employed,21,Married,1.0,818.0,1,6.3,5500.0,37000.0,70000,120,Personal,Semi-Urban,Graduate,Male,Self,1
APP103651,8000,3000,Salaried,46,Married,0.0,825.0,0,5.1,4500.0,0.0,212000,360,Personal,Urban,Graduate,Male,Govt,1
APP103652,8000,3000,Business,45,Married,0.0,794.0,0,13.1,,0.0,204000,120,Personal,Semi-Urban,Undergraduate,Male,Private,1
APP103653,8000,0,Salaried,44,Married,0.0,700.0,0,5.0,1900.0,0.0,107000,360,Personal,Semi-Urban,Undergraduate,Male,Private,0
APP103654,8000,0,Salaried,23,Married,1.0,387.0,1,11.1,5300.0,95000.0,189000,240,Business,Semi-Urban,Undergraduate,Male,Private,0
APP103655,8000,0,Salaried,56,Single,0.0,777.0,1,6.1,3300.0,35000.0,97000,240,Personal,Semi-Urban,Postgraduate,Male,Self,1
APP103656,8000,0,Salaried,30,Married,1.0,565.0,4,6.2,13600.0,84000.0,104000,180,Home,Urban,Undergraduate,Male,Private,0
APP103657,8000,0,Salaried,40,Married,0.0,629.0,0,9.1,5400.0,0.0,83000,120,Business,Semi-Urban,Undergraduate,Male,Private,0
APP103658,8000,3000,Self-Employed,40,Married,2.0,744.0,2,15.1,4900.0,246000.0,255000,180,Home,Urban,Postgraduate,Male,Self,1
APP103659,8000,3000,Business,53,Married,1.0,862.0,0,19.5,15400.0,0.0,111000,60,Personal,Rural,Undergraduate,Female,Private,1
APP103660,8000,3000,Salaried,39,Single,1.0,818.0,0,7.3,56100.0,102000.0,303000,360,Business,Urban,Graduate,Male,Private,1
APP103661,8000,3000,Salaried,42,Married,1.0,695.0,0,6.2,3500.0,177000.0,142000,240,Home,Semi-Urban,Undergraduate,Male,Govt,1
APP103662,8000,0,Salaried,37,Single,2.0,722.0,3,5.0,1700.0,0.0,148000,360,Business,Rural,Graduate,Male,Self,0
APP103663,8000,3000,Salaried,26,Single,0.0,572.0,1,15.2,8600.0,0.0,191000,120,Personal,Rural,Postgraduate,Male,Self,0
APP103664,8000,0,Self-Employed,21,Married,0.0,525.0,1,66.0,18700.0,46000.0,183000,36,Personal,Semi-Urban,Graduate,Male,Private,0
APP103665,8000,0,Salaried,38,Single,2.0,753.0,3,5.4,6500.0,93000.0,93000,240,Home,Urban,Postgraduate,Male,Self,1
APP103666,8000,3000,Business,23,Married,2.0,701.0,1,19.4,15300.0,0.0,287000,120,Education,Semi-Urban,Postgraduate,Female,Private,0
APP103667,8000,0,Salaried,41,Married,1.0,525.0,3,6.9,4700.0,0.0,190000,360,Business,Urban,Undergraduate,Male,Private,0
APP103668,8000,3000,Salaried,39,Single,0.0,667.0,1,6.2,88600.0,180000.0,156000,240,Home,Semi-Urban,Undergraduate,Male,Govt,1
APP103669,8000,3000,Salaried,39,Single,0.0,735.0,0,20.6,15000.0,54000.0,98000,36,Personal,Rural,Undergraduate,Female,Private,1
APP103670,8000,0,Salaried,27,Married,0.0,753.0,1,7.0,5000.0,165000.0,145000,240,Home,Urban,Graduate,Female,Private,1
APP103671,8000,3000,Salaried,48,Married,3.0,704.0,4,10.9,3800.0,264000.0,325000,240,Home,Semi-Urban,Undergraduate,Male,Self,1
APP103672,8000,3000,Self-Employed,42,Married,0.0,647.0,0,5.0,10600.0,36000.0,72000,180,Personal,Rural,Graduate,Male,Private,1
APP103673,8000,3000,Salaried,26,Married,1.0,587.0,2,17.5,15900.0,368000.0,289000,180,Home,Urban,Undergraduate,Male,Self,0
APP103674,8000,0,Self-Employed,58,Single,2.0,690.0,0,34.2,2200.0,13000.0,182000,60,Business,Semi-Urban,Graduate,Male,Private,0
APP103675,8000,3000,Salaried,35,Married,0.0,744.0,1,19.4,8200.0,0.0,114000,60,Personal,Rural,Postgraduate,Male,Private,0
APP103676,8000,3000,Salaried,24,Married,0.0,761.0,0,8.2,17000.0,43000.0,192000,240,Personal,Rural,Undergraduate,Male,Private,1
APP103677,8000,3000,Salaried,30,Single,0.0,822.0,0,90.0,11300.0,291000.0,232000,12,Home,Semi-Urban,Undergraduate,Female,Private,0
APP103678,8000,0,Business,22,Married,1.0,667.0,2,8.1,15100.0,77000.0,182000,240,Business,Urban,Postgraduate,Male,Self,1
APP103679,8000,0,Salaried,51,Married,0.0,580.0,0,16.7,36000.0,228000.0,225000,180,Home,Urban,Undergraduate,Male,Govt,1
APP103680,8000,3000,Self-Employed,48,Single,0.0,777.0,0,6.6,400.0,71000.0,296000,360,Personal,Semi-Urban,Graduate,Male,Self,1
APP103681,8000,0,Salaried,45,Single,0.0,679.0,1,5.0,10100.0,58000.0,111000,360,Education,Urban,Postgraduate,Female,Self,0
APP103682,8000,0,Self-Employed,43,Single,0.0,540.0,3,5.0,800.0,24000.0,71000,240,Education,Urban,Postgraduate,Male,Private,0
APP103683,8000,0,Salaried,50,Married,0.0,736.0,0,5.9,7700.0,34000.0,68000,120,Personal,Rural,Graduate,Male,Private,1
APP103684,8000,3000,Self-Employed,35,Single,0.0,807.0,0,17.2,29700.0,0.0,322000,180,Personal,Rural,Graduate,Male,Private,0
APP103685,8000,3000,Self-Employed,42,Married,0.0,714.0,0,48.9,7100.0,412000.0,318000,60,Home,Rural,Graduate,Male,Private,1
APP103686,9500,0,Business,29,Married,2.0,808.0,0,62.1,3200.0,43000.0,244000,36,Education,Urban,Postgraduate,Male,Govt,1
APP103687,8000,0,Salaried,36,Single,0.0,628.0,1,14.7,18500.0,53000.0,236000,180,Personal,Urban,Graduate,Male,Private,1
APP103688,8000,0,Salaried,42,Married,1.0,582.0,4,5.0,9300.0,5000.0,101000,360,Education,Rural,Graduate,Male,Govt,0
APP103689,8000,0,Salaried,21,Single,1.0,748.0,1,49.3,9800.0,225000.0,207000,60,Home,Semi-Urban,Graduate,Male,Private,0
APP103690,8000,3000,Business,31,Married,2.0,648.0,0,16.1,70100.0,212000.0,199000,120,Home,Rural,Postgraduate,Male,Private,1
APP103691,8000,0,Salaried,39,Married,0.0,,1,11.3,1800.0,218000.0,201000,180,Home,Rural,Postgraduate,Female,Govt,1
APP103692,8000,0,Self-Employed,37,Single,0.0,695.0,0,5.0,4300.0,199000.0,165000,360,Home,Rural,Postgraduate,Male,Private,0
APP103693,8000,3000,Salaried,33,Married,2.0,789.0,0,84.1,11800.0,0.0,289000,36,Education,Semi-Urban,Postgraduate,Male,Self,0
APP103694,8000,0,Salaried,43,Single,2.0,728.0,1,27.4,,7000.0,124000,60,Personal,Urban,Graduate,Male,Private,0
APP103695,8000,3000,Salaried,30,Married,0.0,598.0,0,6.7,3100.0,290000.0,327000,360,Home,Semi-Urban,Graduate,Male,Private,1
APP103696,8000,3000,Business,25,Single,0.0,500.0,0,90.0,5400.0,47000.0,124000,12,Personal,Semi-Urban,Undergraduate,Female,Self,0
APP103697,8000,0,Self-Employed,49,Married,2.0,750.0,0,8.0,7600.0,62000.0,177000,240,Business,Urban,Graduate,Male,Private,1
APP103698,8000,0,Business,48,Married,0.0,706.0,3,12.3,7000.0,34000.0,202000,240,Business,Rural,Graduate,Male,Self,1
APP103699,8000,0,Salaried,32,Married,2.0,588.0,0,14.1,16300.0,0.0,160000,120,Business,Urban,Postgraduate,Male,Private,0
APP103700,8000,0,Self-Employed,37,Single,3.0,751.0,0,6.0,7700.0,121000.0,104000,180,Home,Rural,Graduate,Female,Self,1
APP103701,8000,4500,Self-Employed,46,Single,0.0,805.0,0,5.7,15500.0,197000.0,243000,360,Home,Urban,Undergraduate,Female,Private,1
APP103702,8000,3000,Salaried,38,Single,2.0,616.0,0,33.7,2400.0,16000.0,199000,60,Business,Semi-Urban,Graduate,Male,Self,0
APP103703,8000,0,Business,43,Married,1.0,497.0,1,16.1,9400.0,78000.0,85000,60,Home,Rural,Postgraduate,Male,Private,0
APP103704,8000,3000,Business,42,Married,2.0,751.0,2,12.4,8400.0,302000.0,267000,180,Home,Urban,Graduate,Male,Self,1
APP103705,8000,0,Business,34,Married,1.0,794.0,0,9.7,18800.0,0.0,99000,120,Personal,Semi-Urban,Graduate,Male,Self,0
APP103706,8000,0,Self-Employed,43,Married,0.0,597.0,2,16.0,100700.0,185000.0,208000,180,Home,Urban,Graduate,Female,Govt,1
APP103707,8000,0,Salaried,28,Married,2.0,749.0,0,5.0,21100.0,47000.0,89000,360,Business,Rural,Undergraduate,Male,Self,1
APP103708,8000,3200,Salaried,41,Single,0.0,709.0,0,5.0,4000.0,108000.0,202000,360,Personal,Rural,Undergraduate,Male,Govt,1
APP103709,8000,3000,Business,37,Single,3.0,670.0,0,35.0,15300.0,,250000,60,Personal,Rural,Graduate,Female,Private,0
APP103710,8000,0,Salaried,34,Married,1.0,732.0,0,29.5,7700.0,106000.0,239000,120,Business,Rural,Undergraduate,Female,Private,1
APP103711,8000,3000,Self-Employed,25,Married,0.0,618.0,2,20.4,5800.0,114000.0,138000,60,Home,Semi-Urban,Postgraduate,Male,Self,0
APP103712,8000,0,Self-Employed,39,Single,0.0,580.0,0,6.0,4800.0,67000.0,170000,360,Personal,Urban,Undergraduate,Female,Private,0
APP103713,8000,3000,Self-Employed,38,Married,2.0,,1,8.9,4500.0,61000.0,106000,120,Education,Urban,Undergraduate,Male,Private,1
APP103714,8000,0,Business,29,Married,0.0,688.0,2,21.9,2600.0,77000.0,205000,120,Personal,Semi-Urban,Graduate,Female,Private,1
APP103715,8000,0,Salaried,22,Married,2.0,450.0,0,7.9,2200.0,244000.0,213000,360,Home,Semi-Urban,Postgraduate,Female,Self,0
APP103716,8000,0,Salaried,21,Married,0.0,573.0,0,17.4,15600.0,24000.0,218000,180,Personal,Rural,Postgraduate,Male,Self,0
APP103717,8000,3000,Salaried,35,Single,1.0,619.0,0,75.7,5700.0,0.0,316000,36,Business,Urban,Graduate,Female,Private,0
APP103718,8000,0,Salaried,41,Married,,727.0,0,10.2,9700.0,117000.0,116000,120,Home,Urban,Graduate,Female,Private,1
APP103719,8000,0,Salaried,56,Married,0.0,534.0,1,7.7,3400.0,170000.0,176000,240,Home,Semi-Urban,Undergraduate,Male,Govt,0
APP103720,8000,0,Salaried,37,Married,0.0,635.0,2,6.3,14500.0,119000.0,109000,240,Home,Urban,Undergraduate,Male,Private,1
APP103721,8000,3000,Business,21,Single,3.0,846.0,1,11.2,4000.0,13000.0,278000,240,Education,Semi-Urban,Undergraduate,Female,Govt,1
APP103722,8000,3000,Business,35,Married,1.0,686.0,0,45.6,2100.0,193000.0,176000,36,Home,Semi-Urban,Undergraduate,Male,Private,0
APP103723,8000,3000,Salaried,50,Married,2.0,691.0,0,18.8,38900.0,28000.0,212000,120,Business,Semi-Urban,Undergraduate,Male,Self,1
APP103724,8000,3900,Salaried,31,Single,2.0,666.0,1,5.0,10000.0,37000.0,109000,240,Education,Urban,Graduate,Female,Private,1
APP103725,8000,0,Business,49,Single,1.0,744.0,3,6.0,5900.0,49000.0,211000,360,Education,Rural,Graduate,Female,Private,1
APP103726,8000,3000,Salaried,39,Single,2.0,675.0,1,90.0,6700.0,0.0,193000,12,Personal,Urban,Graduate,Male,Private,0
APP103727,8000,0,Salaried,44,Single,1.0,660.0,0,90.0,5700.0,16000.0,171000,12,Education,Urban,Graduate,Male,Govt,0
APP103728,8000,0,Salaried,56,Married,1.0,693.0,0,9.7,13300.0,55000.0,177000,240,Education,Semi-Urban,Graduate,Male,Private,1
APP103729,8000,3000,Self-Employed,21,Married,0.0,783.0,2,6.1,1700.0,11000.0,138000,180,Personal,Urban,Postgraduate,Male,Private,1
APP103730,8000,3000,Salaried,46,Married,3.0,716.0,0,44.2,1300.0,121000.0,276000,60,Personal,Urban,Undergraduate,Male,Self,0
APP103731,8000,3000,Business,37,Married,2.0,685.0,0,16.7,9100.0,233000.0,286000,180,Home,Urban,Undergraduate,Female,Private,1
APP103732,8000,0,Salaried,28,Single,0.0,777.0,1,5.0,1400.0,155000.0,147000,360,Home,Semi-Urban,Postgraduate,Male,Private,1
APP103733,8000,0,Salaried,36,Single,1.0,633.0,0,10.4,1200.0,285000.0,221000,240,Home,Rural,Undergraduate,Male,Self,1
APP103734,8000,0,Salaried,54,Single,0.0,391.0,0,8.8,20000.0,25000.0,79000,120,Education,Semi-Urban,Postgraduate,Male,Self,0
APP103735,8000,0,Salaried,51,Married,1.0,720.0,0,5.0,9600.0,137000.0,128000,360,Home,Semi-Urban,Undergraduate,Female,Self,1
APP103736,8000,4500,Self-Employed,21,Single,3.0,695.0,3,12.1,9700.0,8000.0,88000,60,Personal,Urban,Graduate,Male,Self,1
APP103737,8000,0,Self-Employed,30,Single,0.0,623.0,0,11.1,2600.0,0.0,125000,120,Business,Urban,Graduate,Male,Self,0
APP103738,8000,0,Self-Employed,47,Married,3.0,631.0,3,14.9,32500.0,223000.0,239000,180,Home,Urban,Undergraduate,Male,Private,1
APP103739,8000,3000,Self-Employed,37,Single,0.0,793.0,0,11.0,22200.0,106000.0,188000,180,Personal,Rural,Graduate,Male,Self,1
APP103740,8000,0,Business,37,Married,1.0,704.0,2,5.0,2100.0,0.0,128000,360,Education,Urban,Postgraduate,Male,Private,0
APP103741,8000,0,Business,22,Married,1.0,788.0,3,44.2,7300.0,36000.0,180000,60,Personal,Rural,Graduate,Male,Private,0
APP103742,8000,3400,Self-Employed,30,Single,0.0,696.0,1,19.3,5400.0,19000.0,82000,36,Personal,Urban,Postgraduate,Male,Private,0
APP103743,8000,3000,Salaried,24,Single,1.0,650.0,2,5.0,7700.0,67000.0,159000,360,Business,Semi-Urban,Undergraduate,Male,Private,1
APP103744,8000,0,Salaried,21,Married,2.0,743.0,0,28.2,24000.0,139000.0,150000,60,Home,Rural,Graduate,Male,Govt,1
APP103745,8000,0,Salaried,25,Married,0.0,713.0,0,14.8,5500.0,151000.0,141000,120,Home,Urban,Undergraduate,Male,Govt,1
APP103746,8000,0,Self-Employed,28,Single,0.0,711.0,1,13.4,21700.0,71000.0,171000,180,Personal,Semi-Urban,Graduate,Male,Govt,1
APP103747,8000,3000,Salaried,30,Single,1.0,643.0,2,5.0,1400.0,0.0,103000,360,Education,Urban,Graduate,Male,Self,0
APP103748,8000,3000,Salaried,29,Single,2.0,620.0,1,7.4,4400.0,167000.0,172000,180,Home,Urban,Graduate,Male,Self,0
APP103749,8000,3000,Business,48,Married,3.0,631.0,0,19.4,5400.0,248000.0,233000,120,Home,Urban,Undergraduate,Male,Private,1
APP103750,8000,0,Business,28,Married,0.0,726.0,0,7.9,4700.0,0.0,106000,180,Personal,Rural,Graduate,Male,Self,0
APP103751,8000,0,Business,52,Married,3.0,722.0,2,6.5,8300.0,145000.0,166000,360,Home,Urban,Postgraduate,Male,Govt,1
APP103752,8000,0,Salaried,33,Married,1.0,443.0,0,8.9,9500.0,13000.0,232000,360,Business,Urban,Graduate,Male,Self,0
APP103753,8000,0,Self-Employed,42,Married,0.0,614.0,0,45.8,10200.0,5000.0,227000,60,Education,Rural,Graduate,Male,Private,0
APP103754,8000,3000,Salaried,42,Married,3.0,536.0,0,5.6,19700.0,313000.0,258000,360,Home,Urban,Undergraduate,Female,Govt,1
APP103755,8000,3000,Salaried,29,Married,,635.0,0,5.0,16900.0,38000.0,113000,360,Personal,Semi-Urban,Graduate,Female,Govt,0
APP103756,8000,0,Salaried,34,Married,2.0,625.0,0,11.9,1800.0,213000.0,199000,240,Home,Rural,Graduate,Male,Private,0
APP103757,8000,0,Salaried,32,Single,2.0,677.0,2,6.0,9400.0,69000.0,134000,240,Education,Urban,Graduate,Male,Govt,0
APP103758,8000,0,Salaried,41,Married,1.0,680.0,2,24.2,4400.0,137000.0,231000,120,Education,Urban,Postgraduate,Male,Private,1
APP103759,8000,3000,Business,36,Married,1.0,863.0,1,8.0,18400.0,0.0,227000,240,Education,Rural,Postgraduate,Male,Govt,1
APP103760,8000,3000,Salaried,30,Married,1.0,705.0,1,5.0,29600.0,0.0,123000,240,Personal,Urban,Graduate,Male,Private,0
APP103761,8000,0,Self-Employed,39,Married,0.0,729.0,1,30.5,18800.0,98000.0,108000,36,Home,Urban,Graduate,Female,Private,1
APP103762,8000,3000,Salaried,41,Married,2.0,552.0,0,21.4,54500.0,66000.0,150000,60,Business,Semi-Urban,Graduate,Male,Self,1
APP103763,8000,3000,Salaried,56,Single,3.0,641.0,1,20.9,17200.0,0.0,139000,60,Personal,Semi-Urban,Graduate,Female,Private,0
APP103764,8000,0,Salaried,38,Single,1.0,550.0,4,5.9,22000.0,239000.0,196000,360,Home,Urban,Undergraduate,Male,Private,0
APP103765,8000,0,Salaried,38,Married,3.0,733.0,0,5.7,3700.0,114000.0,113000,240,Home,Urban,Undergraduate,Female,Private,1
APP103766,8000,0,Self-Employed,42,Married,1.0,652.0,4,5.2,7900.0,98000.0,86000,180,Home,Urban,Postgraduate,Female,Self,0
APP103767,8000,3000,Salaried,28,Married,1.0,617.0,4,5.0,16200.0,200000.0,223000,360,Home,Urban,Graduate,Male,Private,1
APP103768,8000,0,Salaried,21,Single,1.0,766.0,0,8.5,10800.0,42000.0,137000,240,Personal,Semi-Urban,Postgraduate,Male,Self,1
APP103769,8000,0,Salaried,34,Married,0.0,631.0,3,5.0,3300.0,60000.0,52000,360,Home,Urban,Undergraduate,Male,Private,0
APP103770,8000,3000,Salaried,48,Married,,792.0,1,33.8,3200.0,0.0,140000,36,Business,Semi-Urban,Postgraduate,Male,Govt,0
APP103771,8000,3000,Business,50,Single,2.0,790.0,1,5.0,1300.0,94000.0,76000,180,Home,Semi-Urban,Undergraduate,Male,Private,1
APP103772,8000,0,Salaried,21,Single,2.0,622.0,0,9.7,11800.0,250000.0,195000,240,Home,Urban,Postgraduate,Male,Private,1
APP103773,8000,3000,Self-Employed,44,Single,1.0,772.0,1,50.0,2900.0,306000.0,317000,60,Home,Urban,Postgraduate,Male,Private,1
APP103774,8000,0,Self-Employed,21,Single,2.0,674.0,2,12.0,15900.0,154000.0,144000,120,Home,Urban,Graduate,Female,Private,1
APP103775,8000,3700,Business,42,Single,1.0,644.0,0,14.5,16700.0,72000.0,227000,120,Business,Urban,Postgraduate,Male,Private,1
APP103776,8000,3000,Business,41,Married,1.0,707.0,1,13.1,10100.0,44000.0,289000,240,Personal,Semi-Urban,Graduate,Female,Private,0
APP103777,8000,3000,Self-Employed,21,Married,3.0,529.0,1,5.0,12000.0,80000.0,71000,180,Home,Semi-Urban,Undergraduate,Male,Private,0
APP103778,8000,0,Self-Employed,48,Single,1.0,631.0,0,5.0,22400.0,0.0,79000,180,Business,Urban,Undergraduate,Female,Private,0
APP103779,8000,3000,Business,55,Single,,701.0,2,18.1,25600.0,117000.0,239000,120,Business,Semi-Urban,Undergraduate,Male,Private,1
APP103780,8000,0,Salaried,37,Single,0.0,629.0,3,36.3,900.0,41000.0,190000,60,Personal,Rural,Graduate,Male,Private,0
APP103781,8000,3000,Salaried,39,Married,3.0,769.0,1,5.9,16400.0,88000.0,231000,360,Business,Urban,Graduate,Female,Private,1
APP103782,8000,0,Salaried,52,Married,0.0,644.0,0,28.1,13200.0,35000.0,228000,120,Personal,Semi-Urban,Graduate,Male,Self,0
APP103783,8000,3000,Business,26,Married,0.0,666.0,3,7.3,10900.0,0.0,170000,180,Personal,Semi-Urban,Postgraduate,Female,Private,0
APP103784,8000,0,Business,26,Married,0.0,653.0,2,52.5,13000.0,0.0,155000,36,Education,Urban,Undergraduate,Male,Private,0
APP103785,8000,0,Salaried,29,Married,1.0,542.0,0,26.7,5900.0,227000.0,232000,120,Home,Rural,Postgraduate,Male,Self,0
APP103786,8000,3000,Self-Employed,38,Single,0.0,707.0,1,6.6,700.0,0.0,304000,360,Personal,Rural,Graduate,Male,Private,0
APP103787,8000,0,Salaried,38,Married,2.0,708.0,0,5.0,4400.0,14000.0,54000,360,Business,Urban,Undergraduate,Female,Private,1
APP103788,8000,3000,Salaried,32,Single,0.0,506.0,0,11.6,1300.0,13000.0,159000,120,Personal,Rural,Undergraduate,Male,Govt,0
APP103789,8000,0,Business,34,Single,2.0,457.0,0,41.5,1600.0,80000.0,190000,60,Business,Urban,Graduate,Female,Private,0
APP103790,8000,0,Salaried,32,Married,0.0,639.0,0,5.3,23600.0,22000.0,50000,120,Education,Urban,Postgraduate,Female,Govt,0
APP103791,8000,5100,Salaried,33,Married,,774.0,2,21.8,4700.0,187000.0,350000,120,Personal,Semi-Urban,Undergraduate,Male,Private,1
APP103792,8000,3000,Self-Employed,30,Single,2.0,900.0,0,7.5,10600.0,0.0,199000,240,Personal,Urban,Postgraduate,Male,Private,1
APP103793,8000,4600,Self-Employed,30,Single,0.0,508.0,1,5.0,8100.0,13000.0,102000,180,Personal,Semi-Urban,Undergraduate,Female,Private,0
APP103794,8000,3000,Salaried,21,Single,0.0,802.0,3,6.7,30900.0,0.0,183000,240,Personal,Urban,Graduate,Male,Govt,1
APP103795,8000,3000,Self-Employed,35,Single,3.0,776.0,1,8.2,8700.0,,196000,240,Home,Semi-Urban,Postgraduate,Male,Self,1
APP103796,8000,3000,Salaried,21,Single,0.0,611.0,2,28.6,4500.0,136000.0,163000,60,Home,Semi-Urban,Postgraduate,Male,Private,0
APP103797,8000,3000,Salaried,45,Married,0.0,825.0,3,7.4,35600.0,48000.0,186000,240,Business,Semi-Urban,Undergraduate,Male,Private,1
APP103798,8000,0,Salaried,32,Single,0.0,713.0,1,8.6,4900.0,207000.0,219000,360,Home,Urban,Undergraduate,Male,Self,1
APP103799,8000,3000,Self-Employed,36,Single,0.0,651.0,1,7.7,12300.0,1000.0,152000,180,Education,Urban,Undergraduate,Male,Private,1
APP103800,9400,3000,Salaried,34,Single,0.0,519.0,0,7.1,13300.0,47000.0,360000,360,Education,Urban,Postgraduate,Female,Private,0
APP103801,8000,4400,Business,35,Married,2.0,681.0,1,10.2,2300.0,0.0,279000,240,Education,Semi-Urban,Undergraduate,Male,Private,0
APP103802,8000,0,Business,50,Single,0.0,675.0,1,16.5,20300.0,0.0,220000,180,Personal,Urban,Graduate,Male,Private,0
APP103803,8000,0,Business,24,Married,0.0,873.0,1,5.0,31400.0,0.0,88000,360,Personal,Semi-Urban,Graduate,Female,Private,1
APP103804,8000,3200,Salaried,21,Single,2.0,594.0,0,7.3,2600.0,118000.0,199000,240,Business,Urban,Graduate,Female,Private,1
APP103805,8000,0,Business,39,Married,1.0,576.0,3,12.8,8300.0,43000.0,157000,180,Education,Semi-Urban,Undergraduate,Female,Private,1
APP103806,8000,0,Salaried,33,Married,0.0,618.0,2,8.0,30900.0,0.0,64000,120,Personal,Semi-Urban,Undergraduate,Male,Private,0
APP103807,8000,0,Salaried,41,Married,1.0,900.0,0,5.0,1600.0,11000.0,143000,360,Business,Semi-Urban,Graduate,Female,Govt,1
APP103808,8000,0,Salaried,45,Married,0.0,568.0,1,80.5,15200.0,30000.0,213000,36,Business,Semi-Urban,Graduate,Male,Private,0
APP103809,8000,3000,Salaried,26,Married,1.0,773.0,3,5.0,2300.0,7000.0,80000,180,Business,Semi-Urban,Undergraduate,Male,Private,1
APP103810,8000,0,Self-Employed,44,Single,1.0,531.0,1,10.8,5900.0,36000.0,171000,180,Personal,Rural,Postgraduate,Male,Private,0
APP103811,8000,0,Salaried,27,Married,3.0,702.0,2,18.0,6600.0,249000.0,238000,180,Home,Semi-Urban,Undergraduate,Male,Private,1
APP103812,8000,0,Salaried,38,Married,0.0,688.0,0,8.2,2500.0,125000.0,149000,240,Home,Semi-Urban,Graduate,Female,Private,1
APP103813,8000,3000,Self-Employed,25,Married,2.0,617.0,0,7.8,3300.0,76000.0,146000,180,Business,Rural,Graduate,Male,Self,1
APP103814,8000,3000,Salaried,39,Married,0.0,744.0,0,36.0,7500.0,95000.0,220000,60,Business,Rural,Graduate,Female,Govt,1
APP103815,8000,0,Self-Employed,37,Married,1.0,607.0,0,5.1,32100.0,0.0,152000,360,Personal,Semi-Urban,Graduate,Female,Self,0
APP103816,8000,3000,Salaried,26,Married,0.0,510.0,3,5.0,,80000.0,94000,240,Home,Urban,Graduate,Male,Private,0
APP103817,8000,0,Business,24,Married,1.0,651.0,0,5.0,1600.0,6000.0,89000,360,Personal,Semi-Urban,Graduate,Male,Private,0
APP103818,8000,3000,Business,45,Single,1.0,597.0,0,42.7,12900.0,298000.0,243000,60,Home,Urban,Graduate,Male,Private,0
APP103819,8000,0,Salaried,33,Married,3.0,687.0,2,7.0,8400.0,0.0,162000,240,Education,Semi-Urban,Graduate,Male,Self,0
APP103820,8000,0,Salaried,48,Married,3.0,646.0,1,6.8,4300.0,0.0,114000,240,Education,Semi-Urban,Undergraduate,Male,Private,0
APP103821,8000,0,Salaried,32,Married,1.0,820.0,0,22.6,5200.0,37000.0,236000,120,Business,Semi-Urban,Graduate,Female,Private,1
APP103822,8000,3000,Business,51,Single,0.0,635.0,2,6.3,13300.0,229000.0,236000,360,Home,Semi-Urban,Graduate,Male,Self,0
APP103823,8000,0,Salaried,28,Married,1.0,688.0,2,78.8,,18000.0,92000,12,Personal,Semi-Urban,Undergraduate,Male,Self,0
APP103824,8000,3000,Salaried,52,Married,2.0,543.0,4,8.0,4200.0,80000.0,190000,180,Education,Urban,Postgraduate,Female,Govt,0
APP103825,8000,3000,Salaried,39,Married,0.0,633.0,1,7.9,2600.0,109000.0,254000,240,Personal,Urban,Postgraduate,Male,Self,0
APP103826,8000,0,Salaried,41,Married,,589.0,1,12.2,3600.0,104000.0,177000,180,Personal,Semi-Urban,Postgraduate,Female,Self,0
APP103827,8000,0,Salaried,27,Married,0.0,,0,5.0,11300.0,20000.0,95000,240,Business,Semi-Urban,Undergraduate,Male,Private,1
APP103828,8000,3000,Business,45,Married,0.0,611.0,0,33.3,8500.0,294000.0,237000,60,Home,Rural,Undergraduate,Male,Self,0
APP103829,8000,0,Salaried,45,Married,0.0,621.0,0,5.7,15900.0,95000.0,112000,240,Home,Urban,Postgraduate,Male,Self,1
APP103830,8000,0,Salaried,34,Married,3.0,698.0,1,13.1,900.0,0.0,136000,120,Personal,Urban,Undergraduate,Male,Private,0
APP103831,8000,0,Business,21,Married,0.0,615.0,0,14.0,6200.0,47000.0,176000,180,Education,Semi-Urban,Postgraduate,Male,Govt,0
APP103832,8000,3000,Business,26,Single,0.0,782.0,3,17.0,7300.0,283000.0,219000,120,Home,Semi-Urban,Graduate,Female,Private,1
APP103833,8000,3000,Salaried,26,Single,3.0,848.0,1,11.9,1600.0,0.0,254000,180,Personal,Urban,Undergraduate,Male,Govt,1
APP103834,8000,3800,Salaried,42,Married,1.0,599.0,0,6.2,4100.0,19000.0,179000,240,Personal,Semi-Urban,Postgraduate,Female,Private,1
APP103835,8000,0,Salaried,33,Single,2.0,756.0,0,7.6,7900.0,189000.0,192000,360,Home,Urban,Undergraduate,Male,Private,1
APP103836,8000,0,Business,33,Single,0.0,595.0,1,5.0,11200.0,44000.0,51000,180,Home,Urban,Graduate,Male,Private,1
APP103837,8000,0,Salaried,32,Single,1.0,631.0,2,8.5,11500.0,0.0,84000,120,Business,Urban,Graduate,Male,Private,0
APP103838,8000,0,Business,52,Married,0.0,726.0,2,15.3,1100.0,94000.0,235000,180,Personal,Semi-Urban,Undergraduate,Female,Self,1
APP103839,8000,3000,Self-Employed,38,Single,1.0,684.0,1,5.0,4300.0,100000.0,89000,240,Home,Rural,Graduate,Male,Private,1
APP103840,8000,0,Salaried,39,Married,1.0,694.0,0,18.0,1800.0,190000.0,175000,120,Home,Urban,Undergraduate,Male,Self,1
APP103841,8000,0,Salaried,31,Married,1.0,762.0,2,25.5,8100.0,61000.0,224000,120,Personal,Urban,Undergraduate,Female,Govt,1
APP103842,8000,3000,Salaried,37,Married,1.0,762.0,2,14.0,5300.0,236000.0,293000,180,Home,Semi-Urban,Undergraduate,Male,Self,1
APP103843,8000,3000,Salaried,28,Married,2.0,668.0,2,41.4,4300.0,51000.0,307000,60,Business,Rural,Postgraduate,Female,Self,0
APP103844,8000,0,Salaried,41,Married,1.0,622.0,0,52.5,192400.0,0.0,237000,60,Personal,Urban,Postgraduate,Male,Private,0
APP103845,8000,3000,Self-Employed,26,Married,1.0,672.0,1,45.4,2800.0,43000.0,160000,36,Education,Urban,Undergraduate,Female,Private,0
APP103846,8000,0,Business,45,Single,0.0,565.0,3,9.3,8000.0,12000.0,111000,120,Business,Urban,Undergraduate,Female,Private,0
APP103847,8000,3000,Self-Employed,30,Married,2.0,750.0,0,78.2,13100.0,9000.0,98000,12,Education,Urban,Postgraduate,Female,Self,0
APP103848,8000,0,Self-Employed,47,Married,0.0,655.0,1,7.0,11600.0,95000.0,87000,180,Home,Semi-Urban,Undergraduate,Male,Self,1
APP103849,8000,0,Salaried,57,Married,1.0,580.0,0,30.1,14400.0,80000.0,173000,60,Personal,Rural,Postgraduate,Male,Private,0
APP103850,8000,0,Salaried,38,Married,0.0,800.0,0,13.5,11600.0,0.0,112000,120,Personal,Semi-Urban,Undergraduate,Female,Private,0
APP103851,8000,0,Salaried,51,Married,2.0,670.0,1,20.1,5800.0,107000.0,114000,60,Home,Rural,Graduate,Male,Govt,1
APP103852,8000,0,Self-Employed,45,Single,3.0,596.0,2,10.7,8200.0,174000.0,172000,240,Home,Semi-Urban,Graduate,Male,Private,0
APP103853,8000,0,Business,23,Married,0.0,782.0,0,5.0,4200.0,9000.0,68000,360,Education,Rural,Graduate,Female,Self,1
APP103854,8000,0,Self-Employed,39,Married,2.0,761.0,4,5.0,3900.0,47000.0,59000,240,Home,Urban,Graduate,Male,Govt,1
APP103855,8000,0,Salaried,43,Single,0.0,494.0,2,11.6,2200.0,45000.0,202000,180,Personal,Urban,Undergraduate,Male,Self,0
APP103856,8000,0,Salaried,43,Married,0.0,779.0,0,8.8,17800.0,0.0,200000,240,Personal,Semi-Urban,Graduate,Male,Self,0
APP103857,8000,0,Self-Employed,39,Single,2.0,694.0,0,90.0,24400.0,0.0,122000,12,Education,Urban,Undergraduate,Male,Self,0
APP103858,8000,0,Salaried,39,Married,0.0,759.0,1,67.2,4500.0,3000.0,162000,36,Education,Urban,Graduate,Male,Govt,0
APP103859,8000,0,Business,38,Married,0.0,657.0,2,29.7,7500.0,0.0,94000,36,Education,Semi-Urban,Graduate,Male,Private,0
APP103860,8000,0,Business,39,Married,1.0,,0,38.7,40100.0,135000.0,119000,36,Home,Urban,Graduate,Male,Govt,0
APP103861,8000,0,Self-Employed,25,Married,2.0,,1,9.2,24900.0,54000.0,55000,60,Home,Semi-Urban,Postgraduate,Female,Private,1
APP103862,8000,3000,Salaried,35,Married,,769.0,0,8.2,19800.0,135000.0,138000,180,Home,Urban,Graduate,Female,Private,1
APP103863,8000,0,Salaried,23,Single,0.0,619.0,0,20.7,10600.0,54000.0,51000,36,Home,Rural,Graduate,Male,Govt,1
APP103864,8000,3000,Salaried,33,Single,0.0,764.0,1,5.0,4300.0,63000.0,178000,360,Personal,Urban,Postgraduate,Male,Self,1
APP103865,8000,0,Salaried,32,Single,0.0,696.0,0,5.0,4800.0,15000.0,148000,360,Personal,Semi-Urban,Graduate,Female,Private,1
APP103866,8000,0,Salaried,31,Single,0.0,748.0,0,5.9,10300.0,75000.0,143000,360,Education,Urban,Graduate,Male,Govt,1
APP103867,8000,0,Self-Employed,27,Married,3.0,589.0,0,90.0,12600.0,49000.0,113000,12,Business,Rural,Undergraduate,Male,Private,0
APP103868,8000,3000,Self-Employed,40,Single,0.0,718.0,0,5.0,3100.0,0.0,121000,360,Business,Semi-Urban,Graduate,Male,Govt,0
APP103869,8000,3000,Salaried,34,Married,1.0,711.0,2,5.0,28200.0,77000.0,186000,360,Business,Urban,Graduate,Male,Private,1
APP103870,8000,0,Salaried,33,Single,3.0,838.0,1,6.2,33100.0,,215000,360,Business,Urban,Graduate,Female,Private,1
APP103871,8000,0,Salaried,23,Married,1.0,734.0,1,14.1,17900.0,75000.0,237000,180,Personal,Urban,Graduate,Male,Self,1
APP103872,8000,3000,Salaried,35,Single,0.0,627.0,0,6.1,36400.0,0.0,149000,240,Personal,Semi-Urban,Postgraduate,Female,Self,0
APP103873,8000,3000,Business,49,Single,1.0,623.0,0,69.7,15300.0,269000.0,323000,36,Home,Semi-Urban,Graduate,Male,Private,0
APP103874,8000,3000,Salaried,49,Married,3.0,732.0,2,36.6,10700.0,0.0,181000,36,Personal,Urban,Undergraduate,Female,Private,0
APP103875,8000,0,Salaried,41,Married,0.0,631.0,0,64.0,8500.0,0.0,166000,36,Personal,Semi-Urban,Undergraduate,Male,Private,0
APP103876,8000,0,Salaried,35,Married,0.0,633.0,0,7.4,5900.0,86000.0,202000,360,Personal,Rural,Graduate,Male,Private,1
APP103877,8900,0,Business,43,Married,0.0,602.0,0,46.7,8100.0,75000.0,130000,36,Personal,Urban,Undergraduate,Male,Private,0
APP103878,8000,0,Self-Employed,31,Single,1.0,691.0,0,31.5,2900.0,48000.0,88000,36,Education,Semi-Urban,Graduate,Male,Private,0
APP103879,8000,0,Salaried,35,Single,0.0,691.0,1,5.0,7500.0,20000.0,100000,360,Personal,Semi-Urban,Graduate,Male,Private,1
APP103880,8000,3000,Salaried,30,Married,2.0,650.0,0,58.6,2500.0,67000.0,287000,36,Education,Semi-Urban,Graduate,Male,Private,0
APP103881,8000,0,Self-Employed,47,Married,1.0,832.0,0,8.8,3600.0,130000.0,227000,360,Personal,Urban,Graduate,Male,Private,1
APP103882,8000,0,Business,45,Single,1.0,723.0,1,5.0,27700.0,0.0,73000,240,Business,Urban,Postgraduate,Male,Private,0
APP103883,8000,0,Salaried,37,Married,2.0,822.0,2,90.0,26400.0,14000.0,181000,12,Business,Urban,Graduate,Male,Self,0
APP103884,8000,0,Business,55,Married,0.0,691.0,0,54.4,3500.0,,55000,12,Personal,Semi-Urban,Undergraduate,Female,Govt,0
APP103885,8000,0,Business,42,Single,2.0,614.0,0,16.0,19300.0,276000.0,216000,180,Home,Semi-Urban,Postgraduate,Female,Self,0
APP103886,8000,3000,Business,41,Single,1.0,590.0,0,6.1,4500.0,,292000,360,Business,Urban,Graduate,Female,Private,1
APP103887,8000,3000,Self-Employed,40,Married,1.0,660.0,1,7.4,4200.0,263000.0,270000,360,Home,Urban,Postgraduate,Female,Govt,1
APP103888,8000,0,Self-Employed,25,Married,0.0,747.0,0,19.3,32600.0,26000.0,206000,120,Business,Urban,Undergraduate,Male,Private,1
APP103889,8000,3000,Salaried,29,Single,1.0,653.0,0,20.1,2700.0,225000.0,226000,120,Home,Rural,Graduate,Male,Private,1
APP103890,8000,3000,Self-Employed,37,Single,1.0,757.0,0,7.4,1400.0,23000.0,105000,120,Education,Urban,Graduate,Male,Self,1
APP103891,8000,3000,Salaried,37,Single,1.0,790.0,2,10.9,4200.0,169000.0,307000,240,Personal,Semi-Urban,Graduate,Female,Private,1
APP103892,8000,0,Self-Employed,43,Married,0.0,607.0,0,7.1,4400.0,26000.0,75000,120,Personal,Rural,Graduate,Female,Private,1
APP103893,8000,3100,Salaried,31,Single,0.0,565.0,2,33.5,5600.0,2000.0,127000,36,Education,Rural,Postgraduate,Male,Private,0
APP103894,8000,3000,Self-Employed,38,Married,1.0,765.0,0,5.7,1400.0,106000.0,180000,240,Personal,Semi-Urban,Graduate,Male,Private,1
APP103895,8000,0,Business,38,Single,1.0,696.0,1,8.2,11500.0,27000.0,144000,180,Personal,Urban,Postgraduate,Male,Private,1
APP103896,8000,0,Salaried,39,Married,1.0,677.0,4,24.7,54000.0,62000.0,66000,36,Home,Rural,Postgraduate,Male,Private,0
APP103897,8000,3000,Business,38,Married,1.0,718.0,3,11.9,11000.0,146000.0,267000,240,Personal,Semi-Urban,Postgraduate,Male,Private,1
APP103898,8000,0,Salaried,23,Single,0.0,542.0,0,5.6,6500.0,67000.0,74000,180,Home,Semi-Urban,Graduate,Male,Private,0
APP103899,8000,3000,Business,21,Married,0.0,719.0,0,10.9,15800.0,98000.0,239000,180,Personal,Urban,Graduate,Female,Self,1
APP103900,10600,0,Salaried,28,Married,1.0,672.0,3,6.6,8700.0,151000.0,179000,240,Home,Urban,Graduate,Male,Private,1
APP103901,8000,0,Salaried,32,Single,1.0,721.0,0,12.5,,0.0,204000,180,Personal,Semi-Urban,Graduate,Female,Self,0
APP103902,8000,3000,Business,26,Single,1.0,,3,5.9,7500.0,15000.0,144000,240,Education,Rural,Undergraduate,Female,Govt,0
APP103903,8600,0,Salaried,37,Single,2.0,679.0,1,6.5,10100.0,237000.0,224000,360,Home,Rural,Graduate,Female,Govt,1
APP103904,8000,0,Business,48,Married,2.0,612.0,3,5.1,5400.0,48000.0,96000,240,Personal,Rural,Graduate,Male,Private,1
APP103905,8000,0,Salaried,45,Married,0.0,765.0,1,9.3,1600.0,0.0,158000,240,Personal,Semi-Urban,Graduate,Male,Govt,1
APP103906,8000,0,Salaried,42,Single,1.0,640.0,4,7.4,,0.0,141000,240,Business,Urban,Undergraduate,Male,Private,0
APP103907,8000,3000,Salaried,47,Married,1.0,617.0,1,8.3,13800.0,0.0,159000,180,Business,Semi-Urban,Undergraduate,Male,Private,0
APP103908,8000,3000,Self-Employed,28,Single,0.0,590.0,0,12.4,4000.0,38000.0,69000,60,Personal,Semi-Urban,Postgraduate,Male,Private,1
APP103909,8000,0,Salaried,33,Married,3.0,758.0,0,12.0,11500.0,39000.0,124000,120,Education,Semi-Urban,Graduate,Female,Private,1
APP103910,8000,0,Salaried,44,Single,1.0,768.0,0,5.0,2600.0,31000.0,71000,240,Education,Rural,Graduate,Female,Self,1
APP103911,8000,0,Salaried,33,Married,2.0,853.0,0,10.2,11900.0,94000.0,91000,120,Home,Urban,Postgraduate,Female,Self,1
APP103912,8000,3000,Salaried,33,Married,3.0,635.0,2,15.9,17000.0,127000.0,248000,120,Education,Urban,Undergraduate,Female,Govt,1
APP103913,8000,3000,Business,56,Single,0.0,580.0,1,9.8,22800.0,128000.0,217000,240,Business,Rural,Postgraduate,Male,Private,1
APP103914,8000,0,Business,38,Married,0.0,660.0,1,90.0,14300.0,88000.0,149000,12,Education,Urban,Postgraduate,Male,Private,0
APP103915,8000,3000,Salaried,55,Single,0.0,617.0,0,6.6,6700.0,70000.0,215000,240,Education,Semi-Urban,Graduate,Male,Govt,1
APP103916,8000,3000,Self-Employed,21,Single,0.0,591.0,4,5.4,22600.0,122000.0,98000,180,Home,Rural,Graduate,Male,Private,0
APP103917,8000,0,Salaried,31,Single,0.0,722.0,0,7.1,4700.0,79000.0,80000,120,Home,Urban,Undergraduate,Female,Private,1
APP103918,16400,3000,Self-Employed,42,Single,3.0,778.0,0,14.5,10900.0,408000.0,369000,120,Home,Rural,Graduate,Male,Private,1
APP103919,8000,0,Business,38,Married,3.0,701.0,2,24.7,3900.0,59000.0,126000,60,Personal,Urban,Undergraduate,Male,Private,1
APP103920,8000,0,Business,21,Married,1.0,674.0,2,13.2,10200.0,0.0,137000,120,Education,Rural,Graduate,Male,Private,0
APP103921,8000,3000,Salaried,35,Married,2.0,753.0,0,24.8,36100.0,104000.0,298000,120,Personal,Urban,Graduate,Male,Govt,1
APP103922,8000,0,Self-Employed,62,Married,0.0,651.0,1,9.6,17600.0,9000.0,84000,120,Personal,Semi-Urban,Postgraduate,Male,Private,1
APP103923,8000,3000,Salaried,40,Married,1.0,810.0,0,11.7,20400.0,0.0,306000,240,Personal,Semi-Urban,Graduate,Female,Self,1
APP103924,8000,0,Business,44,Married,0.0,900.0,0,15.2,24700.0,47000.0,213000,180,Personal,Semi-Urban,Graduate,Male,Private,1
APP103925,8000,0,Salaried,31,Married,0.0,607.0,2,10.7,,94000.0,221000,240,Personal,Semi-Urban,Graduate,Male,Private,0
APP103926,8000,0,Self-Employed,40,Married,0.0,772.0,2,7.2,3400.0,31000.0,171000,240,Education,Rural,Postgraduate,Male,Private,1
APP103927,8000,3200,Self-Employed,37,Married,1.0,780.0,1,41.9,1300.0,0.0,299000,60,Education,Semi-Urban,Graduate,Male,Private,0
APP103928,8000,0,Self-Employed,49,Single,0.0,719.0,1,39.8,2700.0,0.0,238000,60,Business,Rural,Graduate,Male,Govt,0
APP103929,8000,0,Salaried,48,Married,0.0,795.0,0,55.3,,148000.0,139000,36,Home,Semi-Urban,Postgraduate,Female,Self,1
APP103930,8000,0,Business,42,Married,1.0,703.0,1,7.8,1100.0,185000.0,213000,360,Home,Semi-Urban,Graduate,Male,Govt,1
APP103931,8000,0,Salaried,38,Single,1.0,714.0,3,9.2,9700.0,25000.0,222000,360,Education,Urban,Undergraduate,Male,Private,1
APP103932,8000,3000,Self-Employed,21,Married,0.0,679.0,1,32.6,13300.0,41000.0,148000,36,Personal,Rural,Graduate,Male,Govt,1
APP103933,8000,3000,Salaried,21,Single,0.0,684.0,1,9.8,1700.0,188000.0,183000,180,Home,Urban,Postgraduate,Female,Self,1
APP103934,8000,0,Salaried,38,Single,2.0,737.0,0,5.0,19500.0,68000.0,158000,360,Personal,Urban,Graduate,Male,Govt,1
APP103935,8000,0,Salaried,46,Married,0.0,693.0,3,6.3,5300.0,27000.0,115000,240,Personal,Urban,Undergraduate,Male,Private,0
APP103936,8300,3000,Salaried,51,Single,2.0,585.0,0,7.6,1600.0,0.0,155000,180,Education,Urban,Postgraduate,Male,Private,0
APP103937,8000,3000,Salaried,29,Single,0.0,725.0,0,27.0,1500.0,0.0,167000,60,Education,Rural,Undergraduate,Female,Private,0
APP103938,8000,0,Salaried,22,Married,1.0,649.0,1,29.3,7700.0,52000.0,129000,60,Personal,Urban,Graduate,Male,Private,0
APP103939,8000,3000,Salaried,47,Single,1.0,629.0,0,5.1,8800.0,117000.0,133000,240,Home,Rural,Graduate,Male,Private,1
APP103940,8000,0,Self-Employed,29,Married,2.0,743.0,3,7.2,8000.0,116000.0,139000,240,Home,Semi-Urban,Postgraduate,Male,Self,1
APP103941,8000,0,Business,22,Married,0.0,,0,11.4,22900.0,232000.0,198000,180,Home,Rural,Graduate,Male,Self,1
APP103942,8000,0,Salaried,33,Married,0.0,647.0,1,55.1,8600.0,4000.0,168000,36,Personal,Semi-Urban,Graduate,Female,Private,0
APP103943,8000,3000,Salaried,32,Married,2.0,584.0,0,5.0,4500.0,6000.0,166000,360,Personal,Urban,Undergraduate,Female,Govt,0
APP103944,8000,0,Salaried,51,Married,1.0,643.0,0,5.0,5900.0,9000.0,78000,360,Education,Semi-Urban,Graduate,Male,Govt,1
APP103945,8000,3000,Salaried,46,Single,2.0,887.0,1,65.3,23900.0,61000.0,284000,36,Personal,Semi-Urban,Undergraduate,Female,Self,0
APP103946,8000,0,Self-Employed,30,Married,2.0,595.0,2,45.3,2600.0,0.0,146000,36,Personal,Urban,Graduate,Female,Private,0
APP103947,8000,3000,Self-Employed,51,Married,1.0,658.0,1,18.5,9500.0,259000.0,322000,180,Home,Urban,Postgraduate,Female,Self,1
APP103948,8000,3000,Salaried,39,Married,3.0,789.0,2,22.8,9900.0,129000.0,133000,60,Home,Urban,Postgraduate,Male,Private,1
APP103949,8000,3000,Salaried,48,Single,1.0,695.0,3,15.8,22500.0,0.0,112000,60,Business,Urban,Postgraduate,Male,Self,0
APP103950,8000,0,Salaried,51,Single,1.0,643.0,3,14.5,9100.0,6000.0,50000,36,Personal,Semi-Urban,Undergraduate,Male,Self,0
APP103951,8000,0,Business,35,Single,,617.0,0,5.0,3100.0,30000.0,64000,360,Personal,Urban,Graduate,Female,Self,0
APP103952,8000,3000,Business,43,Single,1.0,740.0,0,5.0,9800.0,73000.0,168000,360,Education,Semi-Urban,Undergraduate,Male,Private,1
APP103953,9600,0,Salaried,33,Single,1.0,642.0,1,34.2,16600.0,2000.0,103000,36,Personal,Rural,Postgraduate,Male,Private,0
APP103954,8000,4000,Salaried,47,Single,2.0,867.0,1,5.0,9300.0,0.0,83000,360,Personal,Urban,Graduate,Male,Private,1
APP103955,8000,0,Business,38,Single,1.0,654.0,0,5.6,24300.0,116000.0,91000,240,Home,Semi-Urban,Undergraduate,Male,Private,1
APP103956,8000,3000,Business,47,Married,1.0,832.0,0,19.4,2200.0,58000.0,258000,120,Business,Urban,Graduate,Male,Private,1
APP103957,8000,0,Salaried,53,Married,1.0,750.0,1,7.0,6900.0,152000.0,189000,360,Home,Urban,Undergraduate,Female,Govt,1
APP103958,8000,0,Salaried,43,Single,0.0,758.0,0,5.3,8200.0,99000.0,77000,180,Home,Semi-Urban,Graduate,Male,Private,1
APP103959,8000,0,Salaried,37,Married,0.0,665.0,0,7.3,17500.0,282000.0,228000,360,Home,Urban,Undergraduate,Female,Private,1
APP103960,8000,0,Self-Employed,37,Married,0.0,630.0,1,5.0,19900.0,0.0,79000,180,Personal,Urban,Postgraduate,Male,Private,0
APP103961,8000,3000,Salaried,21,Married,1.0,648.0,1,5.1,8300.0,6000.0,90000,180,Personal,Urban,Graduate,Male,Private,1
APP103962,8000,3000,Salaried,30,Single,2.0,774.0,0,19.2,5600.0,13000.0,109000,60,Personal,Rural,Postgraduate,Male,Private,1
APP103963,8000,3000,Self-Employed,47,Married,1.0,711.0,2,8.5,9800.0,8000.0,103000,120,Business,Semi-Urban,Graduate,Male,Private,1
APP103964,8000,3000,Salaried,47,Single,3.0,512.0,0,10.7,2600.0,204000.0,233000,180,Home,Rural,Graduate,Male,Self,1
APP103965,8000,3000,Self-Employed,30,Single,0.0,556.0,1,5.0,5000.0,57000.0,107000,360,Personal,Rural,Graduate,Female,Private,0
APP103966,8000,0,Salaried,39,Single,2.0,643.0,3,9.3,14300.0,0.0,170000,240,Personal,Urban,Graduate,Male,Private,0
APP103967,8000,0,Salaried,36,Single,0.0,728.0,0,37.6,11500.0,44000.0,101000,36,Business,Urban,Graduate,Female,Govt,1
APP103968,8000,0,Self-Employed,44,Single,0.0,659.0,0,82.6,4200.0,77000.0,96000,12,Home,Urban,Postgraduate,Male,Private,0
APP103969,8000,0,Salaried,60,Married,2.0,634.0,0,7.9,3700.0,0.0,220000,360,Business,Semi-Urban,Graduate,Male,Private,0
APP103970,8000,0,Business,45,Married,0.0,591.0,0,9.5,3600.0,76000.0,89000,120,Home,Semi-Urban,Postgraduate,Male,Self,0
APP103971,8000,3000,Salaried,31,Married,0.0,762.0,0,23.7,3900.0,144000.0,294000,120,Personal,Urban,Graduate,Male,Private,1
APP103972,8000,0,Salaried,37,Single,0.0,664.0,3,5.0,9400.0,31000.0,106000,360,Personal,Urban,Postgraduate,Male,Private,1
APP103973,8000,0,Self-Employed,52,Single,2.0,831.0,0,7.9,26900.0,0.0,238000,360,Business,Urban,Postgraduate,Male,Private,1
APP103974,8000,3000,Salaried,23,Single,1.0,563.0,0,10.6,30400.0,344000.0,325000,240,Home,Rural,Graduate,Male,Private,1
APP103975,8000,3000,Business,31,Married,0.0,726.0,2,50.3,3200.0,367000.0,284000,60,Home,Rural,Undergraduate,Male,Self,0
APP103976,8000,3000,Salaried,45,Married,0.0,729.0,0,24.8,11300.0,326000.0,295000,120,Home,Urban,Postgraduate,Male,Private,1
APP103977,8000,0,Salaried,50,Married,0.0,748.0,1,10.9,10700.0,41000.0,206000,240,Personal,Urban,Postgraduate,Female,Self,1
APP103978,8000,3000,Salaried,44,Married,0.0,754.0,0,5.5,10000.0,66000.0,232000,360,Personal,Urban,Graduate,Male,Private,1
APP103979,8000,0,Salaried,31,Married,2.0,610.0,3,8.4,3100.0,13000.0,203000,360,Business,Rural,Graduate,Male,Self,0
APP103980,8000,0,Business,43,Married,3.0,663.0,0,9.8,3900.0,52000.0,169000,180,Education,Rural,Undergraduate,Female,Govt,1
APP103981,8000,0,Business,42,Single,3.0,686.0,1,8.6,11400.0,238000.0,210000,360,Home,Urban,Undergraduate,Male,Private,1
APP103982,8000,0,Salaried,41,Married,2.0,573.0,2,90.0,5500.0,198000.0,228000,12,Home,Urban,Graduate,Male,Private,0
APP103983,8000,0,Salaried,37,Married,2.0,772.0,0,33.7,8900.0,233000.0,193000,60,Home,Urban,Graduate,Male,Private,1
APP103984,9500,0,Business,38,Single,2.0,441.0,2,23.1,2900.0,73000.0,277000,120,Personal,Semi-Urban,Postgraduate,Male,Govt,0
APP103985,8000,3000,Business,28,Married,3.0,559.0,2,5.1,5000.0,47000.0,184000,360,Business,Semi-Urban,Postgraduate,Female,Private,0
APP103986,8000,0,Salaried,62,Married,2.0,504.0,3,90.0,2100.0,0.0,226000,12,Business,Semi-Urban,Undergraduate,Male,Private,0
APP103987,8000,0,Salaried,39,Married,1.0,754.0,3,9.5,10600.0,47000.0,91000,120,Education,Rural,Graduate,Female,Private,1
APP103988,8000,0,Salaried,43,Married,0.0,699.0,0,5.0,5700.0,55000.0,54000,360,Home,Urban,Graduate,Female,Private,1
APP103989,8000,0,Business,35,Married,1.0,624.0,1,8.0,10600.0,69000.0,73000,120,Home,Rural,Graduate,Male,Private,1
APP103990,8000,0,Salaried,46,Married,1.0,664.0,3,17.6,5600.0,0.0,79000,60,Personal,Urban,Graduate,Male,Private,0
APP103991,8000,0,Salaried,25,Married,1.0,,0,9.2,10300.0,0.0,206000,240,Business,Urban,Graduate,Male,Private,0
APP103992,8000,3000,Self-Employed,21,Married,2.0,560.0,1,5.9,49300.0,163000.0,172000,240,Home,Semi-Urban,Undergraduate,Male,Govt,0
APP103993,8000,3000,Salaried,37,Married,,693.0,0,6.2,4800.0,120000.0,128000,180,Home,Rural,Postgraduate,Male,Self,1
APP103994,8000,3000,Salaried,58,Single,0.0,796.0,1,6.0,13200.0,0.0,280000,360,Personal,Semi-Urban,Undergraduate,Male,Govt,0
APP103995,8000,3000,Salaried,50,Married,0.0,804.0,2,16.4,4200.0,42000.0,119000,60,Personal,Rural,Graduate,Male,Self,1
APP103996,8000,3000,Salaried,29,Single,,748.0,1,5.0,7100.0,74000.0,87000,360,Home,Rural,Graduate,Male,Private,1
APP103997,8000,0,Salaried,43,Married,1.0,671.0,4,5.8,13000.0,0.0,138000,240,Business,Urban,Graduate,Female,Private,0
APP103998,8000,0,Salaried,31,Married,0.0,755.0,1,5.2,10800.0,68000.0,61000,120,Home,Rural,Graduate,Male,Private,1
APP103999,8000,0,Salaried,42,Single,2.0,735.0,1,5.0,16200.0,0.0,102000,360,Business,Rural,Undergraduate,Female,Private,0
APP104000,8000,3000,Self-Employed,43,Married,0.0,578.0,0,60.5,21100.0,216000.0,251000,36,Home,Semi-Urban,Graduate,Female,Private,0
APP104001,8000,3000,Business,47,Married,1.0,565.0,4,46.2,15800.0,156000.0,165000,36,Home,Semi-Urban,Graduate,Male,Private,0
APP104002,8000,3000,Self-Employed,22,Single,0.0,713.0,3,5.0,20300.0,89000.0,89000,360,Home,Rural,Graduate,Female,Govt,1
APP104003,8000,4100,Salaried,25,Married,2.0,587.0,4,39.5,10000.0,243000.0,190000,36,Home,Rural,Graduate,Male,Self,0
APP104004,8000,3000,Salaried,37,Single,2.0,555.0,4,90.0,3900.0,105000.0,201000,12,Personal,Urban,Undergraduate,Male,Self,0
APP104005,8000,0,Salaried,27,Single,1.0,780.0,2,9.8,18000.0,0.0,96000,120,Personal,Rural,Graduate,Male,Private,0
APP104006,8000,3000,Salaried,26,Married,3.0,661.0,3,33.2,5500.0,0.0,111000,36,Education,Rural,Postgraduate,Male,Private,0
APP104007,8000,3000,Salaried,40,Married,3.0,674.0,0,6.9,16200.0,60000.0,267000,360,Personal,Urban,Postgraduate,Male,Private,1
APP104008,8000,0,Self-Employed,28,Married,2.0,,0,5.0,2300.0,0.0,61000,360,Education,Semi-Urban,Graduate,Male,Private,0
APP104009,8000,3000,Salaried,60,Single,2.0,623.0,2,16.4,5700.0,353000.0,319000,180,Home,Urban,Graduate,Male,Govt,0
APP104010,8000,0,Salaried,32,Single,2.0,641.0,1,5.0,4100.0,16000.0,50000,120,Business,Urban,Undergraduate,Male,Private,1
APP104011,8100,3000,Salaried,35,Single,1.0,582.0,2,13.2,12000.0,38000.0,240000,180,Business,Semi-Urban,Postgraduate,Male,Self,1
APP104012,8000,3000,Self-Employed,40,Married,1.0,554.0,2,16.4,4600.0,97000.0,101000,60,Home,Rural,Graduate,Male,Govt,0
APP104013,8000,3000,Salaried,22,Single,0.0,837.0,0,34.7,8000.0,112000.0,210000,60,Education,Urban,Graduate,Male,Private,1
APP104014,8000,3000,Self-Employed,43,Married,0.0,,3,26.7,7000.0,0.0,115000,36,Personal,Rural,Graduate,Male,Self,0
APP104015,8000,3000,Salaried,41,Married,2.0,654.0,2,6.4,22600.0,67000.0,75000,120,Home,Semi-Urban,Graduate,Male,Private,1
APP104016,8000,3000,Business,34,Single,0.0,552.0,1,12.8,13000.0,171000.0,293000,240,Personal,Rural,Graduate,Male,Govt,0
APP104017,8000,3000,Business,40,Married,1.0,516.0,1,5.3,10800.0,0.0,178000,360,Personal,Rural,Graduate,Female,Self,0
APP104018,8000,0,Salaried,42,Single,0.0,631.0,1,5.6,8300.0,102000.0,101000,240,Home,Rural,Graduate,Male,Private,1
APP104019,8000,3000,Salaried,52,Married,1.0,477.0,0,11.2,3800.0,408000.0,316000,240,Home,Rural,Graduate,Female,Govt,0
APP104020,8000,3000,Salaried,63,Single,0.0,623.0,2,6.4,3400.0,49000.0,88000,120,Personal,Rural,Graduate,Male,Private,1
APP104021,8000,0,Salaried,27,Married,2.0,474.0,3,5.0,10700.0,110000.0,115000,360,Home,Urban,Undergraduate,Female,Private,0
APP104022,8000,0,Self-Employed,25,Married,3.0,671.0,0,5.0,2000.0,94000.0,82000,360,Home,Urban,Postgraduate,Male,Self,1
APP104023,8000,3000,Business,39,Married,3.0,697.0,0,9.3,7800.0,156000.0,328000,360,Personal,Urban,Undergraduate,Male,Private,1
APP104024,8000,3000,Self-Employed,21,Married,1.0,663.0,0,90.0,9000.0,79000.0,210000,12,Personal,Semi-Urban,Graduate,Male,Private,0
APP104025,8000,0,Business,44,Married,3.0,,2,10.9,2000.0,187000.0,204000,240,Home,Urban,Postgraduate,Male,Private,1
APP104026,8000,3000,Salaried,39,Single,1.0,645.0,2,5.0,7700.0,59000.0,109000,240,Business,Urban,Graduate,Male,Self,1
APP104027,8000,0,Salaried,41,Married,1.0,835.0,0,25.0,8200.0,26000.0,106000,60,Personal,Rural,Postgraduate,Male,Govt,1
APP104028,8000,0,Self-Employed,34,Married,0.0,706.0,0,5.5,64800.0,200000.0,167000,360,Home,Semi-Urban,Graduate,Female,Private,1
APP104029,8000,0,Salaried,40,Married,2.0,845.0,2,16.9,8200.0,38000.0,82000,60,Education,Rural,Graduate,Male,Self,1
APP104030,8000,3000,Self-Employed,42,Married,0.0,521.0,0,26.7,19400.0,32000.0,198000,60,Personal,Urban,Undergraduate,Male,Self,0
APP104031,9000,0,Salaried,40,Single,1.0,582.0,0,14.5,12700.0,277000.0,255000,180,Home,Urban,Postgraduate,Female,Govt,1
APP104032,8000,0,Salaried,24,Single,2.0,654.0,0,24.2,10500.0,0.0,227000,120,Education,Urban,Undergraduate,Male,Govt,0
APP104033,8000,3000,Business,39,Married,,800.0,3,5.0,18600.0,5000.0,160000,360,Personal,Urban,Graduate,Female,Private,1
APP104034,8000,3000,Salaried,56,Married,0.0,658.0,0,13.5,1900.0,19000.0,202000,120,Personal,Urban,Graduate,Male,Govt,1
APP104035,8000,0,Business,40,Single,1.0,618.0,0,8.9,7400.0,6000.0,86000,120,Personal,Urban,Graduate,Female,Private,1
APP104036,8000,0,Business,39,Married,2.0,710.0,3,10.6,10700.0,78000.0,236000,240,Personal,Urban,Postgraduate,Male,Govt,1
APP104037,8000,0,Self-Employed,53,Married,0.0,761.0,0,59.2,3100.0,174000.0,148000,36,Home,Semi-Urban,Postgraduate,Female,Govt,1
APP104038,8000,0,Self-Employed,30,Married,2.0,602.0,1,5.4,7700.0,29000.0,88000,240,Education,Urban,Undergraduate,Female,Private,0
APP104039,8000,3000,Self-Employed,46,Married,2.0,618.0,0,9.7,8900.0,0.0,289000,240,Personal,Urban,Graduate,Male,Self,0
APP104040,8000,0,Business,32,Married,3.0,824.0,1,7.4,6800.0,0.0,129000,180,Personal,Semi-Urban,Postgraduate,Male,Private,0
APP104041,8000,3000,Salaried,48,Married,1.0,792.0,0,6.9,3300.0,105000.0,234000,360,Personal,Semi-Urban,Graduate,Male,Private,1
APP104042,8000,3000,Salaried,45,Single,0.0,808.0,1,13.5,3800.0,85000.0,289000,180,Education,Rural,Graduate,Female,Self,1
APP104043,8000,3300,Self-Employed,33,Married,1.0,764.0,0,5.0,5900.0,0.0,152000,240,Business,Semi-Urban,Postgraduate,Male,Private,1
APP104044,8000,0,Salaried,35,Married,1.0,587.0,2,6.4,11900.0,130000.0,159000,360,Home,Rural,Postgraduate,Male,Private,0
APP104045,8000,0,Salaried,47,Married,2.0,669.0,1,5.0,8900.0,52000.0,59000,240,Home,Rural,Graduate,Male,Private,1
APP104046,8000,3000,Salaried,21,Married,3.0,560.0,3,8.0,9900.0,155000.0,128000,120,Home,Semi-Urban,Graduate,Male,Govt,1
APP104047,8000,0,Self-Employed,33,Married,3.0,767.0,0,69.0,6400.0,95000.0,75000,12,Home,Semi-Urban,Graduate,Male,Private,0
APP104048,8000,0,Business,44,Single,1.0,615.0,2,10.1,3500.0,75000.0,172000,240,Personal,Urban,Graduate,Female,Private,0
APP104049,8000,3000,Salaried,34,Married,1.0,501.0,3,5.0,6000.0,167000.0,133000,360,Home,Semi-Urban,Graduate,Male,Private,0
APP104050,8000,3000,Business,39,Single,0.0,690.0,0,14.4,3500.0,340000.0,267000,180,Home,Semi-Urban,Graduate,Female,Govt,1
APP104051,8000,3000,Self-Employed,21,Married,0.0,781.0,0,16.5,400.0,314000.0,267000,120,Home,Rural,Graduate,Male,Private,1
APP104052,8000,0,Business,29,Single,3.0,540.0,2,15.7,8000.0,108000.0,199000,180,Personal,Semi-Urban,Undergraduate,Male,Private,1
APP104053,8000,0,Self-Employed,44,Married,1.0,668.0,0,5.0,6200.0,1000.0,73000,240,Business,Rural,Undergraduate,Male,Govt,1
APP104054,8000,0,Self-Employed,30,Married,1.0,630.0,0,90.0,27900.0,53000.0,149000,12,Personal,Rural,Graduate,Male,Govt,0
APP104055,8000,3000,Salaried,24,Single,0.0,761.0,1,6.9,16100.0,222000.0,245000,360,Home,Rural,Undergraduate,Female,Self,1
APP104056,8000,0,Business,48,Married,0.0,471.0,3,5.0,13000.0,0.0,110000,360,Personal,Urban,Postgraduate,Female,Private,0
APP104057,8000,3000,Salaried,43,Single,1.0,782.0,0,5.7,3000.0,,135000,180,Home,Urban,Graduate,Male,Govt,1
APP104058,8000,0,Business,27,Married,2.0,608.0,1,64.7,22500.0,233000.0,186000,36,Home,Rural,Graduate,Male,Private,0
APP104059,8000,3000,Business,39,Single,0.0,665.0,0,5.9,9300.0,56000.0,159000,240,Business,Rural,Undergraduate,Male,Govt,1
APP104060,8000,0,Salaried,27,Single,0.0,741.0,2,32.7,5700.0,0.0,96000,36,Education,Urban,Postgraduate,Female,Private,0
APP104061,8000,0,Salaried,36,Single,1.0,,0,9.5,3700.0,129000.0,156000,180,Home,Rural,Undergraduate,Female,Private,1
APP104062,8000,0,Self-Employed,39,Married,0.0,684.0,0,50.2,4200.0,77000.0,167000,36,Education,Semi-Urban,Undergraduate,Female,Private,0
APP104063,8000,0,Salaried,29,Married,0.0,590.0,3,15.2,6300.0,251000.0,197000,180,Home,Urban,Graduate,Male,Private,0
APP104064,8000,3000,Business,45,Single,0.0,624.0,1,6.1,2900.0,0.0,77000,120,Education,Semi-Urban,Graduate,Male,Govt,0
APP104065,8000,3000,Salaried,46,Single,1.0,768.0,2,5.0,8400.0,0.0,112000,360,Education,Rural,Graduate,Male,Private,0
APP104066,8000,0,Salaried,40,Single,1.0,592.0,1,11.6,6900.0,192000.0,197000,240,Home,Semi-Urban,Graduate,Male,Govt,1
APP104067,8000,3000,Business,42,Married,3.0,709.0,0,5.0,,0.0,206000,360,Business,Rural,Graduate,Male,Private,0
APP104068,8000,3000,Self-Employed,23,Single,1.0,656.0,3,46.3,7000.0,0.0,279000,60,Personal,Urban,Graduate,Male,Self,0
APP104069,8000,3000,Business,51,Married,1.0,716.0,4,39.0,1300.0,22000.0,184000,36,Business,Semi-Urban,Graduate,Male,Private,0
APP104070,8000,3000,Salaried,37,Married,0.0,675.0,1,16.8,5900.0,67000.0,187000,120,Personal,Rural,Graduate,Female,Self,1
APP104071,8000,3000,Self-Employed,28,Married,2.0,616.0,3,48.6,2600.0,51000.0,166000,36,Personal,Semi-Urban,Graduate,Female,Govt,0
APP104072,8000,0,Self-Employed,39,Married,1.0,618.0,2,32.9,4500.0,36000.0,181000,60,Education,Urban,Graduate,Male,Private,0
APP104073,8000,0,Self-Employed,45,Single,0.0,624.0,1,9.0,3200.0,190000.0,161000,180,Home,Semi-Urban,Graduate,Male,Govt,0
APP104074,8000,3000,Self-Employed,43,Married,1.0,531.0,3,7.1,65500.0,15000.0,170000,180,Personal,Rural,Graduate,Male,Private,1
APP104075,8000,0,Self-Employed,27,Single,0.0,725.0,0,90.0,5800.0,44000.0,84000,12,Education,Urban,Postgraduate,Female,Govt,0
APP104076,8000,0,Salaried,45,Married,1.0,682.0,2,5.0,16600.0,64000.0,50000,120,Home,Semi-Urban,Undergraduate,Female,Govt,1
APP104077,8000,0,Salaried,37,Married,1.0,548.0,0,5.1,6000.0,32000.0,66000,180,Education,Urban,Graduate,Female,Private,0
APP104078,8000,0,Self-Employed,43,Married,1.0,643.0,0,16.2,6500.0,0.0,69000,60,Personal,Semi-Urban,Graduate,Female,Private,0
APP104079,8000,0,Salaried,29,Married,3.0,639.0,2,5.0,5000.0,91000.0,157000,360,Business,Semi-Urban,Undergraduate,Male,Govt,1
APP104080,8000,3000,Self-Employed,48,Married,3.0,603.0,3,44.1,4000.0,0.0,266000,60,Education,Rural,Postgraduate,Male,Self,0
APP104081,8000,0,Salaried,39,Single,2.0,669.0,0,32.0,4100.0,0.0,136000,60,Personal,Semi-Urban,Undergraduate,Male,Govt,0
APP104082,8000,0,Self-Employed,49,Single,2.0,662.0,1,29.7,11800.0,,128000,60,Business,Semi-Urban,Graduate,Male,Govt,0
APP104083,8000,3000,Self-Employed,22,Married,0.0,752.0,1,22.4,7600.0,104000.0,101000,36,Home,Rural,Undergraduate,Female,Private,1
APP104084,8000,0,Salaried,23,Married,0.0,679.0,0,7.5,30600.0,,221000,360,Home,Urban,Undergraduate,Male,Self,1
APP104085,8000,0,Salaried,35,Married,0.0,733.0,0,32.6,6500.0,236000.0,189000,60,Home,Semi-Urban,Postgraduate,Male,Govt,1
APP104086,8800,3000,Salaried,52,Single,0.0,554.0,0,6.7,6100.0,53000.0,189000,240,Business,Rural,Graduate,Male,Govt,0
APP104087,8000,0,Self-Employed,57,Married,0.0,576.0,1,6.8,8400.0,57000.0,67000,120,Home,Urban,Undergraduate,Female,Self,0
APP104088,8000,3000,Business,29,Married,2.0,548.0,1,12.7,14900.0,319000.0,289000,240,Home,Urban,Undergraduate,Male,Private,0
APP104089,8000,3000,Salaried,38,Married,1.0,644.0,0,5.0,9100.0,36000.0,111000,360,Education,Semi-Urban,Undergraduate,Male,Private,1
APP104090,8000,0,Self-Employed,39,Single,1.0,669.0,2,6.2,31100.0,29000.0,177000,360,Business,Urban,Graduate,Male,Private,0
APP104091,8000,0,Salaried,45,Married,0.0,822.0,1,42.9,106700.0,30000.0,113000,36,Business,Urban,Undergraduate,Male,Private,1
APP104092,8000,0,Salaried,46,Married,1.0,581.0,3,7.3,18400.0,0.0,213000,360,Education,Rural,Graduate,Male,Private,0
APP104093,8000,0,Business,26,Single,2.0,748.0,1,10.0,11800.0,23000.0,161000,180,Business,Semi-Urban,Graduate,Female,Private,1
APP104094,8000,3000,Salaried,38,Single,0.0,605.0,0,10.0,1100.0,116000.0,126000,120,Home,Rural,Postgraduate,Male,Self,0
APP104095,8000,3000,Salaried,21,Single,3.0,682.0,0,5.0,32400.0,68000.0,69000,240,Home,Urban,Graduate,Female,Self,1
APP104096,8000,0,Salaried,46,Married,0.0,666.0,0,5.0,27600.0,28000.0,89000,360,Business,Rural,Postgraduate,Male,Private,1
APP104097,8000,3000,Salaried,34,Single,3.0,596.0,0,35.9,37600.0,87000.0,162000,36,Personal,Rural,Postgraduate,Male,Self,0
APP104098,8000,0,Salaried,25,Single,0.0,603.0,0,9.5,18000.0,236000.0,184000,240,Home,Rural,Graduate,Female,Private,1
APP104099,8000,3000,Salaried,41,Single,1.0,815.0,1,19.4,3100.0,3000.0,123000,60,Education,Urban,Postgraduate,Male,Private,1
APP104100,8000,0,Self-Employed,34,Single,3.0,616.0,2,10.7,3100.0,0.0,98000,120,Personal,Semi-Urban,Undergraduate,Male,Private,0
APP104101,8000,0,Salaried,50,Single,1.0,761.0,1,5.0,,15000.0,132000,360,Business,Semi-Urban,Graduate,Female,Private,1
APP104102,8000,3000,Salaried,29,Married,1.0,741.0,0,5.0,8800.0,6000.0,77000,180,Business,Rural,Postgraduate,Male,Govt,1
APP104103,8000,0,Salaried,60,Married,1.0,609.0,2,80.2,4000.0,0.0,196000,36,Personal,Rural,Graduate,Female,Private,0
APP104104,8000,0,Salaried,46,Single,0.0,671.0,1,5.0,19100.0,17000.0,63000,180,Business,Urban,Graduate,Male,Private,1
APP104105,8000,0,Self-Employed,50,Married,0.0,690.0,0,9.6,4600.0,34000.0,190000,240,Personal,Rural,Graduate,Male,Private,1
APP104106,8000,3000,Business,27,Married,0.0,723.0,0,7.1,5800.0,0.0,137000,180,Personal,Rural,Graduate,Male,Self,1
APP104107,8000,3000,Salaried,55,Married,0.0,643.0,0,26.2,10600.0,0.0,187000,60,Personal,Semi-Urban,Graduate,Female,Private,0
APP104108,8000,3000,Business,25,Single,3.0,544.0,0,11.9,5000.0,0.0,174000,120,Education,Urban,Undergraduate,Male,Govt,0
APP104109,8000,0,Self-Employed,35,Married,2.0,592.0,3,5.0,3300.0,123000.0,97000,360,Home,Rural,Postgraduate,Female,Private,0
APP104110,8000,0,Self-Employed,51,Single,0.0,776.0,1,5.0,1300.0,24000.0,97000,240,Education,Semi-Urban,Postgraduate,Female,Private,1
APP104111,8000,0,Salaried,43,Single,2.0,661.0,2,11.4,20600.0,69000.0,230000,240,Personal,Rural,Graduate,Male,Private,1
APP104112,8000,3000,Salaried,25,Married,0.0,626.0,2,5.0,3200.0,128000.0,147000,240,Home,Rural,Postgraduate,Male,Private,1
APP104113,8000,3000,Salaried,49,Married,0.0,547.0,0,32.9,5500.0,96000.0,114000,36,Home,Urban,Graduate,Male,Self,0
APP104114,8000,0,Self-Employed,41,Married,2.0,791.0,0,7.4,5600.0,87000.0,96000,180,Home,Semi-Urban,Graduate,Male,Private,1
APP104115,8000,0,Salaried,33,Married,0.0,629.0,4,15.3,1000.0,205000.0,181000,120,Home,Semi-Urban,Graduate,Male,Private,0
APP104116,8000,0,Business,22,Married,0.0,777.0,0,41.0,10800.0,0.0,107000,36,Personal,Rural,Graduate,Male,Private,0
APP104117,8000,0,Salaried,42,Married,2.0,741.0,0,19.1,33000.0,86000.0,81000,60,Home,Urban,Graduate,Female,Private,1
APP104118,8000,0,Salaried,36,Single,3.0,751.0,0,7.8,21200.0,130000.0,128000,240,Home,Urban,Postgraduate,Female,Self,1
APP104119,8000,3000,Self-Employed,39,Married,1.0,821.0,1,15.4,5600.0,43000.0,97000,60,Personal,Rural,Undergraduate,Female,Private,1
APP104120,8000,3000,Salaried,22,Single,0.0,690.0,0,14.8,23300.0,53000.0,171000,120,Business,Urban,Graduate,Female,Private,1
APP104121,8000,0,Salaried,33,Married,0.0,667.0,0,49.2,1400.0,276000.0,214000,60,Home,Semi-Urban,Graduate,Male,Private,0
APP104122,8000,0,Self-Employed,42,Single,1.0,820.0,0,90.0,18600.0,137000.0,120000,12,Home,Urban,Graduate,Female,Private,0
APP104123,8000,3000,Business,56,Married,2.0,755.0,0,11.5,3900.0,0.0,202000,180,Business,Semi-Urban,Undergraduate,Female,Private,0
APP104124,8000,4300,Self-Employed,35,Single,2.0,616.0,0,10.7,21300.0,145000.0,307000,240,Education,Semi-Urban,Undergraduate,Male,Govt,1
APP104125,8000,3000,Self-Employed,52,Single,3.0,773.0,0,90.0,8400.0,0.0,202000,12,Business,Semi-Urban,Postgraduate,Female,Private,0
APP104126,8000,0,Self-Employed,45,Single,2.0,816.0,0,22.8,2400.0,65000.0,57000,36,Home,Rural,Undergraduate,Male,Private,1
APP104127,8000,3000,Business,40,Married,1.0,465.0,1,5.0,10400.0,105000.0,123000,240,Home,Urban,Graduate,Male,Govt,0
APP104128,8000,0,Salaried,27,Single,,543.0,3,12.9,8100.0,274000.0,220000,180,Home,Urban,Undergraduate,Female,Private,0
APP104129,8000,3000,Salaried,28,Married,1.0,591.0,2,10.8,10300.0,309000.0,278000,240,Home,Semi-Urban,Graduate,Female,Self,1
APP104130,8000,3000,Salaried,44,Married,,729.0,2,39.0,3600.0,59000.0,267000,60,Business,Semi-Urban,Graduate,Male,Private,1
APP104131,8000,0,Salaried,32,Married,0.0,743.0,1,5.1,,69000.0,153000,360,Business,Semi-Urban,Postgraduate,Female,Self,1
APP104132,8000,0,Self-Employed,31,Married,1.0,702.0,3,7.4,15000.0,4000.0,116000,180,Business,Urban,Graduate,Male,Govt,0
APP104133,8000,3000,Self-Employed,36,Married,0.0,734.0,3,10.6,7600.0,0.0,249000,240,Business,Rural,Postgraduate,Male,Private,0
APP104134,8000,3500,Self-Employed,36,Single,2.0,564.0,2,51.2,14400.0,71000.0,252000,36,Business,Semi-Urban,Graduate,Female,Govt,0
APP104135,8000,0,Salaried,47,Married,0.0,563.0,1,36.1,14100.0,73000.0,171000,60,Personal,Urban,Postgraduate,Male,Private,0
APP104136,8000,3000,Self-Employed,32,Married,2.0,792.0,0,7.4,16400.0,73000.0,199000,240,Business,Semi-Urban,Graduate,Female,Private,1
APP104137,8000,0,Salaried,46,Married,0.0,689.0,0,20.8,40900.0,121000.0,98000,60,Home,Urban,Graduate,Male,Private,1
APP104138,8000,3200,Self-Employed,42,Single,2.0,788.0,0,37.4,9900.0,62000.0,184000,36,Education,Urban,Undergraduate,Male,Self,1
APP104139,8000,0,Self-Employed,21,Married,0.0,609.0,1,10.8,3000.0,26000.0,146000,180,Personal,Urban,Undergraduate,Male,Private,0
APP104140,8000,3000,Salaried,40,Married,2.0,584.0,0,5.0,3700.0,0.0,123000,180,Business,Urban,Undergraduate,Male,Private,0
APP104141,8500,3000,Salaried,21,Single,0.0,549.0,2,5.0,6100.0,6000.0,132000,240,Personal,Urban,Postgraduate,Male,Self,0
APP104142,8000,0,Salaried,29,Married,1.0,,0,9.4,10000.0,14000.0,200000,240,Business,Semi-Urban,Postgraduate,Female,Private,1
APP104143,8000,3000,Business,42,Married,0.0,781.0,0,7.0,32200.0,47000.0,150000,180,Education,Semi-Urban,Postgraduate,Male,Private,1
APP104144,8000,0,Business,37,Married,1.0,728.0,0,17.9,7000.0,138000.0,235000,180,Personal,Semi-Urban,Graduate,Female,Govt,1
APP104145,8000,0,Self-Employed,21,Single,2.0,628.0,1,5.5,43500.0,0.0,132000,360,Business,Urban,Graduate,Male,Private,0
APP104146,8000,3000,Salaried,26,Single,2.0,737.0,0,11.4,47500.0,292000.0,227000,180,Home,Rural,Graduate,Male,Private,1
APP104147,8000,0,Salaried,21,Married,0.0,734.0,0,8.1,12500.0,32000.0,145000,240,Business,Rural,Undergraduate,Male,Govt,1
APP104148,8000,0,Self-Employed,24,Married,1.0,489.0,1,26.8,15200.0,0.0,143000,60,Personal,Rural,Graduate,Male,Govt,0
APP104149,8000,4500,Self-Employed,43,Married,2.0,632.0,2,7.8,5100.0,34000.0,342000,360,Personal,Urban,Undergraduate,Male,Govt,1
APP104150,8000,0,Salaried,32,Single,1.0,,1,57.7,43500.0,25000.0,66000,12,Business,Semi-Urban,Postgraduate,Male,Private,0
APP104151,8000,3000,Salaried,39,Single,0.0,771.0,1,9.0,4300.0,22000.0,157000,180,Education,Urban,Postgraduate,Male,Private,1
APP104152,8000,3000,Self-Employed,38,Married,0.0,656.0,2,10.6,27000.0,73000.0,142000,120,Education,Rural,Graduate,Male,Govt,1
APP104153,8400,3000,Salaried,38,Married,1.0,685.0,1,5.5,2900.0,0.0,158000,240,Personal,Urban,Graduate,Male,Private,0
APP104154,8000,0,Salaried,48,Single,0.0,673.0,0,23.4,15400.0,214000.0,223000,120,Home,Urban,Undergraduate,Male,Self,0
APP104155,8000,3000,Salaried,35,Single,1.0,703.0,0,5.0,24700.0,39000.0,84000,240,Education,Semi-Urban,Graduate,Male,Private,1
APP104156,8000,3000,Salaried,47,Single,1.0,532.0,3,90.0,20100.0,130000.0,141000,12,Home,Semi-Urban,Graduate,Female,Private,0
APP104157,8000,0,Business,21,Single,0.0,601.0,3,17.0,5100.0,109000.0,190000,120,Business,Semi-Urban,Graduate,Male,Govt,0
APP104158,8000,0,Business,49,Single,1.0,471.0,1,5.0,6200.0,107000.0,94000,360,Home,Urban,Graduate,Female,Self,0
APP104159,8000,0,Self-Employed,25,Married,2.0,632.0,1,41.5,37700.0,102000.0,208000,60,Education,Semi-Urban,Graduate,Male,Private,0
APP104160,8000,0,Salaried,27,Married,0.0,724.0,0,36.9,4900.0,34000.0,111000,36,Business,Rural,Postgraduate,Female,Self,0
APP104161,8000,0,Salaried,30,Married,0.0,600.0,1,5.4,5100.0,31000.0,70000,180,Business,Rural,Graduate,Male,Self,0
APP104162,8000,3000,Salaried,48,Single,2.0,657.0,0,5.0,36500.0,17000.0,203000,360,Personal,Semi-Urban,Postgraduate,Female,Self,1
APP104163,8000,0,Salaried,29,Married,0.0,715.0,0,42.0,7600.0,0.0,146000,36,Personal,Semi-Urban,Graduate,Male,Govt,0
APP104164,8000,3000,Self-Employed,31,Married,2.0,900.0,0,17.2,7700.0,96000.0,76000,36,Home,Urban,Undergraduate,Female,Private,1
APP104165,8000,0,Salaried,28,Married,3.0,664.0,1,15.0,51000.0,0.0,186000,180,Education,Urban,Undergraduate,Female,Govt,0
APP104166,8000,3000,Salaried,40,Married,3.0,744.0,0,16.2,4300.0,109000.0,103000,60,Home,Urban,Graduate,Female,Self,1
APP104167,8000,0,Salaried,45,Single,1.0,663.0,0,10.6,3900.0,45000.0,89000,120,Personal,Semi-Urban,Graduate,Male,Self,1
APP104168,8000,3000,Salaried,55,Married,1.0,704.0,1,5.0,9700.0,240000.0,214000,360,Home,Semi-Urban,Graduate,Male,Self,1
APP104169,8000,0,Salaried,61,Married,2.0,661.0,2,49.1,8400.0,0.0,219000,60,Personal,Semi-Urban,Undergraduate,Male,Private,0
APP104170,8000,0,Salaried,44,Single,0.0,626.0,2,5.0,3700.0,11000.0,52000,240,Education,Urban,Postgraduate,Male,Private,1
APP104171,8000,3000,Business,41,Married,0.0,,0,12.5,18100.0,125000.0,283000,180,Education,Semi-Urban,Undergraduate,Female,Private,1
APP104172,8000,3000,Salaried,25,Single,0.0,784.0,1,5.4,8200.0,131000.0,265000,360,Personal,Urban,Graduate,Male,Private,1
APP104173,8000,4200,Salaried,57,Single,2.0,690.0,2,5.0,8600.0,31000.0,121000,360,Business,Rural,Graduate,Male,Private,1
APP104174,8000,0,Business,40,Single,1.0,548.0,3,8.6,8100.0,106000.0,120000,180,Home,Urban,Graduate,Male,Private,0
APP104175,8000,0,Business,35,Single,1.0,633.0,1,12.6,2800.0,76000.0,222000,180,Education,Semi-Urban,Graduate,Male,Self,0
APP104176,8000,3000,Self-Employed,41,Married,1.0,599.0,0,5.0,3600.0,87000.0,105000,240,Home,Semi-Urban,Postgraduate,Male,Private,0
APP104177,8000,3000,Business,31,Married,1.0,739.0,3,7.4,1700.0,83000.0,95000,120,Home,Urban,Graduate,Female,Self,1
APP104178,8000,0,Salaried,21,Married,0.0,611.0,0,34.8,25300.0,84000.0,189000,60,Personal,Urban,Postgraduate,Male,Self,0
APP104179,8000,0,Salaried,43,Married,1.0,741.0,2,5.0,8100.0,158000.0,138000,360,Home,Semi-Urban,Postgraduate,Male,Private,1
APP104180,8000,3000,Salaried,51,Married,1.0,743.0,3,12.0,21900.0,138000.0,141000,120,Home,Urban,Undergraduate,Male,Private,1
APP104181,8000,0,Self-Employed,43,Married,1.0,684.0,1,90.0,5200.0,0.0,81000,12,Business,Semi-Urban,Graduate,Male,Private,0
APP104182,8000,0,Self-Employed,37,Single,2.0,720.0,1,6.4,25500.0,0.0,187000,360,Personal,Rural,Undergraduate,Male,Private,0
APP104183,8000,3000,Salaried,38,Married,1.0,634.0,0,7.8,1600.0,197000.0,182000,180,Home,Urban,Undergraduate,Female,Govt,1
APP104184,8000,0,Salaried,39,Married,3.0,756.0,0,19.0,21400.0,79000.0,94000,60,Home,Semi-Urban,Undergraduate,Female,Private,1
APP104185,8000,3000,Self-Employed,39,Married,1.0,,1,90.0,7500.0,278000.0,315000,12,Home,Rural,Undergraduate,Female,Self,0
APP104186,8000,0,Salaried,37,Married,1.0,622.0,2,32.4,2000.0,23000.0,156000,60,Education,Semi-Urban,Undergraduate,Female,Govt,0
APP104187,8000,0,Self-Employed,38,Single,2.0,652.0,0,5.0,500.0,0.0,116000,360,Personal,Rural,Postgraduate,Male,Private,0
APP104188,8000,0,Self-Employed,53,Married,2.0,768.0,0,7.4,13400.0,0.0,186000,360,Personal,Urban,Graduate,Female,Self,0
APP104189,8000,0,Self-Employed,42,Single,1.0,833.0,0,12.3,,172000.0,143000,120,Home,Semi-Urban,Postgraduate,Female,Private,1
APP104190,8000,0,Self-Employed,39,Married,0.0,631.0,1,5.0,8600.0,11000.0,50000,360,Personal,Semi-Urban,Postgraduate,Female,Private,1
APP104191,8000,0,Business,44,Married,0.0,663.0,1,23.2,14800.0,0.0,209000,120,Education,Rural,Undergraduate,Male,Private,0
APP104192,8000,3000,Salaried,44,Married,0.0,573.0,0,5.0,12700.0,27000.0,84000,240,Education,Urban,Postgraduate,Female,Private,1
APP104193,8000,3000,Self-Employed,47,Single,0.0,672.0,0,22.8,8600.0,123000.0,327000,120,Business,Urban,Graduate,Female,Govt,1
APP104194,8000,0,Self-Employed,30,Married,1.0,,2,8.0,21100.0,134000.0,115000,180,Home,Urban,Postgraduate,Female,Self,1
APP104195,8000,3000,Salaried,33,Married,2.0,518.0,0,31.0,1800.0,219000.0,205000,60,Home,Rural,Undergraduate,Male,Private,0
APP104196,8000,3000,Salaried,29,Married,1.0,681.0,0,71.0,8900.0,0.0,330000,36,Business,Semi-Urban,Graduate,Female,Private,0
APP104197,8000,0,Salaried,45,Single,0.0,744.0,0,32.9,16000.0,109000.0,100000,36,Home,Rural,Graduate,Female,Private,1
APP104198,8000,3000,Salaried,45,Single,0.0,669.0,2,24.1,5200.0,152000.0,188000,60,Home,Urban,Postgraduate,Female,Govt,0
APP104199,8000,0,Self-Employed,25,Married,1.0,654.0,1,5.5,10500.0,98000.0,193000,360,Personal,Urban,Graduate,Male,Self,1
APP104200,8000,3000,Business,41,Married,2.0,750.0,1,5.0,2500.0,0.0,189000,360,Personal,Urban,Graduate,Female,Self,0
APP104201,8000,0,Salaried,51,Single,2.0,607.0,0,5.0,8700.0,0.0,112000,360,Business,Semi-Urban,Graduate,Male,Govt,0
APP104202,8000,0,Salaried,35,Single,3.0,601.0,1,16.1,3900.0,62000.0,71000,60,Home,Rural,Undergraduate,Male,Self,0
APP104203,8000,0,Business,41,Single,2.0,505.0,1,18.3,4800.0,67000.0,147000,120,Education,Urban,Graduate,Male,Private,0
APP104204,8000,3000,Salaried,45,Single,1.0,709.0,0,16.5,14400.0,271000.0,212000,120,Home,Rural,Graduate,Female,Private,1
APP104205,8000,3000,Salaried,24,Single,2.0,675.0,3,8.8,1400.0,11000.0,127000,120,Personal,Urban,Undergraduate,Male,Private,0
APP104206,8000,0,Self-Employed,39,Married,0.0,612.0,2,90.0,2700.0,132000.0,112000,12,Home,Semi-Urban,Undergraduate,Male,Govt,0
APP104207,8000,0,Salaried,50,Single,0.0,583.0,2,7.9,16700.0,5000.0,105000,180,Personal,Semi-Urban,Undergraduate,Female,Private,1
APP104208,8000,3000,Salaried,32,Single,0.0,667.0,1,37.1,6900.0,200000.0,179000,36,Home,Urban,Graduate,Female,Govt,0
APP104209,8000,3000,Salaried,46,Married,0.0,688.0,0,6.3,3900.0,239000.0,277000,360,Home,Urban,Undergraduate,Male,Private,1
APP104210,8000,3000,Salaried,38,Married,0.0,564.0,1,6.3,12700.0,17000.0,154000,240,Education,Urban,Graduate,Female,Private,1
APP104211,8000,0,Self-Employed,31,Single,2.0,504.0,0,10.2,2700.0,36000.0,100000,120,Business,Urban,Postgraduate,Female,Self,0
APP104212,8000,0,Salaried,37,Married,1.0,524.0,0,10.9,2600.0,0.0,209000,240,Business,Rural,Postgraduate,Male,Private,0
APP104213,8000,0,Salaried,32,Single,2.0,541.0,1,50.6,6600.0,35000.0,204000,60,Business,Rural,Graduate,Male,Private,0
APP104214,8000,3000,Self-Employed,29,Married,3.0,563.0,1,40.1,7100.0,107000.0,275000,60,Education,Semi-Urban,Postgraduate,Male,Self,0
APP104215,8000,0,Business,35,Married,3.0,672.0,0,20.7,3900.0,201000.0,191000,120,Home,Semi-Urban,Graduate,Male,Private,1
APP104216,8000,0,Salaried,38,Married,3.0,679.0,1,13.7,6200.0,252000.0,219000,240,Home,Urban,Undergraduate,Male,Private,1
APP104217,8000,3000,Salaried,36,Married,2.0,656.0,1,41.4,30700.0,0.0,254000,60,Personal,Urban,Graduate,Female,Govt,0
APP104218,8000,0,Self-Employed,35,Married,1.0,696.0,2,5.7,7800.0,80000.0,81000,180,Home,Rural,Postgraduate,Female,Self,1
APP104219,8000,0,Salaried,40,Married,1.0,700.0,2,10.5,2600.0,67000.0,54000,60,Home,Semi-Urban,Graduate,Male,Self,0
APP104220,8000,3000,Salaried,43,Single,2.0,709.0,0,20.6,8300.0,106000.0,114000,60,Home,Semi-Urban,Graduate,Male,Self,1
APP104221,8000,0,Self-Employed,26,Single,2.0,672.0,2,22.6,,,118000,60,Education,Rural,Undergraduate,Male,Self,0
APP104222,8000,3000,Business,35,Married,3.0,560.0,3,5.0,40600.0,67000.0,80000,240,Home,Semi-Urban,Undergraduate,Male,Private,0
APP104223,8000,0,Business,21,Married,2.0,551.0,1,15.7,2500.0,170000.0,193000,180,Home,Urban,Undergraduate,Male,Self,0
APP104224,8000,0,Self-Employed,36,Married,1.0,613.0,2,8.3,10000.0,0.0,171000,240,Education,Rural,Graduate,Female,Private,0
APP104225,8000,0,Self-Employed,39,Married,3.0,782.0,0,40.1,9500.0,0.0,186000,60,Education,Semi-Urban,Graduate,Female,Govt,0
APP104226,8000,3000,Salaried,43,Married,3.0,858.0,4,73.0,3700.0,0.0,91000,12,Personal,Rural,Postgraduate,Male,Private,0
APP104227,8000,0,Self-Employed,39,Married,1.0,730.0,0,5.2,29700.0,0.0,111000,240,Personal,Semi-Urban,Graduate,Female,Private,0
APP104228,8000,3000,Salaried,43,Married,1.0,696.0,2,45.8,63400.0,199000.0,187000,36,Home,Urban,Graduate,Male,Private,0
APP104229,8000,0,Salaried,38,Married,2.0,776.0,0,29.5,3800.0,7000.0,164000,60,Personal,Urban,Postgraduate,Female,Govt,1
APP104230,8000,0,Self-Employed,31,Married,1.0,816.0,0,24.3,16500.0,242000.0,202000,120,Home,Semi-Urban,Graduate,Male,Govt,1
APP104231,8000,3000,Self-Employed,26,Single,2.0,597.0,0,12.7,3000.0,37000.0,324000,240,Education,Semi-Urban,Graduate,Male,Private,0
APP104232,8000,0,Salaried,35,Married,0.0,900.0,0,5.0,30400.0,24000.0,64000,240,Personal,Semi-Urban,Graduate,Female,Govt,1
APP104233,8000,0,Business,30,Single,1.0,806.0,2,32.2,28700.0,25000.0,171000,60,Business,Semi-Urban,Postgraduate,Male,Govt,1
APP104234,8000,0,Salaried,36,Single,1.0,533.0,3,5.4,22200.0,42000.0,74000,180,Personal,Semi-Urban,Postgraduate,Female,Private,0
APP104235,8000,0,Salaried,33,Single,1.0,590.0,0,5.0,1500.0,133000.0,106000,240,Home,Urban,Graduate,Male,Self,1
APP104236,8000,0,Salaried,42,Single,0.0,892.0,1,18.7,4700.0,0.0,196000,120,Personal,Urban,Postgraduate,Male,Self,1
APP104237,8000,3000,Self-Employed,38,Married,0.0,757.0,2,46.9,,108000.0,328000,60,Education,Urban,Graduate,Male,Private,0
APP104238,8000,0,Self-Employed,42,Married,3.0,626.0,0,7.9,4500.0,84000.0,149000,240,Education,Urban,Undergraduate,Male,Self,1
APP104239,8000,0,Salaried,42,Married,0.0,663.0,3,6.2,30600.0,123000.0,116000,240,Home,Semi-Urban,Undergraduate,Female,Private,1
APP104240,8000,3000,Self-Employed,36,Single,0.0,747.0,0,27.3,1300.0,0.0,123000,36,Personal,Urban,Postgraduate,Male,Private,0
APP104241,8000,3000,Salaried,36,Single,2.0,735.0,3,8.5,12000.0,277000.0,273000,240,Home,Urban,Graduate,Female,Private,1
APP104242,8000,3000,Self-Employed,43,Single,1.0,771.0,4,17.1,17100.0,64000.0,305000,180,Personal,Urban,Postgraduate,Female,Private,0
APP104243,8000,3000,Salaried,62,Married,2.0,701.0,0,11.1,4000.0,163000.0,290000,240,Personal,Urban,Postgraduate,Female,Private,1
APP104244,8000,0,Salaried,28,Single,1.0,689.0,2,28.1,13400.0,149000.0,146000,60,Home,Rural,Undergraduate,Male,Private,1
APP104245,8000,3000,Business,38,Married,2.0,639.0,1,27.6,12600.0,80000.0,222000,60,Business,Urban,Undergraduate,Female,Private,0
APP104246,8000,3000,Salaried,26,Married,1.0,580.0,2,12.2,6200.0,76000.0,287000,180,Personal,Semi-Urban,Undergraduate,Male,Private,0
APP104247,8000,3000,Salaried,37,Single,3.0,592.0,0,15.2,24000.0,252000.0,311000,180,Home,Urban,Graduate,Male,Self,1
APP104248,8000,0,Self-Employed,31,Married,0.0,,2,23.6,4700.0,191000.0,228000,120,Home,Rural,Undergraduate,Male,Private,0
APP104249,8000,3000,Business,36,Single,0.0,702.0,1,8.9,24100.0,0.0,248000,240,Personal,Rural,Postgraduate,Male,Private,1
APP104250,8000,0,Salaried,39,Married,3.0,541.0,1,6.1,9200.0,24000.0,85000,180,Education,Semi-Urban,Undergraduate,Male,Private,0
APP104251,8000,5100,Salaried,33,Single,2.0,856.0,1,6.3,5900.0,0.0,177000,240,Business,Rural,Graduate,Male,Self,1
APP104252,8000,3000,Salaried,21,Married,2.0,609.0,1,22.1,6500.0,169000.0,136000,60,Home,Urban,Graduate,Male,Private,1
APP104253,8000,3000,Salaried,52,Single,0.0,602.0,0,5.0,2000.0,134000.0,112000,240,Home,Urban,Graduate,Male,Self,1
APP104254,8000,3000,Salaried,46,Single,1.0,653.0,3,7.0,5600.0,51000.0,132000,180,Business,Urban,Graduate,Female,Self,0
APP104255,8000,3000,Self-Employed,36,Single,0.0,466.0,0,90.0,2600.0,141000.0,296000,12,Business,Urban,Graduate,Male,Private,0
APP104256,8000,0,Business,29,Married,0.0,696.0,2,35.1,10600.0,162000.0,196000,60,Home,Urban,Undergraduate,Male,Private,1
APP104257,8000,0,Salaried,38,Single,1.0,590.0,0,55.8,19900.0,0.0,56000,12,Personal,Urban,Graduate,Male,Govt,0
APP104258,8000,0,Salaried,41,Married,3.0,483.0,3,5.0,12800.0,87000.0,76000,180,Home,Semi-Urban,Graduate,Female,Self,0
APP104259,8300,3000,Salaried,45,Married,0.0,676.0,2,26.2,4000.0,155000.0,335000,120,Personal,Semi-Urban,Graduate,Male,Govt,1
APP104260,8000,0,Salaried,46,Married,,,0,5.0,6200.0,0.0,91000,360,Business,Urban,Graduate,Male,Private,0
APP104261,8000,3000,Business,48,Single,0.0,847.0,1,5.8,10700.0,287000.0,233000,360,Home,Urban,Undergraduate,Male,Private,1
APP104262,8000,0,Salaried,21,Married,2.0,696.0,0,5.0,11300.0,98000.0,87000,360,Home,Semi-Urban,Graduate,Female,Private,1
APP104263,8000,3000,Salaried,34,Single,1.0,687.0,1,7.5,41700.0,146000.0,128000,180,Home,Semi-Urban,Graduate,Male,Private,1
APP104264,8000,0,Self-Employed,47,Single,0.0,683.0,0,5.0,15100.0,165000.0,144000,360,Home,Urban,Undergraduate,Female,Self,1
APP104265,8000,0,Salaried,28,Married,2.0,447.0,0,27.8,9400.0,118000.0,142000,60,Home,Urban,Undergraduate,Male,Private,0
APP104266,8000,0,Self-Employed,50,Single,0.0,662.0,3,11.8,9000.0,54000.0,172000,180,Business,Semi-Urban,Graduate,Male,Self,0
APP104267,8000,3000,Salaried,56,Married,0.0,675.0,0,7.1,5700.0,,110000,120,Home,Urban,Undergraduate,Male,Private,1
APP104268,8000,0,Business,49,Single,0.0,666.0,0,17.1,8100.0,27000.0,98000,60,Education,Rural,Postgraduate,Male,Govt,1
APP104269,8000,3000,Business,44,Married,0.0,596.0,1,56.2,16600.0,0.0,231000,36,Personal,Urban,Undergraduate,Male,Govt,0
APP104270,8000,0,Self-Employed,33,Married,0.0,698.0,4,5.4,4000.0,30000.0,67000,180,Education,Urban,Graduate,Male,Private,1
APP104271,8000,3000,Business,40,Married,0.0,592.0,0,88.5,12200.0,0.0,306000,36,Education,Semi-Urban,Undergraduate,Male,Govt,0
APP104272,8000,3000,Salaried,24,Married,1.0,743.0,0,5.0,7300.0,124000.0,113000,240,Home,Rural,Graduate,Female,Private,1
APP104273,8000,0,Salaried,30,Married,0.0,706.0,1,5.0,45200.0,34000.0,132000,360,Personal,Semi-Urban,Graduate,Male,Govt,1
APP104274,8000,3000,Self-Employed,30,Married,0.0,782.0,3,16.5,10900.0,84000.0,95000,60,Home,Urban,Graduate,Female,Private,1
APP104275,8000,0,Self-Employed,38,Married,0.0,622.0,2,14.5,11200.0,29000.0,179000,180,Personal,Urban,Graduate,Male,Private,1
APP104276,8000,3000,Salaried,34,Married,0.0,792.0,1,6.1,3400.0,153000.0,152000,240,Home,Semi-Urban,Undergraduate,Male,Private,1
APP104277,8000,3000,Salaried,40,Married,0.0,699.0,0,12.3,35000.0,19000.0,85000,60,Personal,Urban,Postgraduate,Male,Govt,1
APP104278,8000,3000,Salaried,46,Single,0.0,657.0,2,5.0,13500.0,74000.0,222000,360,Personal,Semi-Urban,Graduate,Male,Private,1
APP104279,8000,0,Salaried,30,Married,3.0,587.0,2,6.6,31700.0,65000.0,236000,360,Personal,Semi-Urban,Graduate,Male,Private,1
APP104280,8000,0,Salaried,39,Single,1.0,699.0,2,79.1,6700.0,234000.0,215000,36,Home,Urban,Graduate,Male,Govt,0
APP104281,8000,0,Self-Employed,33,Single,2.0,637.0,0,90.0,8100.0,178000.0,183000,12,Home,Urban,Undergraduate,Female,Private,0
APP104282,8000,3000,Salaried,39,Single,2.0,677.0,0,5.0,2100.0,24000.0,69000,360,Business,Rural,Postgraduate,Female,Private,1
APP104283,8000,0,Salaried,44,Single,1.0,749.0,0,6.7,51300.0,209000.0,213000,360,Home,Semi-Urban,Postgraduate,Male,Govt,1
APP104284,8000,0,Self-Employed,47,Married,2.0,661.0,2,22.6,11700.0,179000.0,220000,120,Home,Rural,Postgraduate,Female,Private,1
APP104285,8000,3000,Self-Employed,44,Single,1.0,700.0,1,21.4,51800.0,0.0,76000,36,Personal,Urban,Undergraduate,Female,Private,0
APP104286,8000,3000,Business,42,Married,1.0,816.0,0,5.0,5700.0,53000.0,98000,240,Business,Semi-Urban,Postgraduate,Male,Private,1
APP104287,8000,0,Self-Employed,23,Single,3.0,730.0,0,29.9,13000.0,14000.0,135000,60,Education,Urban,Graduate,Female,Private,0
APP104288,8000,0,Salaried,27,Single,0.0,594.0,3,5.0,21900.0,41000.0,125000,360,Personal,Urban,Undergraduate,Male,Private,1
APP104289,8000,0,Business,29,Married,0.0,643.0,0,6.5,11300.0,24000.0,105000,240,Personal,Semi-Urban,Postgraduate,Male,Private,1
APP104290,8000,3000,Salaried,41,Single,0.0,684.0,1,5.3,5800.0,112000.0,118000,240,Home,Rural,Postgraduate,Male,Self,1
APP104291,8000,3000,Salaried,25,Married,2.0,862.0,1,32.3,5000.0,122000.0,211000,60,Personal,Urban,Undergraduate,Male,Govt,1
APP104292,8000,3000,Self-Employed,41,Married,1.0,543.0,2,10.9,5700.0,0.0,270000,240,Business,Rural,Undergraduate,Male,Private,0
APP104293,8000,0,Business,40,Married,3.0,697.0,0,52.5,117100.0,28000.0,228000,60,Business,Semi-Urban,Undergraduate,Male,Private,0
APP104294,8000,0,Salaried,21,Single,1.0,794.0,1,90.0,4400.0,85000.0,106000,12,Home,Urban,Undergraduate,Female,Private,0
APP104295,8000,0,Salaried,27,Single,1.0,727.0,1,12.9,1100.0,50000.0,183000,180,Personal,Rural,Graduate,Female,Private,1
APP104296,8000,0,Salaried,48,Single,1.0,652.0,2,15.2,8400.0,76000.0,199000,180,Education,Semi-Urban,Graduate,Female,Private,1
APP104297,8000,0,Salaried,44,Married,1.0,517.0,1,6.4,8300.0,159000.0,140000,240,Home,Semi-Urban,Postgraduate,Female,Private,0
APP104298,8000,3000,Salaried,29,Married,2.0,808.0,1,6.7,5900.0,0.0,309000,360,Personal,Semi-Urban,Graduate,Female,Private,1
APP104299,8000,0,Self-Employed,27,Single,0.0,637.0,0,5.9,,65000.0,52000,120,Home,Semi-Urban,Undergraduate,Male,Self,0
APP104300,8000,0,Salaried,21,Married,1.0,562.0,4,26.9,,78000.0,221000,120,Education,Rural,Undergraduate,Male,Self,0
APP104301,8000,3000,Business,52,Single,0.0,694.0,1,15.7,2200.0,381000.0,302000,180,Home,Urban,Postgraduate,Male,Private,0
APP104302,8000,3000,Self-Employed,38,Married,1.0,792.0,2,7.8,48000.0,42000.0,102000,120,Education,Urban,Undergraduate,Female,Self,1
APP104303,8000,3000,Self-Employed,56,Married,1.0,716.0,0,7.1,10400.0,66000.0,182000,240,Education,Rural,Graduate,Male,Govt,1
APP104304,8000,3000,Business,36,Married,2.0,639.0,1,11.7,9100.0,0.0,202000,180,Education,Rural,Postgraduate,Female,Private,0
APP104305,8000,0,Salaried,40,Single,2.0,702.0,0,5.0,23200.0,0.0,125000,360,Personal,Urban,Postgraduate,Male,Private,0
APP104306,8000,3000,Salaried,46,Married,1.0,690.0,0,12.8,121800.0,301000.0,302000,240,Home,Urban,Graduate,Male,Govt,1
APP104307,8000,0,Self-Employed,54,Married,0.0,629.0,1,32.5,5400.0,40000.0,185000,60,Personal,Semi-Urban,Graduate,Female,Private,0
APP104308,8000,0,Business,43,Married,2.0,686.0,0,16.6,11000.0,12000.0,72000,60,Business,Urban,Undergraduate,Male,Private,1
APP104309,8000,0,Self-Employed,38,Married,,597.0,1,26.1,18100.0,271000.0,226000,120,Home,Semi-Urban,Postgraduate,Male,Private,1
APP104310,8000,0,Salaried,38,Married,1.0,582.0,1,5.1,16200.0,23000.0,57000,120,Personal,Urban,Undergraduate,Male,Private,1
APP104311,8000,0,Business,27,Married,0.0,729.0,0,16.7,20000.0,70000.0,162000,120,Personal,Semi-Urban,Postgraduate,Male,Private,1
APP104312,9300,3000,Salaried,34,Single,0.0,644.0,0,25.9,20300.0,0.0,228000,60,Personal,Urban,Graduate,Female,Private,0
APP104313,8000,3000,Business,38,Married,1.0,661.0,2,5.0,5400.0,0.0,85000,360,Education,Semi-Urban,Graduate,Male,Private,0
APP104314,8000,0,Business,51,Single,0.0,594.0,2,66.8,,69000.0,182000,36,Personal,Semi-Urban,Graduate,Male,Private,0
APP104315,8000,3000,Salaried,33,Single,3.0,620.0,1,10.8,7200.0,390000.0,320000,240,Home,Semi-Urban,Undergraduate,Male,Private,1
APP104316,8000,0,Self-Employed,48,Married,1.0,628.0,1,90.0,10700.0,1000.0,136000,12,Education,Urban,Graduate,Female,Private,0
APP104317,8000,3000,Salaried,37,Married,1.0,611.0,2,16.1,15000.0,117000.0,202000,120,Personal,Urban,Undergraduate,Male,Govt,0
APP104318,8000,0,Salaried,50,Single,0.0,643.0,0,14.4,4000.0,98000.0,122000,120,Home,Urban,Undergraduate,Male,Govt,1
APP104319,8000,0,Salaried,44,Married,,689.0,1,19.4,12500.0,0.0,216000,120,Personal,Semi-Urban,Undergraduate,Female,Private,0
APP104320,8000,0,Self-Employed,44,Married,2.0,789.0,2,18.2,15100.0,42000.0,226000,180,Personal,Semi-Urban,Graduate,Male,Private,1
APP104321,8000,0,Business,47,Married,,740.0,1,7.1,1200.0,67000.0,124000,240,Personal,Urban,Undergraduate,Female,Private,1
APP104322,8000,3000,Self-Employed,46,Single,1.0,641.0,1,16.3,32900.0,367000.0,301000,180,Home,Semi-Urban,Graduate,Male,Govt,1
APP104323,8000,0,Salaried,48,Married,1.0,615.0,1,5.0,3600.0,5000.0,87000,240,Business,Semi-Urban,Graduate,Male,Private,0
APP104324,8000,3000,Business,59,Single,1.0,511.0,1,5.5,10600.0,94000.0,187000,360,Personal,Semi-Urban,Graduate,Male,Self,1
APP104325,8000,0,Business,54,Single,2.0,603.0,2,5.0,37400.0,40000.0,96000,360,Education,Urban,Undergraduate,Female,Self,0
APP104326,8000,0,Salaried,42,Married,2.0,573.0,1,5.0,15600.0,102000.0,91000,240,Home,Rural,Graduate,Female,Private,1
APP104327,8000,3000,Business,33,Married,1.0,684.0,0,74.1,22900.0,97000.0,292000,36,Personal,Rural,Postgraduate,Male,Govt,0
APP104328,8000,0,Salaried,41,Married,3.0,830.0,0,6.5,24600.0,76000.0,185000,360,Business,Rural,Graduate,Male,Private,1
APP104329,8000,3000,Business,21,Married,1.0,636.0,1,5.0,5000.0,46000.0,84000,360,Personal,Urban,Graduate,Female,Private,0
APP104330,8000,3000,Salaried,46,Married,0.0,549.0,0,8.5,2900.0,131000.0,266000,240,Personal,Rural,Graduate,Female,Private,0
APP104331,8000,0,Salaried,27,Married,1.0,662.0,0,10.9,12300.0,0.0,158000,180,Education,Urban,Undergraduate,Female,Govt,0
APP104332,8000,0,Salaried,49,Married,1.0,640.0,0,43.3,16500.0,0.0,199000,60,Education,Semi-Urban,Postgraduate,Male,Self,0
APP104333,8000,0,Self-Employed,57,Married,0.0,793.0,0,7.1,24400.0,179000.0,162000,240,Home,Semi-Urban,Undergraduate,Female,Private,1
APP104334,8000,0,Salaried,23,Married,1.0,510.0,0,5.0,17700.0,59000.0,120000,360,Personal,Semi-Urban,Postgraduate,Male,Private,0
APP104335,8000,3000,Salaried,37,Single,1.0,590.0,0,7.5,5000.0,0.0,197000,240,Education,Semi-Urban,Undergraduate,Male,Private,0
APP104336,8000,3000,Self-Employed,27,Married,2.0,740.0,1,5.0,19500.0,114000.0,103000,240,Home,Urban,Postgraduate,Male,Private,1
APP104337,8000,3000,Business,21,Single,2.0,506.0,4,20.2,1000.0,0.0,148000,60,Education,Rural,Postgraduate,Female,Private,0
APP104338,8000,3000,Salaried,36,Married,2.0,715.0,2,5.0,28900.0,0.0,72000,120,Business,Semi-Urban,Postgraduate,Male,Private,0
APP104339,8000,0,Salaried,44,Married,0.0,604.0,2,7.1,3300.0,52000.0,126000,240,Personal,Rural,Graduate,Male,Private,0
APP104340,8000,0,Salaried,45,Married,1.0,756.0,2,59.1,3300.0,76000.0,66000,12,Home,Urban,Undergraduate,Female,Self,0
APP104341,8000,0,Salaried,39,Married,1.0,667.0,1,10.2,97600.0,0.0,175000,240,Business,Semi-Urban,Postgraduate,Male,Private,0
APP104342,8000,3000,Business,21,Married,0.0,665.0,0,13.4,8600.0,378000.0,307000,240,Home,Semi-Urban,Undergraduate,Female,Self,1
APP104343,8000,3000,Business,39,Single,0.0,725.0,1,17.8,6300.0,307000.0,262000,120,Home,Semi-Urban,Undergraduate,Female,Private,1
APP104344,8000,3000,Self-Employed,23,Single,0.0,681.0,0,27.6,2600.0,117000.0,121000,36,Home,Semi-Urban,Graduate,Male,Private,0
APP104345,8000,0,Salaried,23,Married,0.0,560.0,1,5.0,12600.0,172000.0,145000,360,Home,Urban,Postgraduate,Female,Private,1
APP104346,8000,0,Self-Employed,28,Married,2.0,633.0,0,65.3,17900.0,230000.0,185000,36,Home,Urban,Graduate,Female,Self,0
APP104347,8000,3800,Self-Employed,48,Married,0.0,533.0,0,25.0,5700.0,0.0,299000,120,Personal,Semi-Urban,Postgraduate,Female,Govt,0
APP104348,9200,3000,Business,43,Married,0.0,594.0,1,5.0,900.0,68000.0,156000,240,Personal,Semi-Urban,Postgraduate,Female,Private,0
APP104349,8000,0,Self-Employed,41,Married,0.0,487.0,0,5.0,41200.0,0.0,140000,360,Personal,Urban,Undergraduate,Female,Private,0
APP104350,8000,0,Self-Employed,29,Married,2.0,890.0,0,5.0,6100.0,0.0,68000,360,Personal,Semi-Urban,Graduate,Male,Govt,1
APP104351,8000,3000,Self-Employed,34,Married,0.0,661.0,2,14.9,5900.0,46000.0,258000,180,Personal,Semi-Urban,Graduate,Male,Govt,0
APP104352,8000,0,Salaried,24,Married,0.0,727.0,0,10.4,7800.0,112000.0,131000,180,Home,Semi-Urban,Graduate,Female,Self,1
APP104353,8000,0,Business,51,Married,0.0,604.0,0,5.0,3600.0,23000.0,56000,360,Personal,Urban,Graduate,Male,Govt,1
APP104354,8000,3000,Salaried,59,Married,0.0,727.0,0,11.6,29000.0,0.0,206000,180,Personal,Semi-Urban,Undergraduate,Male,Govt,1
APP104355,8000,3000,Self-Employed,43,Married,0.0,741.0,1,14.4,16800.0,133000.0,275000,180,Business,Semi-Urban,Undergraduate,Female,Self,1
APP104356,8000,3000,Salaried,45,Single,2.0,764.0,0,6.5,13200.0,93000.0,78000,120,Home,Semi-Urban,Postgraduate,Female,Private,1
APP104357,8000,3000,Self-Employed,36,Married,0.0,656.0,2,14.0,81800.0,162000.0,172000,120,Home,Rural,Undergraduate,Male,Private,1
APP104358,8000,3000,Self-Employed,21,Single,0.0,771.0,0,8.3,4000.0,62000.0,193000,180,Personal,Semi-Urban,Graduate,Female,Private,1
APP104359,8000,3000,Salaried,29,Single,0.0,625.0,0,23.6,29000.0,67000.0,330000,120,Personal,Urban,Graduate,Female,Private,1
APP104360,8000,3000,Salaried,33,Single,2.0,713.0,0,10.4,900.0,121000.0,124000,120,Home,Urban,Graduate,Male,Self,1
APP104361,8000,0,Self-Employed,34,Single,0.0,676.0,1,7.9,15400.0,0.0,205000,360,Personal,Urban,Undergraduate,Female,Private,0
APP104362,8000,3000,Self-Employed,31,Single,3.0,558.0,2,6.8,77500.0,115000.0,105000,120,Home,Urban,Postgraduate,Male,Self,1
APP104363,8000,3000,Salaried,38,Single,2.0,515.0,0,47.7,2800.0,0.0,320000,60,Business,Rural,Postgraduate,Male,Private,0
APP104364,8000,3000,Salaried,29,Married,1.0,653.0,0,12.8,41900.0,163000.0,147000,120,Home,Rural,Graduate,Male,Private,1
APP104365,8000,0,Self-Employed,59,Married,2.0,653.0,0,5.9,2000.0,78000.0,76000,180,Home,Semi-Urban,Graduate,Male,Govt,1
APP104366,8000,0,Salaried,24,Single,,631.0,3,5.0,64700.0,117000.0,121000,360,Home,Urban,Undergraduate,Male,Govt,1
APP104367,8000,0,Salaried,46,Single,1.0,774.0,0,5.0,5100.0,,51000,240,Education,Urban,Graduate,Female,Private,1
APP104368,8000,0,Salaried,35,Single,1.0,795.0,1,5.0,3900.0,87000.0,69000,360,Home,Rural,Undergraduate,Female,Govt,1
APP104369,8000,3000,Salaried,42,Single,1.0,739.0,0,5.3,4700.0,72000.0,197000,360,Personal,Rural,Graduate,Male,Private,1
APP104370,8000,0,Salaried,43,Single,0.0,724.0,1,8.8,8400.0,0.0,229000,360,Business,Urban,Graduate,Female,Self,0
APP104371,8000,3000,Salaried,39,Single,1.0,656.0,2,29.0,7000.0,197000.0,183000,60,Home,Semi-Urban,Postgraduate,Male,Private,0
APP104372,8000,0,Salaried,26,Single,2.0,687.0,1,11.6,7700.0,7000.0,175000,180,Personal,Urban,Graduate,Male,Govt,0
APP104373,8000,3000,Salaried,34,Married,0.0,694.0,3,19.8,11100.0,268000.0,253000,120,Home,Urban,Postgraduate,Female,Private,0
APP104374,8000,0,Salaried,39,Single,3.0,684.0,1,5.0,10300.0,15000.0,55000,120,Education,Urban,Postgraduate,Male,Self,0
APP104375,8000,3000,Salaried,39,Single,0.0,701.0,4,6.3,8200.0,157000.0,151000,240,Home,Semi-Urban,Postgraduate,Male,Private,1
APP104376,8000,0,Salaried,27,Single,3.0,676.0,1,28.3,5200.0,229000.0,239000,120,Home,Urban,Undergraduate,Female,Private,0
APP104377,10900,3000,Business,50,Single,1.0,627.0,1,5.0,12400.0,40000.0,86000,240,Personal,Urban,Postgraduate,Male,Private,1
APP104378,8000,0,Salaried,21,Married,1.0,687.0,2,13.8,11800.0,169000.0,138000,120,Home,Urban,Graduate,Female,Govt,0
APP104379,8000,3000,Salaried,35,Married,2.0,658.0,0,24.8,11300.0,60000.0,287000,120,Business,Urban,Postgraduate,Male,Private,0
APP104380,8000,0,Salaried,28,Single,2.0,810.0,0,11.1,8100.0,32000.0,103000,120,Personal,Semi-Urban,Postgraduate,Male,Private,1
APP104381,8000,3000,Salaried,39,Married,0.0,641.0,0,8.3,4100.0,3000.0,329000,360,Personal,Urban,Graduate,Male,Self,0
APP104382,8000,0,Self-Employed,48,Married,2.0,900.0,0,6.1,8700.0,0.0,141000,240,Business,Rural,Undergraduate,Male,Private,1
APP104383,8000,0,Self-Employed,23,Married,0.0,803.0,3,8.5,6100.0,123000.0,223000,360,Business,Urban,Postgraduate,Male,Private,1
APP104384,8000,0,Business,61,Single,1.0,578.0,0,5.6,1000.0,59000.0,149000,360,Personal,Urban,Undergraduate,Male,Self,0
APP104385,8000,0,Self-Employed,40,Single,3.0,792.0,0,8.9,22000.0,16000.0,124000,180,Education,Urban,Undergraduate,Female,Self,1
APP104386,8000,0,Business,41,Single,0.0,668.0,0,31.6,10500.0,181000.0,184000,60,Home,Urban,Graduate,Female,Private,1
APP104387,8000,3000,Salaried,23,Single,0.0,722.0,1,12.8,7900.0,170000.0,319000,240,Personal,Urban,Postgraduate,Male,Self,1
APP104388,8000,3000,Salaried,37,Married,1.0,805.0,2,5.1,13700.0,28000.0,165000,240,Personal,Urban,Graduate,Male,Self,1
APP104389,8000,3000,Salaried,47,Married,0.0,602.0,1,16.8,3800.0,66000.0,294000,180,Business,Rural,Graduate,Male,Self,0
APP104390,8000,0,Salaried,40,Married,0.0,630.0,1,41.8,31600.0,215000.0,175000,60,Home,Semi-Urban,Undergraduate,Female,Self,1
APP104391,8000,3000,Salaried,39,Single,1.0,,0,8.5,27100.0,182000.0,166000,180,Home,Rural,Undergraduate,Female,Private,1
APP104392,8000,0,Self-Employed,37,Married,1.0,614.0,4,14.0,2500.0,64000.0,59000,60,Home,Urban,Graduate,Male,Private,0
APP104393,8000,3000,Salaried,24,Single,1.0,479.0,0,5.0,4300.0,51000.0,148000,360,Business,Semi-Urban,Postgraduate,Female,Govt,0
APP104394,8000,3000,Business,24,Married,1.0,766.0,0,9.9,15900.0,250000.0,285000,240,Home,Urban,Undergraduate,Male,Private,1
APP104395,8000,0,Business,49,Married,3.0,697.0,2,13.7,10400.0,9000.0,66000,60,Education,Semi-Urban,Postgraduate,Male,Govt,0
APP104396,8000,0,Salaried,46,Single,3.0,677.0,0,33.7,8000.0,0.0,158000,60,Education,Rural,Undergraduate,Male,Govt,0
APP104397,8000,0,Salaried,48,Married,2.0,675.0,2,8.4,12600.0,146000.0,146000,240,Home,Rural,Undergraduate,Male,Private,1
APP104398,8000,3000,Salaried,29,Single,,881.0,0,9.5,,0.0,241000,240,Education,Urban,Graduate,Male,Govt,1
APP104399,8000,0,Salaried,36,Married,0.0,771.0,0,18.1,3200.0,134000.0,228000,180,Personal,Urban,Graduate,Male,Self,1
APP104400,8000,0,Salaried,50,Married,2.0,602.0,0,11.7,4400.0,214000.0,192000,240,Home,Urban,Postgraduate,Female,Self,1
APP104401,8000,0,Salaried,25,Married,,675.0,2,7.7,17400.0,0.0,146000,240,Personal,Urban,Graduate,Male,Govt,0
APP104402,8000,3000,Salaried,49,Married,3.0,786.0,0,23.5,900.0,49000.0,285000,120,Business,Urban,Postgraduate,Male,Private,1
APP104403,8000,0,Salaried,32,Single,1.0,776.0,1,6.3,9700.0,63000.0,183000,360,Business,Urban,Postgraduate,Male,Self,1
APP104404,8000,3000,Business,29,Married,2.0,536.0,1,17.7,5600.0,99000.0,302000,180,Personal,Urban,Undergraduate,Male,Self,0
APP104405,8000,0,Self-Employed,37,Married,0.0,618.0,2,90.0,15500.0,57000.0,187000,12,Personal,Semi-Urban,Graduate,Male,Self,0
APP104406,8000,0,Business,26,Married,1.0,577.0,0,21.9,18200.0,176000.0,193000,120,Home,Semi-Urban,Graduate,Male,Self,0
APP104407,8000,0,Salaried,21,Single,2.0,729.0,1,22.2,44300.0,0.0,64000,36,Business,Rural,Graduate,Male,Self,0
APP104408,8000,0,Salaried,38,Single,2.0,582.0,2,5.0,2500.0,48000.0,50000,120,Home,Urban,Postgraduate,Male,Private,0
APP104409,8000,3000,Self-Employed,43,Married,1.0,819.0,0,13.2,3600.0,30000.0,318000,240,Education,Urban,Graduate,Male,Private,1
APP104410,8000,0,Salaried,50,Married,0.0,764.0,4,90.0,8500.0,122000.0,96000,12,Home,Semi-Urban,Postgraduate,Male,Self,0
APP104411,8000,0,Salaried,44,Single,2.0,657.0,0,5.0,33200.0,93000.0,80000,360,Home,Semi-Urban,Graduate,Female,Private,1
APP104412,8000,0,Self-Employed,57,Single,,566.0,0,5.0,12500.0,65000.0,78000,240,Home,Urban,Postgraduate,Female,Self,0
APP104413,8000,3000,Self-Employed,51,Married,0.0,608.0,0,35.6,,114000.0,261000,60,Personal,Rural,Graduate,Male,Private,0
APP104414,8000,0,Salaried,45,Single,1.0,720.0,0,5.4,27600.0,14000.0,57000,120,Personal,Urban,Postgraduate,Male,Self,1
APP104415,8000,0,Salaried,42,Single,1.0,740.0,2,11.5,5400.0,0.0,175000,180,Personal,Urban,Graduate,Male,Private,0
APP104416,8000,3000,Salaried,50,Single,1.0,668.0,1,36.1,26100.0,211000.0,217000,60,Home,Semi-Urban,Graduate,Male,Private,1
APP104417,8000,0,Salaried,21,Single,2.0,448.0,0,90.0,45900.0,1000.0,76000,12,Business,Urban,Undergraduate,Male,Private,0
APP104418,8000,0,Salaried,33,Single,1.0,717.0,3,72.8,7000.0,73000.0,74000,12,Home,Semi-Urban,Graduate,Male,Self,0
APP104419,8000,0,Salaried,21,Married,1.0,482.0,2,7.9,1700.0,84000.0,73000,120,Home,Urban,Postgraduate,Male,Private,0
APP104420,8000,4500,Salaried,44,Single,0.0,489.0,0,31.6,9400.0,0.0,153000,36,Personal,Urban,Undergraduate,Female,Self,0
APP104421,8000,0,Business,30,Married,1.0,769.0,0,90.0,42000.0,99000.0,171000,12,Business,Rural,Postgraduate,Male,Self,0
APP104422,8000,3000,Self-Employed,65,Single,0.0,573.0,0,5.0,13300.0,113000.0,121000,360,Home,Urban,Undergraduate,Male,Private,1
APP104423,8000,0,Self-Employed,32,Married,0.0,694.0,1,31.9,2000.0,99000.0,175000,60,Personal,Semi-Urban,Graduate,Male,Self,1
APP104424,8000,0,Salaried,39,Married,0.0,680.0,1,17.3,28900.0,66000.0,235000,180,Personal,Urban,Graduate,Female,Private,0
APP104425,8000,3000,Salaried,33,Single,0.0,607.0,0,51.8,18000.0,0.0,294000,60,Business,Semi-Urban,Graduate,Female,Private,0
APP104426,8000,3000,Salaried,33,Single,0.0,690.0,1,90.0,22000.0,352000.0,277000,12,Home,Urban,Graduate,Male,Govt,0
APP104427,8000,3000,Salaried,25,Married,1.0,598.0,4,11.2,25200.0,104000.0,317000,240,Education,Rural,Graduate,Female,Self,0
APP104428,8000,3000,Salaried,25,Married,0.0,676.0,1,66.9,4700.0,290000.0,228000,36,Home,Semi-Urban,Graduate,Male,Private,0
APP104429,8000,3000,Self-Employed,21,Married,0.0,637.0,1,90.0,23400.0,305000.0,269000,12,Home,Urban,Postgraduate,Female,Private,0
APP104430,8000,0,Self-Employed,43,Single,3.0,634.0,0,12.1,4200.0,227000.0,197000,180,Home,Urban,Undergraduate,Female,Private,1
APP104431,8000,0,Salaried,33,Single,1.0,620.0,0,90.0,2500.0,50000.0,235000,12,Business,Rural,Graduate,Male,Private,0
APP104432,8000,0,Salaried,57,Married,1.0,,3,18.9,3500.0,211000.0,172000,120,Home,Rural,Graduate,Female,Govt,1
APP104433,8000,3000,Business,25,Single,0.0,740.0,2,18.3,16200.0,0.0,138000,60,Business,Semi-Urban,Graduate,Male,Private,1
APP104434,8000,3200,Salaried,52,Single,1.0,631.0,1,9.4,5400.0,154000.0,120000,120,Home,Semi-Urban,Graduate,Male,Private,1
APP104435,8000,3000,Salaried,53,Married,1.0,578.0,0,90.0,35400.0,34000.0,147000,12,Business,Rural,Undergraduate,Male,Govt,0
APP104436,8000,0,Salaried,50,Single,1.0,627.0,2,5.6,24700.0,0.0,194000,360,Personal,Urban,Graduate,Female,Private,0
APP104437,8000,0,Self-Employed,40,Married,0.0,624.0,1,10.9,15900.0,204000.0,174000,180,Home,Semi-Urban,Graduate,Male,Private,0
APP104438,8000,0,Business,34,Single,2.0,636.0,1,6.5,32200.0,0.0,90000,180,Personal,Semi-Urban,Postgraduate,Male,Govt,0
APP104439,8000,3000,Salaried,50,Married,3.0,736.0,1,9.4,2500.0,348000.0,293000,240,Home,Semi-Urban,Undergraduate,Female,Private,1
APP104440,8000,3000,Business,30,Married,2.0,599.0,3,14.3,21100.0,136000.0,325000,240,Education,Urban,Postgraduate,Male,Private,1
APP104441,8000,0,Business,40,Married,0.0,645.0,0,10.4,14400.0,94000.0,193000,240,Education,Semi-Urban,Postgraduate,Male,Govt,1
APP104442,8100,3000,Salaried,37,Married,1.0,737.0,0,5.0,2300.0,0.0,83000,240,Education,Semi-Urban,Graduate,Male,Govt,0
APP104443,8000,3000,Salaried,29,Single,0.0,703.0,2,14.5,3900.0,76000.0,232000,120,Personal,Rural,Graduate,Male,Govt,1
APP104444,8000,3000,Salaried,40,Married,1.0,618.0,0,23.0,6900.0,80000.0,314000,120,Personal,Semi-Urban,Graduate,Male,Govt,1
APP104445,8000,0,Business,45,Married,1.0,742.0,3,5.0,6700.0,95000.0,108000,360,Home,Rural,Graduate,Male,Self,1
APP104446,8000,0,Salaried,28,Single,1.0,761.0,0,6.2,7800.0,63000.0,160000,360,Business,Rural,Undergraduate,Female,Private,1
APP104447,8000,3000,Self-Employed,42,Married,1.0,739.0,2,29.7,4400.0,44000.0,126000,36,Business,Semi-Urban,Postgraduate,Female,Govt,0
APP104448,8000,0,Salaried,21,Married,2.0,691.0,2,14.5,35600.0,195000.0,217000,180,Home,Urban,Graduate,Male,Govt,1
APP104449,8000,0,Self-Employed,27,Single,2.0,656.0,1,11.8,2400.0,224000.0,215000,240,Home,Semi-Urban,Graduate,Male,Private,1
APP104450,8000,0,Salaried,33,Single,0.0,575.0,1,44.5,2400.0,0.0,118000,36,Education,Rural,Graduate,Male,Self,0
APP104451,8000,0,Self-Employed,41,Married,2.0,555.0,0,5.0,3200.0,0.0,115000,360,Personal,Urban,Postgraduate,Male,Private,0
APP104452,8000,0,Business,46,Married,2.0,672.0,0,5.0,4300.0,52000.0,50000,180,Home,Semi-Urban,Graduate,Male,Govt,1
APP104453,8000,0,Business,38,Single,0.0,665.0,2,5.1,4000.0,141000.0,109000,240,Home,Urban,Graduate,Male,Private,1
APP104454,8000,3000,Business,43,Married,0.0,640.0,2,34.5,43500.0,136000.0,272000,60,Personal,Urban,Postgraduate,Female,Private,1
APP104455,8000,0,Salaried,36,Married,2.0,670.0,0,12.6,4200.0,0.0,53000,60,Personal,Semi-Urban,Graduate,Male,Govt,1
APP104456,8000,0,Self-Employed,42,Married,1.0,786.0,2,28.0,7200.0,88000.0,87000,36,Home,Semi-Urban,Graduate,Male,Private,0
APP104457,8000,0,Salaried,41,Married,1.0,826.0,0,33.3,2300.0,0.0,188000,60,Business,Semi-Urban,Graduate,Female,Private,0
APP104458,8000,0,Salaried,32,Single,1.0,572.0,1,11.0,5100.0,0.0,172000,180,Personal,Rural,Graduate,Female,Govt,0
APP104459,8000,3000,Salaried,34,Single,3.0,705.0,0,6.8,14800.0,119000.0,326000,360,Education,Urban,Graduate,Male,Private,1
APP104460,8000,0,Salaried,44,Single,3.0,684.0,0,9.7,16000.0,47000.0,123000,180,Personal,Urban,Graduate,Female,Private,1
APP104461,8000,0,Salaried,56,Single,0.0,740.0,0,14.1,21700.0,73000.0,74000,60,Home,Rural,Undergraduate,Male,Private,1
APP104462,8000,0,Business,50,Married,0.0,828.0,1,90.0,3000.0,0.0,176000,12,Education,Semi-Urban,Postgraduate,Female,Private,0
APP104463,8000,0,Salaried,26,Married,1.0,868.0,1,5.0,4100.0,53000.0,63000,240,Home,Urban,Postgraduate,Male,Private,1
APP104464,8000,3000,Self-Employed,26,Single,0.0,736.0,1,6.4,18400.0,114000.0,97000,120,Home,Semi-Urban,Undergraduate,Female,Private,1
APP104465,8000,0,Salaried,32,Married,1.0,683.0,0,5.0,7900.0,198000.0,157000,360,Home,Rural,Graduate,Female,Private,1
APP104466,8000,3000,Salaried,38,Married,2.0,647.0,0,7.4,7600.0,172000.0,191000,240,Home,Semi-Urban,Undergraduate,Female,Private,1
APP104467,8000,3000,Salaried,38,Single,2.0,900.0,0,5.0,14600.0,0.0,136000,360,Personal,Rural,Graduate,Female,Govt,1
APP104468,8000,0,Business,50,Married,2.0,594.0,2,90.0,,71000.0,140000,12,Personal,Urban,Graduate,Male,Private,0
APP104469,8000,3000,Business,50,Married,0.0,730.0,3,11.6,4000.0,366000.0,295000,240,Home,Urban,Graduate,Male,Private,1
APP104470,8000,0,Business,38,Single,2.0,640.0,2,43.8,7300.0,152000.0,187000,60,Home,Rural,Graduate,Male,Private,0
APP104471,8000,0,Business,35,Single,1.0,559.0,0,9.3,7200.0,69000.0,135000,180,Personal,Semi-Urban,Undergraduate,Female,Self,0
APP104472,8000,3700,Salaried,43,Married,0.0,818.0,2,11.0,3100.0,161000.0,158000,120,Home,Urban,Graduate,Female,Self,1
APP104473,8000,3000,Salaried,48,Single,1.0,523.0,0,10.7,10900.0,269000.0,220000,180,Home,Semi-Urban,Graduate,Male,Govt,1
APP104474,9300,0,Self-Employed,43,Married,2.0,478.0,1,16.4,4700.0,0.0,56000,36,Education,Semi-Urban,Graduate,Female,Self,0
APP104475,8000,3000,Salaried,33,Married,1.0,735.0,1,14.2,8100.0,60000.0,260000,180,Business,Urban,Graduate,Female,Private,1
APP104476,8000,0,Salaried,31,Single,3.0,652.0,0,90.0,15500.0,20000.0,202000,12,Business,Semi-Urban,Graduate,Female,Private,0
APP104477,8000,3000,Salaried,26,Single,1.0,710.0,1,76.5,10600.0,0.0,98000,12,Personal,Urban,Graduate,Female,Self,0
APP104478,8000,0,Self-Employed,39,Married,1.0,679.0,0,7.5,3300.0,158000.0,125000,240,Home,Urban,Graduate,Male,Private,1
APP104479,8000,3000,Self-Employed,44,Married,0.0,726.0,1,5.0,9900.0,50000.0,104000,360,Personal,Semi-Urban,Undergraduate,Male,Private,1
APP104480,8000,0,Salaried,45,Married,0.0,653.0,0,13.4,9300.0,265000.0,230000,240,Home,Urban,Graduate,Male,Self,1
APP104481,8000,0,Salaried,49,Married,1.0,753.0,1,15.5,4600.0,257000.0,207000,180,Home,Urban,Graduate,Male,Private,1
APP104482,8000,0,Self-Employed,52,Married,1.0,755.0,1,20.0,3400.0,11000.0,52000,36,Personal,Rural,Postgraduate,Male,Private,1
APP104483,8000,0,Self-Employed,24,Married,1.0,819.0,0,90.0,9500.0,15000.0,234000,12,Personal,Semi-Urban,Undergraduate,Female,Private,0
APP104484,8000,3000,Salaried,42,Married,1.0,769.0,3,17.9,2000.0,85000.0,103000,60,Home,Semi-Urban,Graduate,Female,Self,0
APP104485,8000,3000,Self-Employed,42,Married,2.0,646.0,3,5.0,2800.0,91000.0,88000,360,Home,Urban,Graduate,Male,Self,0
APP104486,8000,3000,Salaried,37,Married,0.0,726.0,2,6.5,2200.0,0.0,75000,120,Personal,Urban,Undergraduate,Male,Private,0
APP104487,8000,0,Salaried,29,Single,1.0,709.0,1,7.6,2400.0,0.0,200000,360,Business,Semi-Urban,Graduate,Male,Self,0
APP104488,8000,0,Self-Employed,52,Married,1.0,701.0,2,13.1,5000.0,34000.0,226000,240,Personal,Urban,Postgraduate,Male,Private,0
APP104489,8000,0,Self-Employed,32,Married,0.0,552.0,1,5.0,23400.0,6000.0,66000,240,Education,Semi-Urban,Graduate,Male,Self,0
APP104490,8000,0,Salaried,21,Single,3.0,747.0,0,6.7,15000.0,66000.0,237000,360,Business,Semi-Urban,Undergraduate,Male,Private,1
APP104491,8000,0,Self-Employed,38,Single,2.0,734.0,0,20.8,24900.0,49000.0,109000,60,Personal,Semi-Urban,Undergraduate,Male,Govt,1
APP104492,8000,0,Self-Employed,35,Married,0.0,835.0,1,12.1,4400.0,59000.0,178000,180,Personal,Urban,Undergraduate,Male,Govt,1
APP104493,8000,0,Self-Employed,56,Married,2.0,768.0,2,7.5,1100.0,198000.0,237000,360,Home,Urban,Graduate,Male,Govt,1
APP104494,8000,0,Self-Employed,42,Single,3.0,669.0,3,5.0,4500.0,43000.0,50000,180,Home,Rural,Graduate,Male,Govt,0
APP104495,8000,3000,Self-Employed,34,Married,2.0,654.0,2,37.7,25000.0,58000.0,210000,60,Education,Rural,Graduate,Male,Self,0
APP104496,8000,3000,Salaried,36,Single,1.0,581.0,1,40.1,5500.0,272000.0,239000,60,Home,Semi-Urban,Undergraduate,Male,Private,0
APP104497,8000,0,Salaried,35,Married,3.0,843.0,0,6.1,7900.0,122000.0,119000,240,Home,Rural,Undergraduate,Male,Self,1
APP104498,8000,0,Salaried,60,Married,0.0,576.0,1,61.7,6500.0,26000.0,69000,12,Personal,Semi-Urban,Graduate,Female,Private,0
APP104499,8000,3000,Salaried,44,Married,,511.0,0,6.7,16300.0,291000.0,230000,360,Home,Urban,Postgraduate,Male,Private,1
APP104500,8000,0,Self-Employed,23,Single,0.0,760.0,0,67.5,,28000.0,57000,12,Business,Urban,Graduate,Male,Private,0
APP104501,8000,0,Salaried,35,Single,,671.0,2,10.1,1700.0,224000.0,225000,240,Home,Urban,Graduate,Female,Self,1
APP104502,8000,3000,Salaried,37,Married,3.0,703.0,0,5.8,700.0,29000.0,188000,240,Education,Semi-Urban,Postgraduate,Male,Private,1
APP104503,8000,0,Salaried,26,Married,2.0,688.0,1,18.0,15600.0,50000.0,223000,180,Personal,Semi-Urban,Graduate,Female,Self,0
APP104504,8000,0,Salaried,21,Married,2.0,576.0,1,16.4,6600.0,31000.0,209000,180,Education,Rural,Graduate,Male,Self,0
APP104505,8000,3000,Salaried,43,Married,0.0,713.0,0,5.0,15600.0,22000.0,67000,360,Education,Rural,Graduate,Male,Govt,1
APP104506,8000,0,Self-Employed,29,Single,3.0,650.0,0,6.7,6100.0,,136000,240,Education,Rural,Undergraduate,Male,Govt,0
APP104507,8000,0,Salaried,50,Married,0.0,638.0,0,12.1,13600.0,20000.0,218000,240,Business,Rural,Undergraduate,Male,Self,1
APP104508,8000,0,Self-Employed,38,Single,0.0,808.0,0,47.3,7100.0,29000.0,119000,36,Business,Rural,Undergraduate,Male,Self,1
APP104509,8000,0,Business,33,Single,1.0,751.0,0,90.0,3900.0,0.0,110000,12,Personal,Urban,Postgraduate,Male,Private,0
APP104510,8000,3000,Salaried,21,Single,0.0,472.0,0,90.0,5500.0,104000.0,247000,12,Personal,Urban,Postgraduate,Male,Private,0
APP104511,8000,0,Salaried,50,Single,0.0,683.0,2,64.3,6800.0,151000.0,183000,36,Home,Semi-Urban,Graduate,Male,Private,0
APP104512,8500,3000,Salaried,40,Married,3.0,767.0,1,7.3,14900.0,0.0,247000,240,Business,Semi-Urban,Undergraduate,Male,Private,1
APP104513,8000,3000,Self-Employed,33,Married,1.0,567.0,0,9.3,6800.0,94000.0,162000,180,Business,Urban,Postgraduate,Female,Private,0
APP104514,8000,0,Self-Employed,29,Married,3.0,578.0,3,5.0,2800.0,23000.0,60000,240,Personal,Rural,Postgraduate,Male,Private,0
APP104515,8000,0,Salaried,53,Married,1.0,762.0,1,45.3,42800.0,44000.0,225000,60,Personal,Rural,Postgraduate,Male,Private,1
APP104516,8000,0,Salaried,27,Married,0.0,639.0,0,11.9,11100.0,34000.0,109000,120,Personal,Semi-Urban,Undergraduate,Male,Private,1
APP104517,8000,0,Business,34,Married,0.0,485.0,2,7.1,31600.0,219000.0,201000,360,Home,Semi-Urban,Graduate,Female,Self,0
APP104518,11200,0,Salaried,43,Single,3.0,779.0,1,5.0,2700.0,52000.0,162000,360,Business,Rural,Graduate,Male,Self,1
APP104519,8000,3000,Salaried,52,Married,0.0,656.0,1,5.0,6300.0,99000.0,197000,360,Personal,Urban,Postgraduate,Male,Self,1
APP104520,8000,0,Business,35,Single,1.0,705.0,1,5.0,9800.0,10000.0,120000,360,Personal,Urban,Undergraduate,Male,Self,1
APP104521,8000,3000,Self-Employed,30,Single,0.0,675.0,0,5.0,15600.0,22000.0,87000,240,Personal,Rural,Postgraduate,Male,Private,1
APP104522,8000,0,Business,36,Single,1.0,756.0,3,5.0,1200.0,42000.0,111000,360,Business,Semi-Urban,Graduate,Female,Self,1
APP104523,8000,3000,Self-Employed,47,Married,0.0,581.0,0,12.2,1300.0,89000.0,318000,240,Personal,Semi-Urban,Graduate,Female,Self,0
APP104524,8000,0,Business,49,Married,0.0,731.0,1,5.0,4200.0,68000.0,69000,360,Home,Rural,Postgraduate,Male,Self,1
APP104525,8000,3000,Salaried,24,Married,2.0,782.0,2,90.0,14000.0,21000.0,213000,12,Education,Urban,Postgraduate,Male,Private,0
APP104526,8000,0,Self-Employed,39,Married,0.0,558.0,0,9.4,4100.0,123000.0,234000,360,Business,Semi-Urban,Postgraduate,Female,Private,0
APP104527,8000,0,Business,23,Married,1.0,605.0,1,5.0,7100.0,0.0,52000,180,Personal,Semi-Urban,Graduate,Male,Govt,0
APP104528,8000,3000,Self-Employed,46,Single,2.0,796.0,4,23.8,8500.0,18000.0,84000,36,Business,Urban,Undergraduate,Female,Govt,0
APP104529,8000,0,Salaried,42,Married,2.0,761.0,2,54.9,3500.0,15000.0,223000,60,Business,Urban,Postgraduate,Female,Self,0
APP104530,8000,3000,Salaried,28,Married,0.0,590.0,2,7.1,35000.0,154000.0,260000,360,Personal,Rural,Undergraduate,Male,Private,1
APP104531,8000,0,Salaried,53,Single,2.0,570.0,0,9.1,3700.0,156000.0,153000,180,Home,Urban,Graduate,Female,Self,0
APP104532,8000,0,Salaried,41,Married,3.0,697.0,1,6.0,1000.0,169000.0,151000,360,Home,Urban,Graduate,Male,Private,0
APP104533,8000,0,Salaried,40,Married,1.0,701.0,1,90.0,3000.0,0.0,235000,36,Personal,Semi-Urban,Undergraduate,Female,Private,0
APP104534,8000,4200,Self-Employed,36,Single,2.0,666.0,1,6.2,3500.0,0.0,79000,120,Education,Urban,Graduate,Male,Govt,0
APP104535,8000,3000,Self-Employed,37,Married,2.0,890.0,0,10.3,9600.0,10000.0,137000,120,Personal,Rural,Postgraduate,Male,Private,1
APP104536,8000,3000,Salaried,34,Single,2.0,722.0,2,8.5,10100.0,21000.0,150000,180,Personal,Urban,Graduate,Male,Private,1
APP104537,8000,0,Self-Employed,30,Married,0.0,604.0,0,5.0,14600.0,62000.0,71000,240,Home,Semi-Urban,Undergraduate,Female,Private,1
APP104538,8000,0,Salaried,50,Single,3.0,775.0,0,6.3,53100.0,0.0,117000,240,Personal,Urban,Graduate,Male,Govt,1
APP104539,8000,0,Salaried,33,Married,0.0,,1,90.0,8300.0,30000.0,119000,12,Education,Rural,Graduate,Male,Self,0
APP104540,8000,0,Salaried,32,Married,3.0,619.0,0,90.0,18900.0,267000.0,232000,36,Home,Semi-Urban,Undergraduate,Male,Private,0
APP104541,8000,0,Salaried,36,Married,0.0,761.0,0,90.0,5200.0,,133000,12,Education,Urban,Postgraduate,Male,Self,0
APP104542,8000,0,Salaried,52,Married,1.0,812.0,0,8.6,10800.0,66000.0,227000,360,Business,Rural,Graduate,Male,Govt,1
APP104543,8000,0,Salaried,49,Married,2.0,699.0,0,18.5,5700.0,111000.0,204000,120,Education,Urban,Graduate,Male,Private,1
APP104544,8000,3000,Salaried,34,Married,0.0,592.0,0,22.2,7000.0,292000.0,261000,120,Home,Semi-Urban,Undergraduate,Male,Private,0
APP104545,8000,3000,Business,50,Married,0.0,682.0,1,8.1,9600.0,0.0,153000,180,Education,Rural,Graduate,Male,Self,0
APP104546,8000,0,Salaried,39,Married,1.0,585.0,1,5.1,21700.0,156000.0,130000,360,Home,Semi-Urban,Postgraduate,Male,Private,1
APP104547,8000,0,Self-Employed,29,Married,2.0,684.0,2,69.8,7700.0,0.0,57000,12,Personal,Semi-Urban,Graduate,Male,Private,0
APP104548,8000,3000,Self-Employed,33,Married,0.0,747.0,0,41.1,7700.0,173000.0,166000,36,Home,Urban,Undergraduate,Male,Self,1
APP104549,8000,3000,Self-Employed,51,Single,1.0,502.0,0,12.3,11100.0,29000.0,296000,240,Business,Urban,Undergraduate,Female,Govt,0
APP104550,8000,3000,Business,58,Married,1.0,736.0,1,8.2,19500.0,326000.0,272000,360,Home,Urban,Postgraduate,Male,Govt,1
APP104551,8000,3000,Salaried,41,Married,0.0,646.0,0,9.4,2000.0,16000.0,279000,240,Personal,Rural,Graduate,Female,Self,1
APP104552,8000,0,Salaried,32,Single,1.0,629.0,0,21.6,10300.0,86000.0,91000,60,Home,Rural,Undergraduate,Female,Private,1
APP104553,8100,3000,Business,36,Single,0.0,544.0,2,5.3,2100.0,12000.0,123000,180,Business,Urban,Graduate,Male,Private,0
APP104554,8000,3000,Salaried,30,Married,0.0,575.0,1,5.0,30000.0,21000.0,241000,360,Education,Urban,Undergraduate,Male,Private,1
APP104555,8000,0,Self-Employed,31,Married,2.0,838.0,0,13.7,11400.0,0.0,173000,180,Business,Urban,Graduate,Female,Govt,1
APP104556,8000,0,Self-Employed,30,Married,2.0,756.0,0,10.5,27600.0,10000.0,85000,120,Personal,Urban,Postgraduate,Male,Govt,1
APP104557,8000,0,Self-Employed,37,Married,1.0,796.0,0,15.7,1500.0,0.0,186000,120,Personal,Urban,Graduate,Male,Private,0
APP104558,8000,0,Business,39,Single,0.0,602.0,0,5.0,6800.0,50000.0,120000,360,Business,Semi-Urban,Postgraduate,Female,Self,0
APP104559,8000,0,Business,36,Married,1.0,841.0,0,12.3,,253000.0,218000,240,Home,Rural,Graduate,Male,Private,1
APP104560,8000,0,Self-Employed,35,Single,2.0,674.0,0,6.6,33000.0,52000.0,118000,240,Personal,Semi-Urban,Graduate,Female,Private,1
APP104561,8000,0,Salaried,45,Married,1.0,609.0,0,18.9,11500.0,84000.0,92000,60,Home,Semi-Urban,Graduate,Male,Self,1
APP104562,8000,0,Business,35,Married,1.0,582.0,0,5.8,5300.0,48000.0,86000,180,Personal,Rural,Graduate,Female,Private,1
APP104563,8000,0,Salaried,36,Single,3.0,577.0,1,21.7,6200.0,0.0,220000,120,Business,Semi-Urban,Graduate,Male,Private,0
APP104564,8000,3000,Salaried,36,Married,1.0,588.0,3,42.3,2900.0,0.0,293000,60,Business,Semi-Urban,Graduate,Male,Self,0
APP104565,9300,0,Business,53,Married,2.0,599.0,0,5.3,35000.0,123000.0,151000,360,Home,Urban,Undergraduate,Male,Private,1
APP104566,8000,0,Salaried,33,Single,1.0,761.0,0,11.0,15500.0,26000.0,94000,120,Education,Urban,Graduate,Male,Private,1
APP104567,8000,0,Salaried,43,Single,0.0,892.0,1,19.9,6800.0,26000.0,103000,60,Education,Semi-Urban,Postgraduate,Female,Self,1
APP104568,8000,3000,Salaried,30,Single,0.0,649.0,1,5.0,14000.0,164000.0,168000,360,Home,Rural,Graduate,Male,Self,1
APP104569,8000,4700,Business,41,Married,1.0,651.0,1,12.5,7300.0,104000.0,90000,60,Home,Semi-Urban,Postgraduate,Female,Private,1
APP104570,8000,3000,Salaried,43,Married,1.0,512.0,0,5.0,6000.0,46000.0,84000,240,Education,Rural,Graduate,Male,Govt,1
APP104571,8000,0,Self-Employed,48,Single,1.0,588.0,1,9.8,3800.0,35000.0,226000,240,Business,Urban,Undergraduate,Male,Private,0
APP104572,8000,0,Salaried,34,Married,0.0,534.0,0,7.3,3900.0,29000.0,195000,360,Personal,Rural,Undergraduate,Male,Private,0
APP104573,8000,3000,Self-Employed,26,Single,2.0,753.0,0,6.4,11900.0,0.0,281000,360,Personal,Rural,Graduate,Male,Private,0
APP104574,8000,0,Self-Employed,30,Married,2.0,838.0,2,6.5,23100.0,58000.0,140000,240,Education,Semi-Urban,Undergraduate,Male,Private,1
APP104575,8000,3000,Salaried,47,Married,1.0,,1,13.3,5800.0,5000.0,162000,120,Personal,Rural,Graduate,Male,Self,0
APP104576,8000,3700,Salaried,58,Single,2.0,661.0,0,5.3,3700.0,0.0,96000,180,Business,Semi-Urban,Postgraduate,Female,Private,0
APP104577,8000,0,Salaried,46,Married,0.0,633.0,3,5.4,21000.0,16000.0,155000,360,Personal,Urban,Graduate,Female,Self,0
APP104578,8000,0,Business,25,Married,1.0,733.0,1,90.0,8800.0,232000.0,191000,12,Home,Urban,Graduate,Male,Govt,0
APP104579,8000,0,Self-Employed,46,Married,,681.0,1,5.0,900.0,13000.0,86000,240,Education,Semi-Urban,Graduate,Male,Govt,0
APP104580,8000,0,Business,28,Married,1.0,870.0,0,20.8,4000.0,73000.0,123000,60,Business,Rural,Postgraduate,Male,Private,1
APP104581,8000,0,Salaried,34,Married,1.0,612.0,0,51.0,12900.0,54000.0,226000,60,Education,Urban,Graduate,Male,Govt,0
APP104582,8000,0,Self-Employed,39,Married,1.0,752.0,1,36.0,3700.0,0.0,210000,60,Personal,Semi-Urban,Undergraduate,Male,Private,0
APP104583,8000,3000,Self-Employed,41,Married,0.0,618.0,1,62.8,8500.0,339000.0,277000,36,Home,Rural,Postgraduate,Male,Self,0
APP104584,8000,0,Self-Employed,38,Single,0.0,535.0,0,5.0,2300.0,45000.0,56000,360,Home,Urban,Graduate,Female,Private,0
APP104585,8000,0,Business,31,Married,3.0,808.0,0,5.0,5400.0,38000.0,80000,360,Business,Urban,Postgraduate,Female,Private,1
APP104586,10600,0,Salaried,48,Single,0.0,840.0,1,6.8,2700.0,127000.0,141000,180,Home,Urban,Undergraduate,Male,Private,1
APP104587,8800,3000,Salaried,32,Married,0.0,700.0,2,5.6,2400.0,194000.0,157000,240,Home,Urban,Undergraduate,Male,Govt,1
APP104588,8000,0,Self-Employed,50,Married,1.0,599.0,3,5.8,3800.0,10000.0,73000,180,Education,Urban,Postgraduate,Male,Private,0
APP104589,8000,4200,Self-Employed,24,Married,0.0,577.0,0,5.0,19400.0,0.0,158000,360,Business,Urban,Undergraduate,Female,Self,0
APP104590,8000,0,Self-Employed,40,Single,1.0,730.0,0,5.0,12300.0,106000.0,130000,360,Home,Urban,Undergraduate,Male,Private,1
APP104591,8000,3000,Salaried,25,Single,1.0,464.0,3,10.3,63100.0,19000.0,79000,60,Business,Semi-Urban,Graduate,Male,Private,0
APP104592,8000,0,Salaried,29,Single,0.0,750.0,1,8.5,4500.0,114000.0,125000,180,Home,Semi-Urban,Graduate,Female,Self,1
APP104593,8000,3000,Salaried,32,Married,0.0,642.0,0,6.0,22500.0,0.0,197000,240,Business,Semi-Urban,Graduate,Male,Self,0
APP104594,8000,0,Salaried,53,Married,,632.0,1,5.0,52000.0,0.0,56000,360,Business,Semi-Urban,Graduate,Male,Govt,0
APP104595,8000,0,Self-Employed,51,Single,1.0,583.0,0,8.1,24800.0,223000.0,177000,240,Home,Rural,Graduate,Male,Private,0
APP104596,8000,3000,Self-Employed,46,Single,2.0,550.0,0,5.0,25200.0,95000.0,87000,360,Home,Rural,Undergraduate,Male,Private,1
APP104597,8000,0,Salaried,38,Single,0.0,674.0,0,5.6,9100.0,202000.0,172000,360,Home,Rural,Graduate,Male,Private,0
APP104598,8000,0,Salaried,39,Married,1.0,697.0,0,18.8,10200.0,64000.0,239000,180,Personal,Urban,Postgraduate,Male,Private,1
APP104599,8000,0,Salaried,50,Single,2.0,663.0,1,5.0,3200.0,69000.0,60000,360,Home,Rural,Postgraduate,Male,Govt,1
APP104600,8000,3000,Salaried,45,Married,0.0,778.0,0,9.0,600.0,133000.0,138000,120,Home,Rural,Graduate,Male,Private,1
APP104601,8000,3000,Self-Employed,38,Married,1.0,685.0,0,7.6,9900.0,113000.0,100000,120,Home,Urban,Graduate,Female,Private,1
APP104602,8000,3000,Business,52,Married,1.0,736.0,1,5.6,3100.0,45000.0,163000,240,Education,Urban,Postgraduate,Male,Private,1
APP104603,8000,0,Salaried,46,Married,2.0,539.0,1,67.1,5300.0,263000.0,208000,36,Home,Semi-Urban,Postgraduate,Male,Self,0
APP104604,8000,3000,Self-Employed,40,Single,2.0,640.0,0,21.8,3500.0,68000.0,311000,120,Business,Urban,Undergraduate,Female,Self,1
APP104605,8000,3000,Business,33,Single,0.0,797.0,2,10.2,11200.0,5000.0,288000,240,Business,Urban,Graduate,Female,Private,1
APP104606,9300,3000,Business,32,Single,0.0,759.0,1,18.8,6600.0,0.0,278000,120,Education,Semi-Urban,Undergraduate,Female,Private,0
APP104607,8000,0,Salaried,34,Single,1.0,702.0,1,5.5,28500.0,,186000,360,Personal,Semi-Urban,Graduate,Male,Private,1
APP104608,8000,3000,Business,42,Married,0.0,645.0,0,5.0,3900.0,9000.0,98000,360,Personal,Rural,Postgraduate,Male,Private,1
APP104609,8000,3000,Salaried,46,Single,0.0,595.0,0,7.0,9700.0,0.0,132000,180,Personal,Semi-Urban,Postgraduate,Female,Self,0
APP104610,8000,3000,Salaried,23,Married,2.0,632.0,0,9.0,6700.0,44000.0,162000,180,Personal,Semi-Urban,Graduate,Female,Private,1
APP104611,8000,0,Salaried,21,Single,1.0,737.0,0,5.0,6000.0,0.0,58000,240,Personal,Urban,Graduate,Male,Private,0
APP104612,8000,0,Salaried,28,Single,1.0,501.0,0,12.9,7500.0,57000.0,206000,180,Personal,Semi-Urban,Graduate,Female,Private,0
APP104613,8000,3000,Salaried,33,Single,0.0,841.0,0,20.0,37100.0,0.0,133000,60,Personal,Semi-Urban,Graduate,Male,Private,1
APP104614,8000,0,Salaried,49,Married,0.0,783.0,1,5.0,18800.0,56000.0,58000,240,Home,Rural,Postgraduate,Female,Private,1
APP104615,8000,3000,Salaried,35,Single,0.0,789.0,0,5.0,5100.0,90000.0,85000,240,Home,Urban,Graduate,Female,Private,1
APP104616,11300,3000,Business,40,Married,2.0,719.0,2,55.0,4400.0,515000.0,419000,60,Home,Semi-Urban,Postgraduate,Female,Govt,1
APP104617,8000,3000,Business,42,Married,3.0,689.0,0,9.1,3700.0,59000.0,307000,360,Personal,Semi-Urban,Graduate,Female,Govt,1
APP104618,8000,0,Salaried,27,Single,1.0,706.0,1,12.7,9100.0,27000.0,232000,240,Education,Rural,Undergraduate,Female,Private,1
APP104619,8000,0,Business,52,Married,0.0,647.0,0,48.7,1800.0,122000.0,232000,60,Personal,Rural,Undergraduate,Male,Private,0
APP104620,8000,3000,Business,31,Single,2.0,862.0,1,11.6,6500.0,23000.0,277000,240,Education,Urban,Undergraduate,Male,Govt,1
APP104621,8000,3000,Self-Employed,53,Married,2.0,667.0,0,19.5,11900.0,49000.0,139000,60,Business,Semi-Urban,Postgraduate,Male,Self,1
APP104622,8000,0,Salaried,36,Married,3.0,629.0,1,27.2,3900.0,100000.0,110000,60,Home,Semi-Urban,Graduate,Male,Private,1
APP104623,8000,3000,Self-Employed,34,Single,1.0,656.0,0,5.0,8400.0,88000.0,172000,360,Personal,Rural,Undergraduate,Female,Self,1
APP104624,8000,3000,Business,26,Married,1.0,,0,8.1,10600.0,9000.0,273000,360,Personal,Semi-Urban,Graduate,Male,Govt,0
APP104625,8000,0,Self-Employed,39,Married,1.0,752.0,0,52.0,1400.0,42000.0,226000,60,Education,Urban,Graduate,Male,Govt,0
APP104626,8000,3000,Salaried,60,Married,0.0,625.0,1,5.0,,105000.0,182000,360,Education,Urban,Graduate,Male,Private,1
APP104627,8000,0,Salaried,42,Married,1.0,668.0,0,19.6,5100.0,36000.0,106000,60,Business,Semi-Urban,Postgraduate,Female,Govt,1
APP104628,8000,3000,Self-Employed,40,Single,2.0,792.0,1,30.9,51400.0,121000.0,130000,36,Home,Semi-Urban,Postgraduate,Male,Self,1
APP104629,8000,3000,Salaried,31,Married,2.0,776.0,0,32.1,9900.0,25000.0,134000,36,Business,Urban,Postgraduate,Male,Govt,1
APP104630,8000,0,Salaried,43,Single,1.0,587.0,0,8.4,3200.0,4000.0,50000,60,Business,Urban,Graduate,Male,Private,0
APP104631,8000,0,Salaried,39,Single,2.0,778.0,1,11.1,1300.0,10000.0,93000,120,Personal,Semi-Urban,Graduate,Female,Self,1
APP104632,8000,0,Business,37,Married,1.0,544.0,1,5.0,,0.0,105000,360,Personal,Rural,Undergraduate,Male,Private,0
APP104633,10100,0,Business,42,Single,0.0,536.0,1,46.4,29900.0,36000.0,249000,60,Personal,Rural,Postgraduate,Female,Govt,0
APP104634,8000,0,Salaried,21,Single,2.0,650.0,0,15.8,4400.0,20000.0,153000,120,Personal,Semi-Urban,Graduate,Male,Private,1
APP104635,8000,3000,Business,36,Married,1.0,706.0,0,6.0,11100.0,0.0,153000,240,Business,Rural,Postgraduate,Male,Private,0
APP104636,8000,0,Salaried,26,Married,2.0,,1,17.2,17000.0,191000.0,163000,120,Home,Urban,Graduate,Female,Govt,1
APP104637,8000,0,Self-Employed,38,Married,0.0,695.0,3,12.2,16100.0,247000.0,199000,240,Home,Semi-Urban,Graduate,Male,Private,1
APP104638,8000,0,Self-Employed,30,Single,3.0,646.0,0,16.6,8100.0,174000.0,165000,120,Home,Urban,Graduate,Male,Self,1
APP104639,8000,0,Business,31,Single,1.0,486.0,1,12.1,4200.0,19000.0,61000,60,Personal,Semi-Urban,Graduate,Male,Self,0
APP104640,8000,0,Business,24,Married,1.0,654.0,1,5.1,6200.0,106000.0,94000,240,Home,Rural,Graduate,Male,Govt,1
APP104641,8000,3000,Salaried,49,Single,3.0,535.0,1,90.0,2800.0,0.0,141000,12,Business,Rural,Undergraduate,Male,Govt,0
APP104642,8000,3000,Business,31,Single,3.0,664.0,2,25.6,3200.0,86000.0,162000,60,Education,Semi-Urban,Postgraduate,Male,Private,0
APP104643,8000,0,Salaried,31,Single,1.0,559.0,1,5.7,21800.0,6000.0,53000,120,Business,Rural,Graduate,Male,Private,0
APP104644,8000,3000,Self-Employed,53,Single,0.0,710.0,2,14.7,11300.0,317000.0,262000,180,Home,Rural,Postgraduate,Male,Private,1
APP104645,8000,0,Self-Employed,43,Married,3.0,801.0,0,8.6,,157000.0,138000,240,Home,Urban,Undergraduate,Female,Self,1
APP104646,8000,0,Self-Employed,21,Single,3.0,524.0,0,18.2,4000.0,268000.0,220000,180,Home,Rural,Graduate,Female,Private,0
APP104647,8000,3000,Salaried,51,Single,0.0,488.0,1,8.7,26800.0,173000.0,203000,180,Home,Urban,Undergraduate,Male,Govt,0
APP104648,8000,3000,Business,54,Single,1.0,644.0,1,16.2,6400.0,21000.0,327000,180,Education,Rural,Postgraduate,Male,Private,0
APP104649,8000,0,Salaried,53,Married,1.0,765.0,2,18.5,9200.0,103000.0,183000,120,Business,Urban,Graduate,Male,Govt,1
APP104650,8000,3000,Salaried,44,Married,0.0,694.0,0,6.6,26000.0,26000.0,300000,360,Education,Urban,Graduate,Male,Private,1
APP104651,8000,0,Self-Employed,26,Married,0.0,633.0,1,9.0,3900.0,0.0,235000,360,Personal,Semi-Urban,Graduate,Male,Govt,0
APP104652,8000,3000,Salaried,37,Married,1.0,575.0,1,11.5,4300.0,38000.0,191000,180,Education,Urban,Postgraduate,Male,Govt,0
APP104653,8000,0,Business,23,Single,3.0,729.0,2,50.8,22800.0,171000.0,170000,36,Home,Urban,Graduate,Male,Private,0
APP104654,8000,0,Salaried,29,Married,0.0,818.0,0,14.1,18300.0,13000.0,223000,180,Personal,Semi-Urban,Postgraduate,Male,Private,1
APP104655,8000,0,Salaried,26,Single,3.0,511.0,0,37.6,11400.0,167000.0,158000,60,Home,Rural,Postgraduate,Male,Govt,1
APP104656,8000,0,Business,31,Single,2.0,706.0,0,5.0,900.0,13000.0,58000,180,Business,Urban,Graduate,Female,Self,1
APP104657,8000,0,Salaried,39,Single,2.0,892.0,1,37.0,29100.0,0.0,182000,60,Personal,Rural,Undergraduate,Male,Private,0
APP104658,8000,0,Salaried,33,Married,0.0,609.0,2,13.0,4400.0,0.0,228000,240,Education,Rural,Undergraduate,Male,Govt,0
APP104659,8000,0,Self-Employed,33,Single,1.0,654.0,1,58.5,4500.0,108000.0,198000,36,Personal,Semi-Urban,Graduate,Female,Govt,0
APP104660,8000,0,Salaried,35,Single,1.0,668.0,1,7.0,6600.0,199000.0,200000,360,Home,Semi-Urban,Undergraduate,Male,Private,1
APP104661,8000,0,Self-Employed,52,Single,3.0,643.0,0,11.1,2400.0,9000.0,63000,60,Personal,Urban,Graduate,Male,Self,0
APP104662,8000,0,Salaried,59,Married,1.0,770.0,1,9.1,27400.0,0.0,190000,240,Business,Urban,Graduate,Male,Private,0
APP104663,8000,0,Business,33,Married,0.0,826.0,2,5.0,9600.0,12000.0,54000,360,Business,Urban,Graduate,Male,Self,1
APP104664,8000,0,Business,41,Married,0.0,510.0,2,51.6,16300.0,289000.0,227000,60,Home,Urban,Postgraduate,Male,Private,0
APP104665,8000,0,Self-Employed,29,Married,1.0,563.0,4,6.7,3700.0,277000.0,224000,360,Home,Urban,Postgraduate,Female,Private,0
APP104666,8000,0,Salaried,45,Married,3.0,784.0,1,26.2,21700.0,84000.0,236000,120,Personal,Urban,Graduate,Male,Private,1
APP104667,8000,3000,Business,33,Married,1.0,734.0,0,5.0,33600.0,80000.0,146000,360,Business,Semi-Urban,Graduate,Male,Private,1
APP104668,8000,3000,Self-Employed,30,Single,1.0,703.0,2,5.6,2300.0,0.0,209000,360,Business,Semi-Urban,Graduate,Female,Private,0
APP104669,8000,0,Self-Employed,58,Married,0.0,718.0,3,38.1,2600.0,0.0,159000,60,Education,Rural,Undergraduate,Female,Self,0
APP104670,8000,0,Salaried,24,Married,2.0,664.0,3,5.5,3600.0,0.0,155000,360,Personal,Urban,Undergraduate,Male,Govt,0
APP104671,9000,0,Business,21,Single,1.0,707.0,2,28.8,20400.0,24000.0,143000,60,Business,Urban,Postgraduate,Female,Private,0
APP104672,8000,0,Self-Employed,45,Married,3.0,650.0,0,55.4,9700.0,296000.0,237000,60,Home,Semi-Urban,Postgraduate,Male,Private,0
APP104673,8000,0,Salaried,34,Single,1.0,659.0,0,81.6,7600.0,111000.0,218000,36,Business,Urban,Postgraduate,Male,Private,0
APP104674,8000,3000,Salaried,31,Married,1.0,663.0,1,31.9,11700.0,274000.0,227000,60,Home,Rural,Graduate,Male,Private,1
APP104675,8000,3000,Business,65,Married,1.0,643.0,0,10.6,55900.0,295000.0,237000,240,Home,Semi-Urban,Graduate,Male,Private,1
APP104676,8000,0,Salaried,45,Married,0.0,698.0,3,15.9,,154000.0,185000,120,Home,Semi-Urban,Postgraduate,Female,Private,1
APP104677,8000,0,Business,37,Single,0.0,706.0,0,8.1,5900.0,0.0,164000,240,Personal,Urban,Postgraduate,Male,Private,0
APP104678,8000,6100,Self-Employed,30,Married,0.0,512.0,0,21.6,400.0,16000.0,324000,120,Business,Urban,Graduate,Male,Self,0
APP104679,8000,0,Self-Employed,42,Single,1.0,661.0,0,6.7,13400.0,0.0,205000,360,Personal,Semi-Urban,Undergraduate,Male,Private,0
APP104680,8000,0,Salaried,21,Married,1.0,681.0,0,90.0,24000.0,260000.0,236000,12,Home,Urban,Undergraduate,Male,Private,0
APP104681,8000,0,Salaried,32,Married,0.0,809.0,1,62.5,6000.0,191000.0,211000,36,Home,Urban,Graduate,Male,Self,0
APP104682,8000,0,Business,37,Single,1.0,646.0,1,5.0,15600.0,27000.0,73000,240,Personal,Semi-Urban,Postgraduate,Male,Self,0
APP104683,8000,0,Salaried,40,Married,1.0,688.0,0,6.2,1700.0,65000.0,153000,360,Personal,Urban,Undergraduate,Female,Private,1
APP104684,8000,3000,Self-Employed,36,Single,1.0,665.0,1,10.5,13100.0,0.0,233000,240,Personal,Rural,Graduate,Male,Govt,0
APP104685,8000,3000,Salaried,31,Married,0.0,798.0,0,5.7,94300.0,126000.0,136000,180,Home,Urban,Postgraduate,Male,Private,1
APP104686,8000,3000,Salaried,47,Married,1.0,572.0,0,25.6,5500.0,63000.0,192000,60,Personal,Urban,Graduate,Male,Private,0
APP104687,8000,0,Salaried,21,Single,0.0,601.0,1,90.0,12300.0,122000.0,227000,12,Business,Urban,Graduate,Male,Self,0
APP104688,8000,3000,Salaried,35,Single,0.0,595.0,1,6.2,4500.0,0.0,134000,180,Personal,Urban,Undergraduate,Male,Self,0
APP104689,8000,3000,Business,32,Married,1.0,657.0,3,8.0,9700.0,0.0,150000,180,Personal,Urban,Graduate,Female,Self,0
APP104690,8000,0,Salaried,48,Single,0.0,545.0,0,26.3,24500.0,0.0,222000,120,Business,Urban,Graduate,Female,Private,0
APP104691,8000,4200,Salaried,33,Married,3.0,811.0,0,5.0,14800.0,15000.0,101000,180,Personal,Urban,Graduate,Male,Private,1
APP104692,8000,0,Salaried,42,Single,3.0,693.0,3,9.1,7300.0,100000.0,217000,240,Personal,Urban,Graduate,Male,Private,1
APP104693,8000,3000,Salaried,41,Single,1.0,732.0,0,6.6,7200.0,0.0,146000,240,Personal,Rural,Graduate,Female,Govt,1
APP104694,8000,3000,Salaried,21,Married,0.0,861.0,1,29.4,2400.0,183000.0,198000,60,Home,Rural,Postgraduate,Male,Private,1
APP104695,8000,0,Business,37,Married,1.0,633.0,2,9.8,22400.0,27000.0,171000,180,Personal,Urban,Graduate,Male,Govt,1
APP104696,8000,3000,Salaried,21,Married,1.0,749.0,1,62.0,17100.0,52000.0,237000,36,Business,Urban,Postgraduate,Male,Private,0
APP104697,8000,0,Salaried,41,Married,0.0,732.0,0,90.0,2300.0,291000.0,236000,36,Home,Semi-Urban,Postgraduate,Female,Private,0
APP104698,8000,0,Salaried,30,Married,0.0,810.0,1,5.0,9700.0,0.0,55000,240,Business,Rural,Graduate,Male,Self,1
APP104699,8000,3000,Business,49,Single,0.0,734.0,1,9.8,3200.0,42000.0,252000,240,Personal,Rural,Postgraduate,Female,Govt,1
APP104700,8000,3000,Salaried,36,Single,0.0,618.0,2,11.7,5100.0,82000.0,289000,240,Education,Urban,Postgraduate,Female,Self,1
APP104701,8000,0,Salaried,30,Married,1.0,718.0,0,33.2,18200.0,79000.0,161000,60,Personal,Semi-Urban,Graduate,Male,Self,1
APP104702,8000,0,Self-Employed,49,Married,2.0,613.0,1,8.5,21800.0,0.0,235000,360,Education,Semi-Urban,Graduate,Female,Self,0
APP104703,8000,3000,Self-Employed,29,Married,0.0,613.0,3,52.5,16500.0,0.0,176000,36,Business,Rural,Postgraduate,Female,Self,0
APP104704,8000,0,Salaried,46,Single,0.0,678.0,0,8.0,6200.0,0.0,192000,360,Education,Urban,Undergraduate,Male,Private,0
APP104705,8000,0,Salaried,42,Married,0.0,663.0,0,19.7,12800.0,14000.0,180000,120,Business,Semi-Urban,Graduate,Male,Private,1
APP104706,8000,3000,Self-Employed,34,Married,1.0,599.0,0,19.3,3700.0,39000.0,74000,36,Personal,Urban,Graduate,Male,Private,0
APP104707,8000,3000,Salaried,24,Married,0.0,467.0,1,30.1,17200.0,0.0,212000,60,Personal,Urban,Graduate,Male,Private,0
APP104708,8000,3000,Business,50,Married,0.0,690.0,2,19.0,8000.0,5000.0,135000,60,Business,Semi-Urban,Graduate,Male,Private,1
APP104709,8000,0,Self-Employed,43,Married,0.0,713.0,0,12.2,5000.0,164000.0,150000,180,Home,Urban,Postgraduate,Male,Self,1
APP104710,8000,0,Salaried,30,Married,1.0,712.0,0,8.1,3900.0,116000.0,218000,360,Personal,Semi-Urban,Graduate,Male,Private,1
APP104711,8000,0,Salaried,40,Married,1.0,835.0,2,17.3,16000.0,153000.0,169000,120,Home,Semi-Urban,Graduate,Female,Govt,1
APP104712,8000,3000,Salaried,48,Married,3.0,541.0,0,9.0,7100.0,45000.0,223000,240,Business,Rural,Graduate,Male,Private,1
APP104713,8000,0,Self-Employed,39,Married,,819.0,0,5.2,5000.0,46000.0,177000,360,Personal,Urban,Graduate,Male,Private,1
APP104714,8000,0,Salaried,40,Married,0.0,892.0,1,9.1,4900.0,27000.0,149000,240,Business,Urban,Graduate,Male,Private,1
APP104715,8000,0,Salaried,48,Married,2.0,,0,14.1,2300.0,0.0,134000,120,Business,Urban,Graduate,Male,Govt,0
APP104716,8000,0,Self-Employed,53,Single,0.0,632.0,2,5.0,9600.0,131000.0,120000,360,Home,Semi-Urban,Graduate,Male,Private,0
APP104717,8000,0,Business,36,Single,1.0,712.0,1,30.5,10800.0,146000.0,182000,60,Home,Semi-Urban,Undergraduate,Male,Self,0
APP104718,8000,0,Salaried,24,Married,0.0,610.0,0,14.6,1800.0,0.0,197000,180,Personal,Urban,Undergraduate,Male,Private,0
APP104719,8000,0,Business,24,Married,0.0,619.0,0,8.0,2800.0,67000.0,129000,240,Personal,Semi-Urban,Graduate,Female,Govt,0
APP104720,8000,3000,Salaried,31,Single,1.0,827.0,1,60.5,1600.0,89000.0,78000,12,Home,Semi-Urban,Postgraduate,Female,Private,1
APP104721,8000,0,Salaried,28,Married,0.0,726.0,2,7.4,27000.0,169000.0,152000,240,Home,Urban,Graduate,Male,Private,1
APP104722,8000,0,Salaried,21,Married,0.0,740.0,1,31.8,15000.0,41000.0,158000,60,Personal,Semi-Urban,Graduate,Female,Private,1
APP104723,8000,3000,Salaried,56,Married,0.0,578.0,0,29.9,24400.0,222000.0,192000,60,Home,Semi-Urban,Graduate,Female,Private,0
APP104724,8000,3000,Salaried,43,Single,2.0,539.0,1,26.2,41000.0,96000.0,161000,60,Business,Rural,Graduate,Male,Self,0
APP104725,8000,0,Salaried,32,Single,0.0,766.0,1,6.7,12600.0,0.0,220000,360,Business,Semi-Urban,Postgraduate,Female,Govt,1
APP104726,8000,3000,Business,37,Married,1.0,701.0,2,5.7,7600.0,44000.0,193000,360,Personal,Urban,Graduate,Female,Private,0
APP104727,8000,3000,Business,21,Married,2.0,645.0,1,40.5,9800.0,223000.0,277000,60,Home,Semi-Urban,Graduate,Male,Self,0
APP104728,8000,3500,Self-Employed,49,Single,0.0,836.0,0,62.1,4300.0,227000.0,245000,36,Home,Semi-Urban,Undergraduate,Male,Self,0
APP104729,8000,3000,Salaried,21,Single,2.0,733.0,0,24.2,3600.0,100000.0,274000,120,Personal,Urban,Postgraduate,Male,Govt,1
APP104730,8000,0,Salaried,43,Single,2.0,603.0,0,15.5,5300.0,46000.0,217000,180,Business,Rural,Graduate,Male,Private,1
APP104731,8000,0,Salaried,21,Married,3.0,497.0,1,5.0,6300.0,91000.0,95000,360,Home,Urban,Graduate,Female,Govt,0
APP104732,8000,3000,Self-Employed,33,Married,1.0,733.0,0,7.6,1500.0,293000.0,285000,360,Home,Semi-Urban,Graduate,Male,Private,1
APP104733,8000,3000,Business,50,Single,0.0,637.0,0,8.7,2400.0,283000.0,256000,240,Home,Rural,Graduate,Female,Govt,1
APP104734,8000,3000,Salaried,21,Married,2.0,667.0,0,12.8,2300.0,123000.0,214000,180,Personal,Semi-Urban,Graduate,Female,Self,0
APP104735,8000,3000,Salaried,36,Married,0.0,660.0,0,52.4,2200.0,0.0,210000,36,Personal,Semi-Urban,Graduate,Male,Govt,0
APP104736,8000,3000,Salaried,44,Married,0.0,,0,31.4,15300.0,158000.0,148000,36,Home,Urban,Postgraduate,Female,Private,1
APP104737,8800,0,Salaried,42,Single,0.0,747.0,1,12.6,,64000.0,167000,180,Education,Urban,Postgraduate,Male,Private,1
APP104738,8000,0,Salaried,38,Single,2.0,655.0,2,9.0,6700.0,42000.0,122000,180,Personal,Semi-Urban,Postgraduate,Male,Self,1
APP104739,8000,0,Self-Employed,42,Married,0.0,644.0,3,7.9,11900.0,52000.0,219000,360,Education,Semi-Urban,Graduate,Male,Private,0
APP104740,8000,0,Self-Employed,31,Single,1.0,,0,19.4,18500.0,29000.0,160000,120,Personal,Urban,Graduate,Male,Private,1
APP104741,8000,0,Salaried,57,Married,0.0,774.0,3,90.0,12800.0,33000.0,105000,12,Business,Rural,Graduate,Male,Private,0
APP104742,8000,0,Salaried,21,Single,1.0,687.0,0,7.5,41700.0,7000.0,76000,120,Personal,Urban,Postgraduate,Female,Govt,1
APP104743,8000,0,Business,49,Married,1.0,612.0,2,5.5,8400.0,29000.0,181000,360,Personal,Semi-Urban,Graduate,Female,Self,0
APP104744,8000,0,Salaried,39,Married,0.0,563.0,1,10.3,9900.0,90000.0,176000,240,Business,Semi-Urban,Undergraduate,Male,Private,1
APP104745,8000,0,Salaried,44,Married,0.0,672.0,0,90.0,4400.0,0.0,117000,12,Business,Semi-Urban,Postgraduate,Female,Private,0
APP104746,8000,0,Salaried,45,Married,0.0,564.0,1,5.0,1200.0,0.0,79000,360,Education,Semi-Urban,Undergraduate,Female,Govt,0
APP104747,8000,3000,Salaried,43,Married,0.0,686.0,3,12.9,8800.0,275000.0,255000,180,Home,Urban,Postgraduate,Male,Self,1
APP104748,8000,0,Salaried,29,Married,1.0,696.0,3,11.4,19200.0,6000.0,100000,120,Business,Rural,Undergraduate,Male,Private,1
APP104749,8000,3000,Business,35,Single,3.0,779.0,1,23.9,3900.0,,294000,120,Home,Semi-Urban,Postgraduate,Female,Self,1
APP104750,8000,0,Salaried,23,Married,1.0,645.0,2,12.6,4900.0,67000.0,187000,180,Business,Semi-Urban,Undergraduate,Male,Private,1
APP104751,8000,3000,Salaried,35,Married,2.0,772.0,0,14.8,21200.0,277000.0,302000,180,Home,Semi-Urban,Graduate,Male,Private,1
APP104752,8000,0,Self-Employed,41,Married,3.0,825.0,0,11.2,7700.0,36000.0,237000,240,Business,Urban,Graduate,Male,Private,1
APP104753,8000,0,Salaried,44,Married,1.0,686.0,0,7.3,3200.0,64000.0,113000,180,Personal,Rural,Postgraduate,Female,Govt,1
APP104754,8000,3000,Business,41,Married,0.0,873.0,1,54.5,3100.0,74000.0,199000,36,Personal,Semi-Urban,Undergraduate,Male,Private,1
APP104755,8000,0,Business,21,Single,3.0,809.0,0,26.9,15600.0,70000.0,126000,60,Education,Semi-Urban,Graduate,Male,Private,1
APP104756,8000,3000,Salaried,32,Married,1.0,628.0,1,5.0,,0.0,86000,360,Business,Rural,Graduate,Male,Private,0
APP104757,8000,3000,Self-Employed,31,Single,3.0,900.0,0,6.6,7000.0,154000.0,173000,240,Home,Rural,Postgraduate,Female,Govt,1
APP104758,8000,3000,Salaried,24,Single,1.0,657.0,2,16.4,2000.0,229000.0,183000,120,Home,Urban,Postgraduate,Male,Govt,1
APP104759,8000,3000,Business,29,Married,2.0,797.0,1,14.3,13100.0,107000.0,112000,60,Home,Rural,Graduate,Male,Self,1
APP104760,8000,0,Salaried,38,Married,2.0,728.0,1,90.0,22800.0,2000.0,218000,12,Business,Urban,Postgraduate,Female,Private,0
APP104761,8000,0,Business,52,Single,2.0,691.0,2,11.6,5600.0,48000.0,104000,120,Education,Semi-Urban,Undergraduate,Male,Private,1
APP104762,8000,3000,Self-Employed,28,Married,1.0,781.0,2,79.5,12200.0,26000.0,266000,36,Personal,Urban,Undergraduate,Female,Private,0
APP104763,8000,3000,Salaried,26,Married,1.0,677.0,2,5.0,5400.0,0.0,86000,180,Personal,Urban,Graduate,Female,Private,0
APP104764,8000,3000,Salaried,32,Single,2.0,673.0,0,5.0,14700.0,21000.0,74000,360,Business,Urban,Graduate,Female,Private,1
APP104765,8000,3000,Business,41,Married,2.0,667.0,1,41.2,13300.0,34000.0,329000,60,Personal,Urban,Graduate,Male,Self,0
APP104766,8000,3000,Business,50,Married,0.0,577.0,0,5.0,5500.0,,98000,360,Personal,Urban,Graduate,Male,Govt,0
APP104767,8000,3000,Salaried,37,Single,1.0,767.0,1,10.4,1000.0,0.0,268000,240,Personal,Semi-Urban,Graduate,Female,Private,0
APP104768,8000,0,Self-Employed,23,Married,1.0,620.0,0,55.6,3600.0,0.0,164000,36,Personal,Urban,Undergraduate,Female,Private,0
APP104769,8000,0,Salaried,25,Married,0.0,666.0,4,6.6,,175000.0,135000,240,Home,Semi-Urban,Graduate,Male,Self,0
APP104770,8000,3100,Salaried,39,Single,0.0,673.0,1,10.1,19600.0,62000.0,76000,60,Home,Urban,Undergraduate,Female,Private,1
APP104771,8000,0,Salaried,47,Single,0.0,734.0,0,6.1,4400.0,92000.0,111000,240,Home,Urban,Undergraduate,Male,Govt,1
APP104772,8000,0,Salaried,56,Married,2.0,670.0,1,79.1,31100.0,58000.0,221000,36,Education,Semi-Urban,Graduate,Male,Private,0
APP104773,8000,0,Business,26,Married,0.0,639.0,2,24.6,36100.0,70000.0,222000,120,Education,Urban,Undergraduate,Male,Govt,1
APP104774,8000,0,Salaried,39,Single,1.0,717.0,0,12.6,16300.0,13000.0,163000,180,Personal,Urban,Postgraduate,Female,Govt,1
APP104775,8000,3000,Business,27,Single,2.0,701.0,1,60.1,2600.0,94000.0,218000,36,Business,Rural,Postgraduate,Male,Private,0
APP104776,8000,0,Salaried,29,Married,0.0,584.0,0,32.0,16500.0,147000.0,130000,60,Home,Urban,Graduate,Male,Private,0
APP104777,8000,3000,Salaried,28,Married,0.0,654.0,2,17.8,4700.0,54000.0,271000,120,Personal,Semi-Urban,Postgraduate,Female,Private,0
APP104778,8000,0,Salaried,34,Married,3.0,794.0,0,17.9,4500.0,76000.0,218000,180,Personal,Urban,Graduate,Male,Private,1
APP104779,8000,3000,Salaried,29,Single,2.0,900.0,0,5.7,12700.0,273000.0,258000,360,Home,Rural,Postgraduate,Male,Private,1
APP104780,8000,3000,Salaried,62,Single,0.0,518.0,1,35.3,12400.0,0.0,205000,60,Personal,Urban,Graduate,Male,Private,0
APP104781,8000,3000,Salaried,33,Single,2.0,754.0,0,19.8,12800.0,7000.0,234000,120,Business,Rural,Postgraduate,Male,Private,1
APP104782,8000,0,Self-Employed,47,Single,2.0,665.0,3,6.7,15600.0,109000.0,90000,180,Home,Urban,Graduate,Female,Private,1
APP104783,8000,3000,Salaried,31,Married,2.0,618.0,1,53.8,7700.0,0.0,328000,60,Personal,Urban,Graduate,Female,Govt,0
APP104784,8000,0,Salaried,60,Married,0.0,641.0,0,12.8,1900.0,259000.0,228000,240,Home,Semi-Urban,Postgraduate,Male,Private,0
APP104785,8000,0,Salaried,41,Single,1.0,587.0,1,48.9,65000.0,233000.0,232000,60,Home,Semi-Urban,Postgraduate,Female,Private,0
APP104786,8000,0,Business,46,Single,1.0,541.0,2,5.0,5500.0,0.0,80000,240,Personal,Urban,Graduate,Male,Private,0
APP104787,8000,3000,Business,32,Married,0.0,690.0,3,12.4,4000.0,107000.0,238000,180,Business,Urban,Graduate,Male,Self,1
APP104788,8000,0,Salaried,47,Married,0.0,840.0,0,57.7,2400.0,0.0,174000,36,Personal,Rural,Undergraduate,Male,Private,0
APP104789,8000,0,Salaried,41,Single,0.0,711.0,0,5.5,9400.0,64000.0,116000,240,Education,Urban,Postgraduate,Male,Govt,1
APP104790,8000,0,Salaried,34,Married,1.0,671.0,3,14.8,8400.0,0.0,214000,180,Business,Semi-Urban,Graduate,Male,Private,0
APP104791,8000,3000,Business,27,Married,0.0,623.0,0,23.6,7200.0,266000.0,273000,120,Home,Semi-Urban,Postgraduate,Male,Private,1
APP104792,8000,0,Salaried,35,Single,0.0,580.0,2,90.0,36300.0,0.0,186000,12,Personal,Semi-Urban,Graduate,Male,Private,0
APP104793,8000,7200,Salaried,34,Single,2.0,681.0,0,13.3,15700.0,30000.0,102000,60,Education,Urban,Graduate,Male,Private,1
APP104794,8000,0,Salaried,46,Married,1.0,579.0,1,24.0,2900.0,0.0,238000,120,Business,Semi-Urban,Postgraduate,Male,Private,0
APP104795,8000,0,Salaried,35,Single,0.0,757.0,3,33.6,64500.0,57000.0,186000,60,Personal,Urban,Undergraduate,Male,Private,1
APP104796,8000,3000,Salaried,21,Married,2.0,620.0,1,15.1,1800.0,16000.0,322000,180,Business,Urban,Postgraduate,Female,Self,1
APP104797,8000,3000,Self-Employed,44,Married,1.0,596.0,1,5.0,7200.0,80000.0,89000,240,Home,Semi-Urban,Graduate,Male,Self,0
APP104798,8000,3000,Salaried,50,Married,1.0,882.0,0,6.8,3900.0,0.0,249000,360,Personal,Rural,Undergraduate,Male,Private,1
APP104799,8000,0,Self-Employed,21,Single,0.0,796.0,0,8.6,11700.0,4000.0,191000,240,Personal,Urban,Graduate,Female,Self,1
APP104800,8000,3000,Salaried,56,Single,0.0,572.0,0,5.0,15300.0,0.0,83000,240,Personal,Urban,Undergraduate,Female,Private,0
APP104801,8000,0,Salaried,51,Single,1.0,584.0,2,5.0,5400.0,32000.0,60000,240,Personal,Semi-Urban,Graduate,Male,Self,0
APP104802,8000,3000,Business,31,Single,3.0,654.0,1,6.6,23200.0,236000.0,267000,360,Home,Urban,Graduate,Male,Self,1
APP104803,8000,0,Salaried,26,Married,0.0,665.0,0,40.2,9900.0,221000.0,201000,60,Home,Semi-Urban,Postgraduate,Female,Self,0
APP104804,8000,0,Business,48,Married,1.0,638.0,0,40.9,34900.0,275000.0,223000,60,Home,Rural,Graduate,Male,Private,0
APP104805,8000,0,Salaried,24,Married,0.0,784.0,2,75.0,20500.0,2000.0,196000,36,Business,Rural,Undergraduate,Female,Self,0
APP104806,8000,3000,Salaried,31,Married,0.0,698.0,0,6.0,5100.0,0.0,129000,180,Business,Urban,Postgraduate,Female,Private,0
APP104807,8000,3000,Business,24,Single,0.0,676.0,0,90.0,23300.0,398000.0,322000,36,Home,Semi-Urban,Graduate,Male,Private,0
APP104808,8000,0,Salaried,38,Single,2.0,617.0,1,17.9,4300.0,29000.0,99000,60,Business,Rural,Postgraduate,Female,Private,0
APP104809,8000,0,Business,52,Single,0.0,585.0,0,10.5,15200.0,173000.0,188000,180,Home,Urban,Graduate,Male,Self,1
APP104810,8000,0,Salaried,41,Married,0.0,623.0,0,5.3,13700.0,82000.0,150000,360,Education,Semi-Urban,Graduate,Male,Govt,1
APP104811,8000,4600,Business,48,Married,2.0,569.0,4,5.0,4800.0,131000.0,113000,360,Home,Urban,Undergraduate,Female,Private,0
APP104812,8000,0,Salaried,34,Married,0.0,558.0,1,11.2,1100.0,122000.0,226000,240,Business,Urban,Undergraduate,Male,Private,0
APP104813,8000,3000,Salaried,38,Married,0.0,769.0,1,16.4,35500.0,57000.0,221000,120,Personal,Rural,Graduate,Female,Private,1
APP104814,8000,0,Self-Employed,25,Married,0.0,755.0,1,5.0,12300.0,0.0,66000,360,Education,Semi-Urban,Postgraduate,Female,Self,0
APP104815,8000,3000,Business,37,Married,3.0,646.0,0,5.0,8300.0,60000.0,167000,360,Personal,Urban,Graduate,Female,Self,1
APP104816,8000,3000,Business,30,Married,0.0,782.0,2,6.3,8300.0,257000.0,268000,360,Home,Rural,Undergraduate,Male,Private,1
APP104817,8000,0,Business,36,Married,3.0,733.0,0,7.5,21500.0,33000.0,167000,240,Education,Semi-Urban,Undergraduate,Male,Private,1
APP104818,8000,0,Business,35,Married,0.0,558.0,3,15.4,72100.0,0.0,91000,60,Education,Rural,Graduate,Male,Private,0
APP104819,8000,3000,Salaried,34,Married,0.0,548.0,0,50.4,20000.0,208000.0,216000,36,Home,Urban,Undergraduate,Male,Private,0
APP104820,8000,3000,Salaried,59,Married,2.0,683.0,3,5.0,11700.0,39000.0,148000,360,Business,Urban,Graduate,Male,Private,1
APP104821,8000,0,Salaried,55,Married,1.0,706.0,2,46.5,10800.0,0.0,149000,36,Personal,Urban,Graduate,Female,Govt,0
APP104822,8000,0,Salaried,52,Married,0.0,563.0,0,23.6,11700.0,127000.0,109000,60,Home,Semi-Urban,Undergraduate,Female,Private,0
APP104823,8000,0,Salaried,55,Married,1.0,632.0,0,11.9,3000.0,179000.0,143000,180,Home,Urban,Postgraduate,Male,Private,0
APP104824,8000,3000,Salaried,52,Married,0.0,756.0,0,90.0,14500.0,233000.0,288000,12,Home,Urban,Graduate,Male,Private,0
APP104825,8000,0,Salaried,37,Married,1.0,821.0,0,5.0,2200.0,106000.0,89000,360,Home,Rural,Postgraduate,Female,Private,1
APP104826,8000,3000,Self-Employed,36,Married,1.0,679.0,1,10.4,12600.0,7000.0,66000,60,Personal,Rural,Graduate,Male,Private,0
APP104827,8000,0,Salaried,40,Single,0.0,677.0,1,84.3,5100.0,89000.0,78000,12,Home,Semi-Urban,Graduate,Male,Govt,0
APP104828,8000,4100,Salaried,35,Single,3.0,631.0,1,8.6,19300.0,105000.0,317000,360,Personal,Rural,Undergraduate,Female,Self,1
APP104829,8000,0,Salaried,27,Single,1.0,813.0,0,14.9,11900.0,25000.0,128000,120,Education,Rural,Postgraduate,Female,Private,1
APP104830,8000,0,Self-Employed,40,Married,0.0,730.0,0,5.3,5700.0,177000.0,190000,360,Home,Semi-Urban,Undergraduate,Male,Govt,1
APP104831,8000,0,Self-Employed,22,Married,0.0,596.0,1,5.0,2900.0,29000.0,54000,180,Business,Semi-Urban,Graduate,Female,Private,0
APP104832,8000,3000,Self-Employed,39,Single,2.0,734.0,2,5.0,35500.0,99000.0,105000,240,Home,Rural,Postgraduate,Male,Self,1
APP104833,8000,0,Salaried,28,Married,0.0,616.0,0,30.9,7400.0,83000.0,157000,60,Education,Semi-Urban,Undergraduate,Female,Self,0
APP104834,8000,0,Salaried,37,Single,1.0,594.0,0,12.6,46200.0,0.0,186000,180,Education,Urban,Graduate,Male,Private,0
APP104835,8000,0,Salaried,39,Married,3.0,639.0,0,46.5,2400.0,179000.0,199000,60,Home,Urban,Graduate,Male,Govt,0
APP104836,8000,0,Salaried,34,Married,1.0,602.0,0,6.3,6300.0,156000.0,171000,360,Home,Semi-Urban,Postgraduate,Female,Private,1
APP104837,8000,3000,Salaried,21,Single,1.0,590.0,1,80.6,,337000.0,266000,36,Home,Rural,Graduate,Male,Self,0
APP104838,8000,3000,Salaried,26,Married,0.0,554.0,0,18.6,17300.0,3000.0,110000,60,Business,Semi-Urban,Graduate,Female,Private,0
APP104839,8000,0,Salaried,42,Married,,601.0,2,6.9,18700.0,0.0,174000,360,Personal,Rural,Undergraduate,Female,Self,0
APP104840,8000,0,Business,32,Married,0.0,632.0,0,7.9,4400.0,63000.0,130000,180,Personal,Rural,Undergraduate,Female,Private,1
APP104841,8000,3000,Business,43,Married,3.0,558.0,0,12.3,4200.0,137000.0,308000,240,Education,Urban,Postgraduate,Female,Private,1
APP104842,8000,0,Salaried,38,Married,0.0,728.0,0,7.4,5500.0,15000.0,166000,240,Personal,Semi-Urban,Undergraduate,Male,Self,1
APP104843,8000,3000,Salaried,36,Married,0.0,513.0,1,56.5,6400.0,178000.0,209000,36,Home,Urban,Undergraduate,Female,Private,0
APP104844,8000,0,Salaried,41,Single,0.0,629.0,2,90.0,4600.0,193000.0,159000,12,Home,Semi-Urban,Postgraduate,Male,Govt,0
APP104845,8000,3000,Salaried,31,Single,0.0,723.0,2,6.6,23900.0,244000.0,285000,360,Home,Rural,Graduate,Male,Private,1
APP104846,8000,0,Business,42,Married,0.0,781.0,0,9.0,5100.0,21000.0,50000,60,Education,Semi-Urban,Graduate,Female,Self,1
APP104847,8000,0,Salaried,33,Single,,628.0,0,19.9,1200.0,268000.0,213000,120,Home,Rural,Graduate,Male,Govt,1
APP104848,8000,3000,Self-Employed,63,Married,3.0,755.0,2,5.0,6300.0,89000.0,74000,240,Home,Urban,Graduate,Male,Govt,1
APP104849,8000,0,Salaried,26,Married,1.0,646.0,0,34.0,4900.0,132000.0,160000,60,Home,Semi-Urban,Graduate,Male,Private,0
APP104850,8000,0,Business,34,Single,0.0,866.0,2,7.6,2200.0,54000.0,144000,240,Education,Urban,Graduate,Male,Self,1
APP104851,8000,0,Salaried,34,Single,0.0,540.0,1,8.5,9800.0,0.0,119000,180,Education,Semi-Urban,Graduate,Female,Self,0
APP104852,8000,3000,Self-Employed,24,Single,3.0,589.0,0,5.0,1200.0,98000.0,100000,360,Home,Semi-Urban,Graduate,Male,Private,1
APP104853,8000,3000,Salaried,45,Married,0.0,,0,17.2,11900.0,104000.0,99000,60,Home,Semi-Urban,Postgraduate,Male,Private,1
APP104854,8000,0,Self-Employed,33,Married,1.0,558.0,1,39.7,7800.0,166000.0,190000,60,Home,Urban,Graduate,Female,Private,0
APP104855,8000,0,Salaried,21,Single,,600.0,2,5.0,4600.0,89000.0,70000,360,Home,Urban,Undergraduate,Male,Private,0
APP104856,8000,3000,Salaried,44,Married,3.0,712.0,1,22.3,2600.0,219000.0,247000,120,Home,Semi-Urban,Graduate,Male,Self,0
APP104857,8000,3000,Business,31,Single,0.0,697.0,0,24.3,1900.0,,327000,120,Home,Semi-Urban,Undergraduate,Male,Govt,1
APP104858,8000,0,Business,36,Married,0.0,660.0,2,8.2,19600.0,0.0,179000,240,Personal,Semi-Urban,Undergraduate,Male,Private,0
APP104859,8000,3000,Business,44,Single,2.0,669.0,1,5.0,6000.0,30000.0,86000,240,Education,Semi-Urban,Postgraduate,Male,Private,1
APP104860,8000,3000,Self-Employed,34,Married,0.0,442.0,2,17.1,1500.0,200000.0,209000,120,Home,Rural,Postgraduate,Female,Govt,0
APP104861,8000,3000,Business,34,Married,1.0,693.0,0,36.8,8000.0,234000.0,286000,60,Home,Rural,Undergraduate,Male,Private,1
APP104862,8000,0,Salaried,62,Married,0.0,606.0,2,10.4,6200.0,256000.0,231000,240,Home,Urban,Graduate,Female,Private,0
APP104863,8000,3000,Salaried,21,Single,1.0,646.0,0,31.7,33300.0,238000.0,258000,60,Home,Urban,Undergraduate,Female,Private,1
APP104864,8000,3000,Salaried,25,Single,0.0,536.0,0,5.0,5400.0,29000.0,148000,360,Business,Semi-Urban,Undergraduate,Female,Private,1
APP104865,8000,3000,Self-Employed,27,Married,1.0,740.0,0,17.6,21600.0,14000.0,132000,60,Business,Urban,Postgraduate,Male,Private,1
APP104866,8000,0,Salaried,55,Single,2.0,713.0,2,8.0,6500.0,166000.0,198000,360,Home,Urban,Graduate,Male,Private,1
APP104867,8000,0,Salaried,31,Married,3.0,575.0,0,20.3,2500.0,33000.0,194000,120,Personal,Urban,Postgraduate,Male,Self,0
APP104868,8000,0,Self-Employed,40,Married,2.0,672.0,3,34.7,13000.0,151000.0,141000,60,Home,Urban,Postgraduate,Female,Private,0
APP104869,8000,0,Business,33,Married,2.0,820.0,1,6.5,27400.0,76000.0,65000,120,Home,Semi-Urban,Postgraduate,Male,Self,1
APP104870,8000,0,Salaried,44,Married,1.0,684.0,1,43.6,20100.0,0.0,177000,60,Personal,Urban,Postgraduate,Male,Private,0
APP104871,8000,0,Salaried,37,Married,0.0,490.0,1,66.6,11100.0,198000.0,161000,36,Home,Urban,Graduate,Male,Self,0
APP104872,8000,0,Salaried,40,Married,,628.0,0,8.9,22000.0,19000.0,50000,60,Education,Rural,Graduate,Male,Govt,0
APP104873,11000,3000,Salaried,50,Single,0.0,675.0,2,5.1,9600.0,0.0,300000,360,Personal,Rural,Graduate,Male,Private,0
APP104874,8000,3000,Salaried,42,Single,0.0,846.0,3,24.7,8800.0,0.0,101000,36,Personal,Rural,Graduate,Male,Govt,1
APP104875,8000,3700,Self-Employed,30,Single,2.0,,0,6.9,1900.0,0.0,302000,360,Business,Urban,Graduate,Male,Private,0
APP104876,8000,0,Self-Employed,41,Married,1.0,650.0,2,90.0,10000.0,35000.0,177000,12,Personal,Urban,Graduate,Male,Self,0
APP104877,8000,0,Self-Employed,62,Single,0.0,567.0,2,5.0,36600.0,3000.0,58000,240,Personal,Urban,Graduate,Male,Govt,0
APP104878,8000,3000,Salaried,43,Single,2.0,751.0,1,5.7,1600.0,60000.0,206000,360,Education,Urban,Graduate,Female,Private,1
APP104879,8000,0,Business,39,Married,3.0,647.0,0,6.3,2200.0,170000.0,203000,360,Home,Urban,Graduate,Male,Govt,1
APP104880,8000,0,Salaried,24,Single,1.0,434.0,0,61.8,5800.0,,207000,36,Personal,Rural,Undergraduate,Male,Private,0
APP104881,8000,0,Salaried,45,Married,1.0,644.0,0,5.0,2100.0,21000.0,64000,240,Business,Rural,Undergraduate,Male,Govt,1
APP104882,8000,3000,Business,46,Married,0.0,669.0,0,18.3,16100.0,20000.0,87000,36,Education,Rural,Postgraduate,Male,Govt,0
APP104883,8000,3000,Salaried,41,Married,3.0,682.0,4,22.3,1400.0,0.0,271000,120,Business,Semi-Urban,Graduate,Female,Private,0
APP104884,8000,3000,Salaried,39,Married,0.0,696.0,0,5.0,16000.0,122000.0,127000,240,Home,Semi-Urban,Postgraduate,Male,Self,0
APP104885,8000,0,Business,65,Single,2.0,731.0,1,18.5,22100.0,196000.0,162000,120,Home,Rural,Postgraduate,Female,Govt,1
APP104886,8000,3000,Salaried,46,Married,3.0,668.0,0,19.2,15600.0,254000.0,227000,120,Home,Rural,Undergraduate,Female,Private,1
APP104887,10600,0,Self-Employed,50,Married,2.0,679.0,1,60.7,8300.0,77000.0,224000,36,Education,Semi-Urban,Postgraduate,Female,Govt,0
APP104888,8000,0,Salaried,38,Single,2.0,681.0,0,36.9,13800.0,51000.0,113000,36,Personal,Urban,Postgraduate,Male,Self,1
APP104889,8000,0,Self-Employed,36,Single,1.0,626.0,2,17.4,2600.0,50000.0,56000,36,Home,Urban,Undergraduate,Male,Private,0
APP104890,8000,0,Salaried,44,Single,3.0,723.0,1,5.9,10500.0,42000.0,151000,360,Business,Semi-Urban,Graduate,Female,Private,1
APP104891,8000,3000,Salaried,36,Married,2.0,756.0,0,90.0,,118000.0,202000,12,Personal,Urban,Graduate,Male,Private,0
APP104892,8000,0,Self-Employed,37,Married,0.0,668.0,1,8.1,19700.0,39000.0,131000,240,Education,Rural,Postgraduate,Female,Govt,1
APP104893,8000,0,Salaried,42,Single,0.0,619.0,2,5.9,16500.0,52000.0,102000,240,Personal,Semi-Urban,Graduate,Female,Private,1
APP104894,8000,0,Salaried,32,Married,1.0,582.0,0,15.7,3600.0,221000.0,210000,180,Home,Semi-Urban,Graduate,Female,Govt,0
APP104895,8000,0,Salaried,40,Married,2.0,687.0,3,7.4,11500.0,0.0,119000,240,Personal,Urban,Postgraduate,Male,Private,0
APP104896,8000,0,Salaried,38,Married,2.0,581.0,1,5.0,12000.0,58000.0,72000,240,Home,Semi-Urban,Graduate,Female,Private,0
APP104897,8000,0,Salaried,47,Married,2.0,678.0,2,11.3,5000.0,243000.0,194000,180,Home,Semi-Urban,Postgraduate,Female,Private,1
APP104898,8000,0,Salaried,31,Married,0.0,675.0,2,16.4,8300.0,53000.0,170000,120,Personal,Semi-Urban,Undergraduate,Female,Govt,1
APP104899,8000,0,Business,21,Married,1.0,776.0,0,5.0,13500.0,0.0,107000,360,Business,Urban,Graduate,Male,Govt,0
APP104900,8000,0,Salaried,34,Married,1.0,788.0,2,5.0,5100.0,28000.0,77000,360,Personal,Rural,Graduate,Male,Self,1
APP104901,8000,0,Salaried,41,Married,1.0,398.0,1,5.5,3300.0,43000.0,132000,240,Personal,Semi-Urban,Graduate,Male,Private,0
APP104902,8000,0,Salaried,47,Married,0.0,661.0,0,11.5,10200.0,0.0,61000,60,Personal,Semi-Urban,Graduate,Male,Govt,0
APP104903,8000,3000,Salaried,31,Married,1.0,466.0,3,10.4,35700.0,145000.0,125000,120,Home,Rural,Graduate,Male,Govt,0
APP104904,8000,0,Business,43,Single,1.0,776.0,1,17.2,7000.0,0.0,233000,180,Business,Rural,Graduate,Female,Self,0
APP104905,8000,3000,Salaried,49,Single,1.0,677.0,0,5.0,5700.0,62000.0,106000,240,Education,Urban,Graduate,Male,Self,1
APP104906,8000,3000,Business,45,Married,1.0,783.0,0,6.2,3700.0,124000.0,139000,240,Home,Rural,Graduate,Female,Self,1
APP104907,8000,0,Salaried,30,Married,1.0,695.0,1,6.0,25600.0,17000.0,75000,180,Education,Urban,Postgraduate,Male,Private,1
APP104908,8000,3000,Self-Employed,31,Married,0.0,558.0,0,11.9,19400.0,283000.0,307000,240,Home,Semi-Urban,Undergraduate,Male,Private,1
APP104909,8000,3000,Salaried,42,Married,2.0,592.0,0,90.0,7000.0,396000.0,310000,12,Home,Urban,Undergraduate,Male,Private,0
APP104910,8000,3000,Business,54,Married,0.0,643.0,3,5.0,3700.0,73000.0,82000,240,Home,Semi-Urban,Postgraduate,Male,Private,0
APP104911,8000,3000,Self-Employed,38,Married,2.0,723.0,1,53.2,3700.0,268000.0,303000,60,Home,Semi-Urban,Graduate,Female,Govt,0
APP104912,8000,3000,Salaried,36,Single,0.0,677.0,1,5.0,3400.0,,104000,240,Personal,Semi-Urban,Postgraduate,Male,Govt,1
APP104913,8000,3000,Salaried,24,Single,1.0,695.0,0,48.0,4900.0,0.0,171000,36,Personal,Semi-Urban,Graduate,Male,Govt,0
APP104914,8000,0,Salaried,34,Married,2.0,647.0,0,62.1,4600.0,73000.0,161000,36,Personal,Semi-Urban,Graduate,Male,Private,0
APP104915,8000,0,Business,30,Married,0.0,781.0,0,90.0,3900.0,113000.0,137000,12,Home,Urban,Undergraduate,Female,Private,0
APP104916,8000,3000,Salaried,38,Single,3.0,677.0,2,5.0,24700.0,0.0,102000,360,Personal,Rural,Graduate,Male,Private,0
APP104917,8000,0,Salaried,22,Married,0.0,684.0,0,11.8,39500.0,255000.0,200000,240,Home,Semi-Urban,Graduate,Male,Self,1
APP104918,8000,3000,Self-Employed,34,Single,0.0,706.0,0,21.1,2700.0,23000.0,247000,120,Personal,Semi-Urban,Undergraduate,Male,Private,1
APP104919,8000,3700,Salaried,27,Married,2.0,626.0,2,12.7,4600.0,407000.0,334000,240,Home,Rural,Undergraduate,Male,Private,0
APP104920,8000,0,Business,47,Single,2.0,632.0,2,5.9,3100.0,16000.0,116000,240,Personal,Urban,Graduate,Male,Self,0
APP104921,8000,3000,Self-Employed,29,Single,0.0,715.0,1,7.0,11100.0,212000.0,180000,240,Home,Semi-Urban,Graduate,Female,Private,1
APP104922,8800,3000,Self-Employed,32,Single,3.0,741.0,1,8.1,5800.0,4000.0,170000,180,Personal,Semi-Urban,Postgraduate,Male,Govt,1
APP104923,8000,3000,Business,40,Married,1.0,759.0,0,71.0,2900.0,0.0,83000,12,Business,Urban,Postgraduate,Male,Self,0
APP104924,8000,0,Salaried,33,Married,0.0,662.0,0,11.1,42300.0,0.0,59000,60,Personal,Urban,Graduate,Male,Govt,0
APP104925,8000,3100,Salaried,61,Married,2.0,667.0,3,63.6,13200.0,225000.0,269000,36,Home,Rural,Postgraduate,Male,Private,0
APP104926,8000,3000,Salaried,47,Single,1.0,625.0,0,5.5,3000.0,155000.0,141000,240,Home,Urban,Undergraduate,Male,Private,1
APP104927,8000,0,Salaried,38,Married,0.0,742.0,1,35.3,36600.0,,142000,60,Business,Semi-Urban,Graduate,Female,Private,0
APP104928,8000,3000,Self-Employed,41,Married,2.0,586.0,1,16.3,2600.0,0.0,324000,180,Education,Semi-Urban,Undergraduate,Female,Private,0
APP104929,8000,3000,Business,21,Married,2.0,691.0,1,5.0,15000.0,37000.0,71000,120,Business,Semi-Urban,Undergraduate,Female,Private,1
APP104930,8000,3000,Salaried,50,Married,1.0,759.0,0,54.8,90900.0,37000.0,203000,36,Education,Semi-Urban,Graduate,Female,Private,0
APP104931,8000,0,Salaried,43,Married,2.0,683.0,1,5.3,7100.0,0.0,147000,360,Business,Rural,Undergraduate,Male,Self,0
APP104932,8000,0,Business,37,Married,2.0,707.0,0,9.5,6100.0,0.0,240000,360,Business,Urban,Graduate,Male,Private,0
APP104933,8000,0,Salaried,43,Married,0.0,655.0,0,82.5,9600.0,0.0,208000,36,Personal,Semi-Urban,Postgraduate,Male,Private,0
APP104934,8000,3000,Salaried,44,Married,2.0,505.0,1,5.0,75000.0,,84000,360,Home,Semi-Urban,Undergraduate,Male,Private,0
APP104935,8000,0,Salaried,33,Single,0.0,611.0,1,5.0,35500.0,32000.0,78000,180,Education,Urban,Graduate,Male,Self,1
APP104936,8000,0,Business,41,Single,1.0,675.0,1,5.0,5200.0,0.0,55000,240,Business,Rural,Postgraduate,Male,Private,0
APP104937,8000,3000,Self-Employed,48,Single,3.0,609.0,1,19.0,11000.0,13000.0,118000,60,Business,Rural,Undergraduate,Female,Self,0
APP104938,8000,0,Self-Employed,42,Married,2.0,723.0,0,26.5,20400.0,100000.0,89000,36,Home,Urban,Graduate,Female,Govt,1
APP104939,8000,0,Business,35,Single,0.0,548.0,0,5.0,5300.0,27000.0,65000,360,Education,Semi-Urban,Graduate,Female,Govt,0
APP104940,8100,0,Salaried,40,Married,1.0,,0,6.1,2600.0,27000.0,151000,360,Business,Semi-Urban,Graduate,Female,Govt,0
APP104941,8000,0,Salaried,51,Married,1.0,726.0,2,17.8,24000.0,,235000,180,Personal,Semi-Urban,Postgraduate,Male,Govt,1
APP104942,8000,0,Business,45,Married,0.0,651.0,0,5.8,13500.0,81000.0,202000,360,Business,Rural,Undergraduate,Male,Private,1
APP104943,8000,0,Salaried,26,Married,2.0,711.0,0,5.0,11100.0,24000.0,87000,240,Business,Semi-Urban,Undergraduate,Female,Self,1
APP104944,8000,0,Self-Employed,43,Married,2.0,609.0,3,38.4,24500.0,84000.0,198000,60,Business,Semi-Urban,Graduate,Male,Private,0
APP104945,8000,0,Business,42,Single,2.0,730.0,0,20.3,2600.0,260000.0,237000,120,Home,Urban,Postgraduate,Male,Self,1
APP104946,8000,3000,Self-Employed,49,Married,1.0,802.0,0,82.0,6400.0,234000.0,287000,36,Home,Semi-Urban,Graduate,Male,Govt,0
APP104947,8000,3000,Self-Employed,38,Married,0.0,792.0,2,6.0,113300.0,228000.0,190000,240,Home,Semi-Urban,Graduate,Male,Self,1
APP104948,8000,0,Business,34,Married,2.0,621.0,0,5.0,14300.0,0.0,100000,360,Business,Semi-Urban,Graduate,Male,Govt,0
APP104949,8000,0,Business,24,Married,0.0,642.0,0,12.4,15200.0,0.0,192000,180,Education,Semi-Urban,Graduate,Male,Self,0
APP104950,8000,3000,Salaried,31,Married,0.0,679.0,2,9.7,9000.0,241000.0,274000,240,Home,Urban,Postgraduate,Male,Govt,1
APP104951,8000,0,Salaried,50,Married,3.0,824.0,3,5.0,1300.0,130000.0,105000,240,Home,Urban,Undergraduate,Female,Self,1
APP104952,8000,0,Salaried,39,Single,2.0,576.0,0,22.6,3600.0,10000.0,91000,60,Education,Semi-Urban,Postgraduate,Male,Private,0
APP104953,8000,3000,Self-Employed,37,Married,1.0,576.0,0,21.8,20200.0,16000.0,243000,120,Business,Semi-Urban,Postgraduate,Male,Private,0
APP104954,8000,0,Salaried,50,Married,0.0,750.0,1,23.9,,121000.0,219000,120,Personal,Semi-Urban,Graduate,Male,Private,1
APP104955,8000,0,Self-Employed,48,Single,0.0,620.0,0,5.0,6800.0,0.0,52000,180,Personal,Semi-Urban,Undergraduate,Male,Private,0
APP104956,8000,3000,Salaried,30,Single,1.0,739.0,0,8.9,10800.0,376000.0,327000,360,Home,Urban,Undergraduate,Female,Private,1
APP104957,8000,3000,Self-Employed,50,Single,1.0,627.0,0,21.1,3100.0,0.0,117000,60,Business,Urban,Undergraduate,Female,Self,0
APP104958,8000,0,Salaried,21,Single,2.0,711.0,0,9.6,2200.0,104000.0,115000,180,Home,Urban,Graduate,Female,Private,1
APP104959,8000,0,Self-Employed,42,Married,2.0,618.0,2,5.0,8000.0,14000.0,58000,240,Personal,Rural,Postgraduate,Male,Private,1
APP104960,8000,0,Salaried,41,Married,1.0,589.0,0,17.9,5600.0,75000.0,59000,36,Home,Urban,Postgraduate,Male,Govt,0
APP104961,8000,3000,Salaried,49,Single,1.0,693.0,0,7.9,10200.0,110000.0,138000,180,Home,Semi-Urban,Graduate,Male,Private,1
APP104962,8000,3000,Salaried,41,Single,2.0,554.0,2,57.0,1900.0,279000.0,215000,36,Home,Semi-Urban,Postgraduate,Male,Private,0
APP104963,8000,0,Self-Employed,35,Married,2.0,721.0,0,15.1,4700.0,117000.0,221000,180,Personal,Rural,Undergraduate,Male,Self,1
APP104964,8000,0,Salaried,36,Married,3.0,642.0,2,5.0,16100.0,0.0,61000,240,Personal,Rural,Graduate,Male,Private,0
APP104965,8000,0,Salaried,64,Single,2.0,557.0,0,28.6,154200.0,154000.0,153000,60,Home,Rural,Graduate,Male,Private,0
APP104966,8000,3000,Business,38,Married,0.0,698.0,1,5.0,9100.0,210000.0,176000,360,Home,Semi-Urban,Postgraduate,Female,Private,1
APP104967,8000,0,Self-Employed,43,Married,3.0,689.0,2,22.4,15800.0,30000.0,238000,120,Business,Semi-Urban,Graduate,Male,Private,0
APP104968,8000,0,Business,21,Married,0.0,468.0,0,17.3,13200.0,86000.0,84000,60,Home,Rural,Postgraduate,Female,Private,0
APP104969,8000,0,Salaried,29,Single,3.0,675.0,0,9.0,10900.0,106000.0,119000,180,Home,Rural,Postgraduate,Male,Private,1
APP104970,9000,0,Salaried,43,Single,2.0,672.0,1,5.0,16000.0,21000.0,61000,360,Education,Rural,Graduate,Male,Private,1
APP104971,8000,0,Business,21,Married,1.0,680.0,1,63.6,3100.0,109000.0,224000,36,Business,Semi-Urban,Undergraduate,Female,Govt,0
APP104972,8000,0,Salaried,43,Married,0.0,,0,19.6,5700.0,,168000,120,Home,Semi-Urban,Postgraduate,Female,Self,0
APP104973,8000,3000,Self-Employed,30,Married,0.0,679.0,4,7.1,10400.0,56000.0,221000,240,Business,Semi-Urban,Undergraduate,Male,Govt,0
APP104974,8000,3200,Salaried,27,Married,0.0,710.0,2,7.0,3100.0,0.0,80000,120,Education,Semi-Urban,Undergraduate,Male,Self,0
APP104975,8000,0,Salaried,30,Married,2.0,595.0,0,25.8,,0.0,67000,36,Education,Rural,Undergraduate,Male,Govt,0
APP104976,8000,3900,Salaried,53,Married,1.0,546.0,1,19.9,,314000.0,297000,120,Home,Rural,Graduate,Male,Govt,0
APP104977,8000,0,Salaried,41,Married,1.0,591.0,0,5.3,18300.0,61000.0,153000,360,Personal,Semi-Urban,Graduate,Female,Private,1
APP104978,8000,0,Salaried,28,Single,3.0,691.0,0,5.0,7000.0,71000.0,86000,360,Home,Urban,Graduate,Female,Private,1
APP104979,8000,0,Salaried,45,Single,0.0,568.0,0,90.0,16200.0,35000.0,154000,12,Personal,Rural,Graduate,Male,Private,0
APP104980,8000,3000,Business,46,Married,2.0,550.0,1,19.4,22000.0,258000.0,322000,180,Home,Urban,Undergraduate,Male,Private,0
APP104981,8000,3000,Salaried,34,Married,1.0,868.0,0,28.2,33200.0,19000.0,93000,36,Education,Urban,Graduate,Male,Private,1
APP104982,8000,3000,Self-Employed,47,Single,0.0,671.0,1,10.0,10600.0,11000.0,322000,240,Business,Semi-Urban,Undergraduate,Male,Private,1
APP104983,8000,0,Business,48,Married,2.0,643.0,1,90.0,1400.0,66000.0,197000,12,Personal,Urban,Graduate,Female,Private,0
APP104984,8000,3000,Self-Employed,46,Single,1.0,603.0,2,86.6,1400.0,121000.0,104000,12,Home,Urban,Graduate,Female,Private,0
APP104985,8000,3000,Salaried,31,Married,0.0,625.0,2,11.9,2300.0,,281000,240,Personal,Urban,Undergraduate,Male,Self,1
APP104986,8000,3000,Self-Employed,26,Single,1.0,834.0,1,77.2,16700.0,98000.0,262000,36,Personal,Urban,Graduate,Male,Private,0
APP104987,8000,0,Self-Employed,21,Single,2.0,753.0,0,17.1,2000.0,154000.0,158000,120,Home,Semi-Urban,Undergraduate,Male,Private,1
APP104988,8000,0,Self-Employed,31,Single,0.0,862.0,4,6.2,6400.0,24000.0,197000,360,Education,Urban,Graduate,Male,Self,1
APP104989,8000,3000,Self-Employed,34,Single,1.0,,0,5.0,5300.0,127000.0,103000,360,Home,Semi-Urban,Undergraduate,Female,Self,1
APP104990,8000,3000,Business,35,Single,2.0,585.0,1,36.2,11600.0,0.0,257000,60,Education,Urban,Postgraduate,Male,Private,0
APP104991,8000,0,Self-Employed,37,Married,2.0,696.0,1,11.1,16600.0,0.0,171000,180,Personal,Rural,Undergraduate,Male,Private,0
APP104992,8000,3600,Salaried,55,Married,2.0,729.0,0,7.5,8900.0,131000.0,149000,180,Home,Urban,Graduate,Male,Self,1
APP104993,8000,3000,Self-Employed,34,Married,0.0,735.0,0,11.5,18100.0,205000.0,248000,180,Home,Urban,Graduate,Female,Govt,1
APP104994,8000,3000,Salaried,37,Single,1.0,640.0,0,6.7,2700.0,287000.0,245000,360,Home,Urban,Undergraduate,Male,Govt,1
APP104995,8000,3000,Business,21,Single,2.0,842.0,0,5.6,22500.0,0.0,129000,240,Business,Semi-Urban,Undergraduate,Female,Private,1
APP104996,8000,3000,Salaried,60,Married,0.0,549.0,2,5.0,9200.0,22000.0,105000,240,Personal,Semi-Urban,Graduate,Female,Private,0
APP104997,8000,0,Salaried,24,Married,1.0,702.0,1,21.3,17300.0,113000.0,118000,60,Home,Semi-Urban,Graduate,Female,Self,1
APP104998,8000,0,Business,30,Single,2.0,653.0,0,12.8,4800.0,39000.0,125000,120,Education,Rural,Graduate,Male,Private,0
APP104999,8000,3000,Self-Employed,44,Married,2.0,602.0,1,15.7,1000.0,298000.0,284000,180,Home,Rural,Graduate,Male,Self,0
